{"type":"Topology","objects":{"transit":{"type":"GeometryCollection","geometries":[{"type":null,"properties":{"OID_":0,"Origin_Lat":33.993196,"Origin_Lon":-83.712763,"Dest_Lat":33.993196,"Dest_Long":-83.712763,"Shape_Leng":0,"Origin_FIP":null,"ID":"33.993196--83.712763-33.993196--83.712763","Origin_F_1":13013,"Origin_Cou":"BARROW","Dest_FIPS":13013,"Dest_Count":"BARROW","Index":"33.993196--83.712763-33.993196--83.712763"}},{"type":null,"properties":{"OID_":0,"Origin_Lat":34.237855,"Origin_Lon":-84.840499,"Dest_Lat":34.237855,"Dest_Long":-84.840499,"Shape_Leng":0,"Origin_FIP":null,"ID":"34.237855--84.840499-34.237855--84.840499","Origin_F_1":13015,"Origin_Cou":"BARTOW","Dest_FIPS":13015,"Dest_Count":"BARTOW","Index":"34.237855--84.840499-34.237855--84.840499"}},{"type":null,"properties":{"OID_":0,"Origin_Lat":33.582817,"Origin_Lon":-85.079743,"Dest_Lat":33.582817,"Dest_Long":-85.079743,"Shape_Leng":0,"Origin_FIP":null,"ID":"33.582817--85.079743-33.582817--85.079743","Origin_F_1":13045,"Origin_Cou":"CARROLL","Dest_FIPS":13045,"Dest_Count":"CARROLL","Index":"33.582817--85.079743-33.582817--85.079743"}},{"type":null,"properties":{"OID_":0,"Origin_Lat":34.243933,"Origin_Lon":-84.4762,"Dest_Lat":34.243933,"Dest_Long":-84.4762,"Shape_Leng":0,"Origin_FIP":null,"ID":"34.243933--84.4762-34.243933--84.4762","Origin_F_1":13057,"Origin_Cou":"CHEROKEE","Dest_FIPS":13057,"Dest_Count":"CHEROKEE","Index":"34.243933--84.4762-34.243933--84.4762"}},{"type":null,"properties":{"OID_":0,"Origin_Lat":33.541885,"Origin_Lon":-84.357686,"Dest_Lat":33.541885,"Dest_Long":-84.357686,"Shape_Leng":0,"Origin_FIP":null,"ID":"33.541885--84.357686-33.541885--84.357686","Origin_F_1":13063,"Origin_Cou":"CLAYTON","Dest_FIPS":13063,"Dest_Count":"CLAYTON","Index":"33.541885--84.357686-33.541885--84.357686"}},{"type":null,"properties":{"OID_":0,"Origin_Lat":33.94147,"Origin_Lon":-84.576672,"Dest_Lat":33.94147,"Dest_Long":-84.576672,"Shape_Leng":0,"Origin_FIP":null,"ID":"33.94147--84.576672-33.94147--84.576672","Origin_F_1":13067,"Origin_Cou":"COBB","Dest_FIPS":13067,"Dest_Count":"COBB","Index":"33.94147--84.576672-33.94147--84.576672"}},{"type":null,"properties":{"OID_":0,"Origin_Lat":33.353456,"Origin_Lon":-84.763366,"Dest_Lat":33.353456,"Dest_Long":-84.763366,"Shape_Leng":0,"Origin_FIP":null,"ID":"33.353456--84.763366-33.353456--84.763366","Origin_F_1":13077,"Origin_Cou":"COWETA","Dest_FIPS":13077,"Dest_Count":"COWETA","Index":"33.353456--84.763366-33.353456--84.763366"}},{"type":null,"properties":{"OID_":0,"Origin_Lat":34.444298,"Origin_Lon":-84.170636,"Dest_Lat":34.444298,"Dest_Long":-84.170636,"Shape_Leng":0,"Origin_FIP":null,"ID":"34.444298--84.170636-34.444298--84.170636","Origin_F_1":13085,"Origin_Cou":"DAWSON","Dest_FIPS":13085,"Dest_Count":"DAWSON","Index":"34.444298--84.170636-34.444298--84.170636"}},{"type":null,"properties":{"OID_":0,"Origin_Lat":33.771529,"Origin_Lon":-84.226408,"Dest_Lat":33.771529,"Dest_Long":-84.226408,"Shape_Leng":0,"Origin_FIP":null,"ID":"33.771529--84.226408-33.771529--84.226408","Origin_F_1":13089,"Origin_Cou":"DEKALB","Dest_FIPS":13089,"Dest_Count":"DEKALB","Index":"33.771529--84.226408-33.771529--84.226408"}},{"type":null,"properties":{"OID_":0,"Origin_Lat":33.701821,"Origin_Lon":-84.767927,"Dest_Lat":33.701821,"Dest_Long":-84.767927,"Shape_Leng":0,"Origin_FIP":null,"ID":"33.701821--84.767927-33.701821--84.767927","Origin_F_1":13097,"Origin_Cou":"DOUGLAS","Dest_FIPS":13097,"Dest_Count":"DOUGLAS","Index":"33.701821--84.767927-33.701821--84.767927"}},{"type":null,"properties":{"OID_":0,"Origin_Lat":33.413943,"Origin_Lon":-84.494192,"Dest_Lat":33.413943,"Dest_Long":-84.494192,"Shape_Leng":0,"Origin_FIP":null,"ID":"33.413943--84.494192-33.413943--84.494192","Origin_F_1":13113,"Origin_Cou":"FAYETTE","Dest_FIPS":13113,"Dest_Count":"FAYETTE","Index":"33.413943--84.494192-33.413943--84.494192"}},{"type":null,"properties":{"OID_":0,"Origin_Lat":34.225515,"Origin_Lon":-84.12502,"Dest_Lat":34.225515,"Dest_Long":-84.12502,"Shape_Leng":0,"Origin_FIP":null,"ID":"34.225515--84.12502-34.225515--84.12502","Origin_F_1":13117,"Origin_Cou":"FORSYTH","Dest_FIPS":13117,"Dest_Count":"FORSYTH","Index":"34.225515--84.12502-34.225515--84.12502"}},{"type":null,"properties":{"OID_":0,"Origin_Lat":33.790252,"Origin_Lon":-84.467018,"Dest_Lat":33.790252,"Dest_Long":-84.467018,"Shape_Leng":0,"Origin_FIP":null,"ID":"33.790252--84.467018-33.790252--84.467018","Origin_F_1":13121,"Origin_Cou":"FULTON","Dest_FIPS":13121,"Dest_Count":"FULTON","Index":"33.790252--84.467018-33.790252--84.467018"}},{"type":null,"properties":{"OID_":0,"Origin_Lat":33.961729,"Origin_Lon":-84.023628,"Dest_Lat":33.961729,"Dest_Long":-84.023628,"Shape_Leng":0,"Origin_FIP":null,"ID":"33.961729--84.023628-33.961729--84.023628","Origin_F_1":13135,"Origin_Cou":"GWINNETT","Dest_FIPS":13135,"Dest_Count":"GWINNETT","Index":"33.961729--84.023628-33.961729--84.023628"}},{"type":null,"properties":{"OID_":0,"Origin_Lat":34.316889,"Origin_Lon":-83.819681,"Dest_Lat":34.316889,"Dest_Long":-83.819681,"Shape_Leng":0,"Origin_FIP":null,"ID":"34.316889--83.819681-34.316889--83.819681","Origin_F_1":13139,"Origin_Cou":"HALL","Dest_FIPS":13139,"Dest_Count":"HALL","Index":"34.316889--83.819681-34.316889--83.819681"}},{"type":null,"properties":{"OID_":0,"Origin_Lat":33.453003,"Origin_Lon":-84.154196,"Dest_Lat":33.453003,"Dest_Long":-84.154196,"Shape_Leng":0,"Origin_FIP":null,"ID":"33.453003--84.154196-33.453003--84.154196","Origin_F_1":13151,"Origin_Cou":"HENRY","Dest_FIPS":13151,"Dest_Count":"HENRY","Index":"33.453003--84.154196-33.453003--84.154196"}},{"type":null,"properties":{"OID_":0,"Origin_Lat":33.555049,"Origin_Lon":-83.850187,"Dest_Lat":33.555049,"Dest_Long":-83.850187,"Shape_Leng":0,"Origin_FIP":null,"ID":"33.555049--83.850187-33.555049--83.850187","Origin_F_1":13217,"Origin_Cou":"NEWTON","Dest_FIPS":13217,"Dest_Count":"NEWTON","Index":"33.555049--83.850187-33.555049--83.850187"}},{"type":null,"properties":{"OID_":0,"Origin_Lat":33.920546,"Origin_Lon":-84.867288,"Dest_Lat":33.920546,"Dest_Long":-84.867288,"Shape_Leng":0,"Origin_FIP":null,"ID":"33.920546--84.867288-33.920546--84.867288","Origin_F_1":13223,"Origin_Cou":"PAULDING","Dest_FIPS":13223,"Dest_Count":"PAULDING","Index":"33.920546--84.867288-33.920546--84.867288"}},{"type":null,"properties":{"OID_":0,"Origin_Lat":33.654235,"Origin_Lon":-84.026608,"Dest_Lat":33.654235,"Dest_Long":-84.026608,"Shape_Leng":0,"Origin_FIP":null,"ID":"33.654235--84.026608-33.654235--84.026608","Origin_F_1":13247,"Origin_Cou":"ROCKDALE","Dest_FIPS":13247,"Dest_Count":"ROCKDALE","Index":"33.654235--84.026608-33.654235--84.026608"}},{"type":null,"properties":{"OID_":0,"Origin_Lat":33.260868,"Origin_Lon":-84.28416,"Dest_Lat":33.260868,"Dest_Long":-84.28416,"Shape_Leng":0,"Origin_FIP":null,"ID":"33.260868--84.28416-33.260868--84.28416","Origin_F_1":13255,"Origin_Cou":"SPALDING","Dest_FIPS":13255,"Dest_Count":"SPALDING","Index":"33.260868--84.28416-33.260868--84.28416"}},{"type":null,"properties":{"OID_":0,"Origin_Lat":33.781557,"Origin_Lon":-83.733847,"Dest_Lat":33.781557,"Dest_Long":-83.733847,"Shape_Leng":0,"Origin_FIP":null,"ID":"33.781557--83.733847-33.781557--83.733847","Origin_F_1":13297,"Origin_Cou":"WALTON","Dest_FIPS":13297,"Dest_Count":"WALTON","Index":"33.781557--83.733847-33.781557--83.733847"}},{"type":"LineString","arcs":[0],"properties":{"OID_":0,"Origin_Lat":33.993196,"Origin_Lon":-83.712763,"Dest_Lat":34.237855,"Dest_Long":-84.840499,"Shape_Leng":1.15397467186,"Origin_FIP":null,"ID":"33.993196--83.712763-34.237855--84.840499","Origin_F_1":13013,"Origin_Cou":"BARROW","Dest_FIPS":13015,"Dest_Count":"BARTOW","Index":"33.993196--83.712763-34.237855--84.840499"}},{"type":"LineString","arcs":[1],"properties":{"OID_":0,"Origin_Lat":34.237855,"Origin_Lon":-84.840499,"Dest_Lat":33.582817,"Dest_Long":-85.079743,"Shape_Leng":0.697361861472,"Origin_FIP":null,"ID":"34.237855--84.840499-33.582817--85.079743","Origin_F_1":13015,"Origin_Cou":"BARTOW","Dest_FIPS":13045,"Dest_Count":"CARROLL","Index":"34.237855--84.840499-33.582817--85.079743"}},{"type":"LineString","arcs":[2],"properties":{"OID_":0,"Origin_Lat":33.582817,"Origin_Lon":-85.079743,"Dest_Lat":34.243933,"Dest_Long":-84.4762,"Shape_Leng":0.895178840582,"Origin_FIP":null,"ID":"33.582817--85.079743-34.243933--84.4762","Origin_F_1":13045,"Origin_Cou":"CARROLL","Dest_FIPS":13057,"Dest_Count":"CHEROKEE","Index":"33.582817--85.079743-34.243933--84.4762"}},{"type":"LineString","arcs":[3],"properties":{"OID_":0,"Origin_Lat":34.243933,"Origin_Lon":-84.4762,"Dest_Lat":33.541885,"Dest_Long":-84.357686,"Shape_Leng":0.711981234633,"Origin_FIP":null,"ID":"34.243933--84.4762-33.541885--84.357686","Origin_F_1":13057,"Origin_Cou":"CHEROKEE","Dest_FIPS":13063,"Dest_Count":"CLAYTON","Index":"34.243933--84.4762-33.541885--84.357686"}},{"type":"LineString","arcs":[4],"properties":{"OID_":0,"Origin_Lat":33.541885,"Origin_Lon":-84.357686,"Dest_Lat":33.94147,"Dest_Long":-84.576672,"Shape_Leng":0.455657071705,"Origin_FIP":null,"ID":"33.541885--84.357686-33.94147--84.576672","Origin_F_1":13063,"Origin_Cou":"CLAYTON","Dest_FIPS":13067,"Dest_Count":"COBB","Index":"33.541885--84.357686-33.94147--84.576672"}},{"type":"LineString","arcs":[5],"properties":{"OID_":0,"Origin_Lat":33.94147,"Origin_Lon":-84.576672,"Dest_Lat":33.353456,"Dest_Long":-84.763366,"Shape_Leng":0.616940551229,"Origin_FIP":null,"ID":"33.94147--84.576672-33.353456--84.763366","Origin_F_1":13067,"Origin_Cou":"COBB","Dest_FIPS":13077,"Dest_Count":"COWETA","Index":"33.94147--84.576672-33.353456--84.763366"}},{"type":"LineString","arcs":[6],"properties":{"OID_":0,"Origin_Lat":33.353456,"Origin_Lon":-84.763366,"Dest_Lat":34.444298,"Dest_Long":-84.170636,"Shape_Leng":1.24148426272,"Origin_FIP":null,"ID":"33.353456--84.763366-34.444298--84.170636","Origin_F_1":13077,"Origin_Cou":"COWETA","Dest_FIPS":13085,"Dest_Count":"DAWSON","Index":"33.353456--84.763366-34.444298--84.170636"}},{"type":"LineString","arcs":[7],"properties":{"OID_":0,"Origin_Lat":34.444298,"Origin_Lon":-84.170636,"Dest_Lat":33.771529,"Dest_Long":-84.226408,"Shape_Leng":0.675076817161,"Origin_FIP":null,"ID":"34.444298--84.170636-33.771529--84.226408","Origin_F_1":13085,"Origin_Cou":"DAWSON","Dest_FIPS":13089,"Dest_Count":"DEKALB","Index":"34.444298--84.170636-33.771529--84.226408"}},{"type":"LineString","arcs":[8],"properties":{"OID_":0,"Origin_Lat":33.771529,"Origin_Lon":-84.226408,"Dest_Lat":33.701821,"Dest_Long":-84.767927,"Shape_Leng":0.545987673862,"Origin_FIP":null,"ID":"33.771529--84.226408-33.701821--84.767927","Origin_F_1":13089,"Origin_Cou":"DEKALB","Dest_FIPS":13097,"Dest_Count":"DOUGLAS","Index":"33.771529--84.226408-33.701821--84.767927"}},{"type":"LineString","arcs":[9],"properties":{"OID_":0,"Origin_Lat":33.701821,"Origin_Lon":-84.767927,"Dest_Lat":33.413943,"Dest_Long":-84.494192,"Shape_Leng":0.397246580817,"Origin_FIP":null,"ID":"33.701821--84.767927-33.413943--84.494192","Origin_F_1":13097,"Origin_Cou":"DOUGLAS","Dest_FIPS":13113,"Dest_Count":"FAYETTE","Index":"33.701821--84.767927-33.413943--84.494192"}},{"type":"LineString","arcs":[10],"properties":{"OID_":0,"Origin_Lat":33.413943,"Origin_Lon":-84.494192,"Dest_Lat":34.225515,"Dest_Long":-84.12502,"Shape_Leng":0.89159463145,"Origin_FIP":null,"ID":"33.413943--84.494192-34.225515--84.12502","Origin_F_1":13113,"Origin_Cou":"FAYETTE","Dest_FIPS":13117,"Dest_Count":"FORSYTH","Index":"33.413943--84.494192-34.225515--84.12502"}},{"type":"LineString","arcs":[11],"properties":{"OID_":0,"Origin_Lat":34.225515,"Origin_Lon":-84.12502,"Dest_Lat":33.790252,"Dest_Long":-84.467018,"Shape_Leng":0.553549859029,"Origin_FIP":null,"ID":"34.225515--84.12502-33.790252--84.467018","Origin_F_1":13117,"Origin_Cou":"FORSYTH","Dest_FIPS":13121,"Dest_Count":"FULTON","Index":"34.225515--84.12502-33.790252--84.467018"}},{"type":"LineString","arcs":[12],"properties":{"OID_":0,"Origin_Lat":33.790252,"Origin_Lon":-84.467018,"Dest_Lat":33.961729,"Dest_Long":-84.023628,"Shape_Leng":0.475393975835,"Origin_FIP":null,"ID":"33.790252--84.467018-33.961729--84.023628","Origin_F_1":13121,"Origin_Cou":"FULTON","Dest_FIPS":13135,"Dest_Count":"GWINNETT","Index":"33.790252--84.467018-33.961729--84.023628"}},{"type":"LineString","arcs":[13],"properties":{"OID_":0,"Origin_Lat":33.961729,"Origin_Lon":-84.023628,"Dest_Lat":34.316889,"Dest_Long":-83.819681,"Shape_Leng":0.409552479668,"Origin_FIP":null,"ID":"33.961729--84.023628-34.316889--83.819681","Origin_F_1":13135,"Origin_Cou":"GWINNETT","Dest_FIPS":13139,"Dest_Count":"HALL","Index":"33.961729--84.023628-34.316889--83.819681"}},{"type":"LineString","arcs":[14],"properties":{"OID_":0,"Origin_Lat":34.316889,"Origin_Lon":-83.819681,"Dest_Lat":33.453003,"Dest_Long":-84.154196,"Shape_Leng":0.926392466813,"Origin_FIP":null,"ID":"34.316889--83.819681-33.453003--84.154196","Origin_F_1":13139,"Origin_Cou":"HALL","Dest_FIPS":13151,"Dest_Count":"HENRY","Index":"34.316889--83.819681-33.453003--84.154196"}},{"type":"LineString","arcs":[15],"properties":{"OID_":0,"Origin_Lat":33.453003,"Origin_Lon":-84.154196,"Dest_Lat":33.555049,"Dest_Long":-83.850187,"Shape_Leng":0.320678859765,"Origin_FIP":null,"ID":"33.453003--84.154196-33.555049--83.850187","Origin_F_1":13151,"Origin_Cou":"HENRY","Dest_FIPS":13217,"Dest_Count":"NEWTON","Index":"33.453003--84.154196-33.555049--83.850187"}},{"type":"LineString","arcs":[16],"properties":{"OID_":0,"Origin_Lat":33.555049,"Origin_Lon":-83.850187,"Dest_Lat":33.920546,"Dest_Long":-84.867288,"Shape_Leng":1.08078316982,"Origin_FIP":null,"ID":"33.555049--83.850187-33.920546--84.867288","Origin_F_1":13217,"Origin_Cou":"NEWTON","Dest_FIPS":13223,"Dest_Count":"PAULDING","Index":"33.555049--83.850187-33.920546--84.867288"}},{"type":"LineString","arcs":[17],"properties":{"OID_":0,"Origin_Lat":33.920546,"Origin_Lon":-84.867288,"Dest_Lat":33.654235,"Dest_Long":-84.026608,"Shape_Leng":0.881855171979,"Origin_FIP":null,"ID":"33.920546--84.867288-33.654235--84.026608","Origin_F_1":13223,"Origin_Cou":"PAULDING","Dest_FIPS":13247,"Dest_Count":"ROCKDALE","Index":"33.920546--84.867288-33.654235--84.026608"}},{"type":"LineString","arcs":[18],"properties":{"OID_":0,"Origin_Lat":33.654235,"Origin_Lon":-84.026608,"Dest_Lat":33.260868,"Dest_Long":-84.28416,"Shape_Leng":0.470181935169,"Origin_FIP":null,"ID":"33.654235--84.026608-33.260868--84.28416","Origin_F_1":13247,"Origin_Cou":"ROCKDALE","Dest_FIPS":13255,"Dest_Count":"SPALDING","Index":"33.654235--84.026608-33.260868--84.28416"}},{"type":"LineString","arcs":[19],"properties":{"OID_":0,"Origin_Lat":33.260868,"Origin_Lon":-84.28416,"Dest_Lat":33.781557,"Dest_Long":-83.733847,"Shape_Leng":0.757604634448,"Origin_FIP":null,"ID":"33.260868--84.28416-33.781557--83.733847","Origin_F_1":13255,"Origin_Cou":"SPALDING","Dest_FIPS":13297,"Dest_Count":"WALTON","Index":"33.260868--84.28416-33.781557--83.733847"}},{"type":"LineString","arcs":[20],"properties":{"OID_":0,"Origin_Lat":33.781557,"Origin_Lon":-83.733847,"Dest_Lat":33.993196,"Dest_Long":-83.712763,"Shape_Leng":0.212686629314,"Origin_FIP":null,"ID":"33.781557--83.733847-33.993196--83.712763","Origin_F_1":13297,"Origin_Cou":"WALTON","Dest_FIPS":13013,"Dest_Count":"BARROW","Index":"33.781557--83.733847-33.993196--83.712763"}},{"type":"LineString","arcs":[21],"properties":{"OID_":0,"Origin_Lat":33.993196,"Origin_Lon":-83.712763,"Dest_Lat":33.582817,"Dest_Long":-85.079743,"Shape_Leng":1.42726069568,"Origin_FIP":null,"ID":"33.993196--83.712763-33.582817--85.079743","Origin_F_1":13013,"Origin_Cou":"BARROW","Dest_FIPS":13045,"Dest_Count":"CARROLL","Index":"33.993196--83.712763-33.582817--85.079743"}},{"type":"LineString","arcs":[22],"properties":{"OID_":0,"Origin_Lat":34.237855,"Origin_Lon":-84.840499,"Dest_Lat":34.243933,"Dest_Long":-84.4762,"Shape_Leng":0.364349833488,"Origin_FIP":null,"ID":"34.237855--84.840499-34.243933--84.4762","Origin_F_1":13015,"Origin_Cou":"BARTOW","Dest_FIPS":13057,"Dest_Count":"CHEROKEE","Index":"34.237855--84.840499-34.243933--84.4762"}},{"type":"LineString","arcs":[23],"properties":{"OID_":0,"Origin_Lat":33.582817,"Origin_Lon":-85.079743,"Dest_Lat":33.541885,"Dest_Long":-84.357686,"Shape_Leng":0.723217284289,"Origin_FIP":null,"ID":"33.582817--85.079743-33.541885--84.357686","Origin_F_1":13045,"Origin_Cou":"CARROLL","Dest_FIPS":13063,"Dest_Count":"CLAYTON","Index":"33.582817--85.079743-33.541885--84.357686"}},{"type":"LineString","arcs":[24],"properties":{"OID_":0,"Origin_Lat":34.243933,"Origin_Lon":-84.4762,"Dest_Lat":33.94147,"Dest_Long":-84.576672,"Shape_Leng":0.318713870098,"Origin_FIP":null,"ID":"34.243933--84.4762-33.94147--84.576672","Origin_F_1":13057,"Origin_Cou":"CHEROKEE","Dest_FIPS":13067,"Dest_Count":"COBB","Index":"34.243933--84.4762-33.94147--84.576672"}},{"type":"LineString","arcs":[25],"properties":{"OID_":0,"Origin_Lat":33.541885,"Origin_Lon":-84.357686,"Dest_Lat":33.353456,"Dest_Long":-84.763366,"Shape_Leng":0.44730533921,"Origin_FIP":null,"ID":"33.541885--84.357686-33.353456--84.763366","Origin_F_1":13063,"Origin_Cou":"CLAYTON","Dest_FIPS":13077,"Dest_Count":"COWETA","Index":"33.541885--84.357686-33.353456--84.763366"}},{"type":"LineString","arcs":[26],"properties":{"OID_":0,"Origin_Lat":33.94147,"Origin_Lon":-84.576672,"Dest_Lat":34.444298,"Dest_Long":-84.170636,"Shape_Leng":0.646299473346,"Origin_FIP":null,"ID":"33.94147--84.576672-34.444298--84.170636","Origin_F_1":13067,"Origin_Cou":"COBB","Dest_FIPS":13085,"Dest_Count":"DAWSON","Index":"33.94147--84.576672-34.444298--84.170636"}},{"type":"LineString","arcs":[27],"properties":{"OID_":0,"Origin_Lat":33.353456,"Origin_Lon":-84.763366,"Dest_Lat":33.771529,"Dest_Long":-84.226408,"Shape_Leng":0.680522624685,"Origin_FIP":null,"ID":"33.353456--84.763366-33.771529--84.226408","Origin_F_1":13077,"Origin_Cou":"COWETA","Dest_FIPS":13089,"Dest_Count":"DEKALB","Index":"33.353456--84.763366-33.771529--84.226408"}},{"type":"LineString","arcs":[28],"properties":{"OID_":0,"Origin_Lat":34.444298,"Origin_Lon":-84.170636,"Dest_Lat":33.701821,"Dest_Long":-84.767927,"Shape_Leng":0.952909734106,"Origin_FIP":null,"ID":"34.444298--84.170636-33.701821--84.767927","Origin_F_1":13085,"Origin_Cou":"DAWSON","Dest_FIPS":13097,"Dest_Count":"DOUGLAS","Index":"34.444298--84.170636-33.701821--84.767927"}},{"type":"LineString","arcs":[29],"properties":{"OID_":0,"Origin_Lat":33.771529,"Origin_Lon":-84.226408,"Dest_Lat":33.413943,"Dest_Long":-84.494192,"Shape_Leng":0.446739740186,"Origin_FIP":null,"ID":"33.771529--84.226408-33.413943--84.494192","Origin_F_1":13089,"Origin_Cou":"DEKALB","Dest_FIPS":13113,"Dest_Count":"FAYETTE","Index":"33.771529--84.226408-33.413943--84.494192"}},{"type":"LineString","arcs":[30],"properties":{"OID_":0,"Origin_Lat":33.701821,"Origin_Lon":-84.767927,"Dest_Lat":34.225515,"Dest_Long":-84.12502,"Shape_Leng":0.829210255535,"Origin_FIP":null,"ID":"33.701821--84.767927-34.225515--84.12502","Origin_F_1":13097,"Origin_Cou":"DOUGLAS","Dest_FIPS":13117,"Dest_Count":"FORSYTH","Index":"33.701821--84.767927-34.225515--84.12502"}},{"type":"LineString","arcs":[31],"properties":{"OID_":0,"Origin_Lat":33.413943,"Origin_Lon":-84.494192,"Dest_Lat":33.790252,"Dest_Long":-84.467018,"Shape_Leng":0.377288874016,"Origin_FIP":null,"ID":"33.413943--84.494192-33.790252--84.467018","Origin_F_1":13113,"Origin_Cou":"FAYETTE","Dest_FIPS":13121,"Dest_Count":"FULTON","Index":"33.413943--84.494192-33.790252--84.467018"}},{"type":"LineString","arcs":[32],"properties":{"OID_":0,"Origin_Lat":34.225515,"Origin_Lon":-84.12502,"Dest_Lat":33.961729,"Dest_Long":-84.023628,"Shape_Leng":0.282601174076,"Origin_FIP":null,"ID":"34.225515--84.12502-33.961729--84.023628","Origin_F_1":13117,"Origin_Cou":"FORSYTH","Dest_FIPS":13135,"Dest_Count":"GWINNETT","Index":"34.225515--84.12502-33.961729--84.023628"}},{"type":"LineString","arcs":[33],"properties":{"OID_":0,"Origin_Lat":33.790252,"Origin_Lon":-84.467018,"Dest_Lat":34.316889,"Dest_Long":-83.819681,"Shape_Leng":0.834503865995,"Origin_FIP":null,"ID":"33.790252--84.467018-34.316889--83.819681","Origin_F_1":13121,"Origin_Cou":"FULTON","Dest_FIPS":13139,"Dest_Count":"HALL","Index":"33.790252--84.467018-34.316889--83.819681"}},{"type":"LineString","arcs":[34],"properties":{"OID_":0,"Origin_Lat":33.961729,"Origin_Lon":-84.023628,"Dest_Lat":33.453003,"Dest_Long":-84.154196,"Shape_Leng":0.525214567821,"Origin_FIP":null,"ID":"33.961729--84.023628-33.453003--84.154196","Origin_F_1":13135,"Origin_Cou":"GWINNETT","Dest_FIPS":13151,"Dest_Count":"HENRY","Index":"33.961729--84.023628-33.453003--84.154196"}},{"type":"LineString","arcs":[35],"properties":{"OID_":0,"Origin_Lat":34.316889,"Origin_Lon":-83.819681,"Dest_Lat":33.555049,"Dest_Long":-83.850187,"Shape_Leng":0.762450540408,"Origin_FIP":null,"ID":"34.316889--83.819681-33.555049--83.850187","Origin_F_1":13139,"Origin_Cou":"HALL","Dest_FIPS":13217,"Dest_Count":"NEWTON","Index":"34.316889--83.819681-33.555049--83.850187"}},{"type":"LineString","arcs":[36],"properties":{"OID_":0,"Origin_Lat":33.453003,"Origin_Lon":-84.154196,"Dest_Lat":33.920546,"Dest_Long":-84.867288,"Shape_Leng":0.852702529457,"Origin_FIP":null,"ID":"33.453003--84.154196-33.920546--84.867288","Origin_F_1":13151,"Origin_Cou":"HENRY","Dest_FIPS":13223,"Dest_Count":"PAULDING","Index":"33.453003--84.154196-33.920546--84.867288"}},{"type":"LineString","arcs":[37],"properties":{"OID_":0,"Origin_Lat":33.555049,"Origin_Lon":-83.850187,"Dest_Lat":33.654235,"Dest_Long":-84.026608,"Shape_Leng":0.202391319991,"Origin_FIP":null,"ID":"33.555049--83.850187-33.654235--84.026608","Origin_F_1":13217,"Origin_Cou":"NEWTON","Dest_FIPS":13247,"Dest_Count":"ROCKDALE","Index":"33.555049--83.850187-33.654235--84.026608"}},{"type":"LineString","arcs":[38],"properties":{"OID_":0,"Origin_Lat":33.920546,"Origin_Lon":-84.867288,"Dest_Lat":33.260868,"Dest_Long":-84.28416,"Shape_Leng":0.880465429853,"Origin_FIP":null,"ID":"33.920546--84.867288-33.260868--84.28416","Origin_F_1":13223,"Origin_Cou":"PAULDING","Dest_FIPS":13255,"Dest_Count":"SPALDING","Index":"33.920546--84.867288-33.260868--84.28416"}},{"type":"LineString","arcs":[39],"properties":{"OID_":0,"Origin_Lat":33.654235,"Origin_Lon":-84.026608,"Dest_Lat":33.781557,"Dest_Long":-83.733847,"Shape_Leng":0.319249080375,"Origin_FIP":null,"ID":"33.654235--84.026608-33.781557--83.733847","Origin_F_1":13247,"Origin_Cou":"ROCKDALE","Dest_FIPS":13297,"Dest_Count":"WALTON","Index":"33.654235--84.026608-33.781557--83.733847"}},{"type":"LineString","arcs":[40],"properties":{"OID_":0,"Origin_Lat":33.260868,"Origin_Lon":-84.28416,"Dest_Lat":33.993196,"Dest_Long":-83.712763,"Shape_Leng":0.92887353261,"Origin_FIP":null,"ID":"33.260868--84.28416-33.993196--83.712763","Origin_F_1":13255,"Origin_Cou":"SPALDING","Dest_FIPS":13013,"Dest_Count":"BARROW","Index":"33.260868--84.28416-33.993196--83.712763"}},{"type":"LineString","arcs":[41],"properties":{"OID_":0,"Origin_Lat":33.781557,"Origin_Lon":-83.733847,"Dest_Lat":34.237855,"Dest_Long":-84.840499,"Shape_Leng":1.19703895758,"Origin_FIP":null,"ID":"33.781557--83.733847-34.237855--84.840499","Origin_F_1":13297,"Origin_Cou":"WALTON","Dest_FIPS":13015,"Dest_Count":"BARTOW","Index":"33.781557--83.733847-34.237855--84.840499"}},{"type":"LineString","arcs":[42],"properties":{"OID_":0,"Origin_Lat":33.993196,"Origin_Lon":-83.712763,"Dest_Lat":34.243933,"Dest_Long":-84.4762,"Shape_Leng":0.803559593689,"Origin_FIP":null,"ID":"33.993196--83.712763-34.243933--84.4762","Origin_F_1":13013,"Origin_Cou":"BARROW","Dest_FIPS":13057,"Dest_Count":"CHEROKEE","Index":"33.993196--83.712763-34.243933--84.4762"}},{"type":"LineString","arcs":[43],"properties":{"OID_":0,"Origin_Lat":34.237855,"Origin_Lon":-84.840499,"Dest_Lat":33.541885,"Dest_Long":-84.357686,"Shape_Leng":0.847046282758,"Origin_FIP":null,"ID":"34.237855--84.840499-33.541885--84.357686","Origin_F_1":13015,"Origin_Cou":"BARTOW","Dest_FIPS":13063,"Dest_Count":"CLAYTON","Index":"34.237855--84.840499-33.541885--84.357686"}},{"type":"LineString","arcs":[44],"properties":{"OID_":0,"Origin_Lat":33.582817,"Origin_Lon":-85.079743,"Dest_Lat":33.94147,"Dest_Long":-84.576672,"Shape_Leng":0.617829927302,"Origin_FIP":null,"ID":"33.582817--85.079743-33.94147--84.576672","Origin_F_1":13045,"Origin_Cou":"CARROLL","Dest_FIPS":13067,"Dest_Count":"COBB","Index":"33.582817--85.079743-33.94147--84.576672"}},{"type":"LineString","arcs":[45],"properties":{"OID_":0,"Origin_Lat":34.243933,"Origin_Lon":-84.4762,"Dest_Lat":33.353456,"Dest_Long":-84.763366,"Shape_Leng":0.935636951509,"Origin_FIP":null,"ID":"34.243933--84.4762-33.353456--84.763366","Origin_F_1":13057,"Origin_Cou":"CHEROKEE","Dest_FIPS":13077,"Dest_Count":"COWETA","Index":"34.243933--84.4762-33.353456--84.763366"}},{"type":"LineString","arcs":[46],"properties":{"OID_":0,"Origin_Lat":33.541885,"Origin_Lon":-84.357686,"Dest_Lat":34.444298,"Dest_Long":-84.170636,"Shape_Leng":0.921595480712,"Origin_FIP":null,"ID":"33.541885--84.357686-34.444298--84.170636","Origin_F_1":13063,"Origin_Cou":"CLAYTON","Dest_FIPS":13085,"Dest_Count":"DAWSON","Index":"33.541885--84.357686-34.444298--84.170636"}},{"type":"LineString","arcs":[47],"properties":{"OID_":0,"Origin_Lat":33.94147,"Origin_Lon":-84.576672,"Dest_Lat":33.771529,"Dest_Long":-84.226408,"Shape_Leng":0.389313500761,"Origin_FIP":null,"ID":"33.94147--84.576672-33.771529--84.226408","Origin_F_1":13067,"Origin_Cou":"COBB","Dest_FIPS":13089,"Dest_Count":"DEKALB","Index":"33.94147--84.576672-33.771529--84.226408"}},{"type":"LineString","arcs":[48],"properties":{"OID_":0,"Origin_Lat":33.353456,"Origin_Lon":-84.763366,"Dest_Lat":33.701821,"Dest_Long":-84.767927,"Shape_Leng":0.348394856533,"Origin_FIP":null,"ID":"33.353456--84.763366-33.701821--84.767927","Origin_F_1":13077,"Origin_Cou":"COWETA","Dest_FIPS":13097,"Dest_Count":"DOUGLAS","Index":"33.353456--84.763366-33.701821--84.767927"}},{"type":"LineString","arcs":[49],"properties":{"OID_":0,"Origin_Lat":34.444298,"Origin_Lon":-84.170636,"Dest_Lat":33.413943,"Dest_Long":-84.494192,"Shape_Leng":1.07996523313,"Origin_FIP":null,"ID":"34.444298--84.170636-33.413943--84.494192","Origin_F_1":13085,"Origin_Cou":"DAWSON","Dest_FIPS":13113,"Dest_Count":"FAYETTE","Index":"34.444298--84.170636-33.413943--84.494192"}},{"type":"LineString","arcs":[50],"properties":{"OID_":0,"Origin_Lat":33.771529,"Origin_Lon":-84.226408,"Dest_Lat":34.225515,"Dest_Long":-84.12502,"Shape_Leng":0.465169766426,"Origin_FIP":null,"ID":"33.771529--84.226408-34.225515--84.12502","Origin_F_1":13089,"Origin_Cou":"DEKALB","Dest_FIPS":13117,"Dest_Count":"FORSYTH","Index":"33.771529--84.226408-34.225515--84.12502"}},{"type":"LineString","arcs":[51],"properties":{"OID_":0,"Origin_Lat":33.701821,"Origin_Lon":-84.767927,"Dest_Lat":33.790252,"Dest_Long":-84.467018,"Shape_Leng":0.313634073973,"Origin_FIP":null,"ID":"33.701821--84.767927-33.790252--84.467018","Origin_F_1":13097,"Origin_Cou":"DOUGLAS","Dest_FIPS":13121,"Dest_Count":"FULTON","Index":"33.701821--84.767927-33.790252--84.467018"}},{"type":"LineString","arcs":[52],"properties":{"OID_":0,"Origin_Lat":33.413943,"Origin_Lon":-84.494192,"Dest_Lat":33.961729,"Dest_Long":-84.023628,"Shape_Leng":0.722151447899,"Origin_FIP":null,"ID":"33.413943--84.494192-33.961729--84.023628","Origin_F_1":13113,"Origin_Cou":"FAYETTE","Dest_FIPS":13135,"Dest_Count":"GWINNETT","Index":"33.413943--84.494192-33.961729--84.023628"}},{"type":"LineString","arcs":[53],"properties":{"OID_":0,"Origin_Lat":34.225515,"Origin_Lon":-84.12502,"Dest_Lat":34.316889,"Dest_Long":-83.819681,"Shape_Leng":0.318718030819,"Origin_FIP":null,"ID":"34.225515--84.12502-34.316889--83.819681","Origin_F_1":13117,"Origin_Cou":"FORSYTH","Dest_FIPS":13139,"Dest_Count":"HALL","Index":"34.225515--84.12502-34.316889--83.819681"}},{"type":"LineString","arcs":[54],"properties":{"OID_":0,"Origin_Lat":33.790252,"Origin_Lon":-84.467018,"Dest_Lat":33.453003,"Dest_Long":-84.154196,"Shape_Leng":0.459994507388,"Origin_FIP":null,"ID":"33.790252--84.467018-33.453003--84.154196","Origin_F_1":13121,"Origin_Cou":"FULTON","Dest_FIPS":13151,"Dest_Count":"HENRY","Index":"33.790252--84.467018-33.453003--84.154196"}},{"type":"LineString","arcs":[55],"properties":{"OID_":0,"Origin_Lat":33.961729,"Origin_Lon":-84.023628,"Dest_Lat":33.555049,"Dest_Long":-83.850187,"Shape_Leng":0.442120593919,"Origin_FIP":null,"ID":"33.961729--84.023628-33.555049--83.850187","Origin_F_1":13135,"Origin_Cou":"GWINNETT","Dest_FIPS":13217,"Dest_Count":"NEWTON","Index":"33.961729--84.023628-33.555049--83.850187"}},{"type":"LineString","arcs":[56],"properties":{"OID_":0,"Origin_Lat":34.316889,"Origin_Lon":-83.819681,"Dest_Lat":33.920546,"Dest_Long":-84.867288,"Shape_Leng":1.12008030184,"Origin_FIP":null,"ID":"34.316889--83.819681-33.920546--84.867288","Origin_F_1":13139,"Origin_Cou":"HALL","Dest_FIPS":13223,"Dest_Count":"PAULDING","Index":"34.316889--83.819681-33.920546--84.867288"}},{"type":"LineString","arcs":[57],"properties":{"OID_":0,"Origin_Lat":33.453003,"Origin_Lon":-84.154196,"Dest_Lat":33.654235,"Dest_Long":-84.026608,"Shape_Leng":0.238270944396,"Origin_FIP":null,"ID":"33.453003--84.154196-33.654235--84.026608","Origin_F_1":13151,"Origin_Cou":"HENRY","Dest_FIPS":13247,"Dest_Count":"ROCKDALE","Index":"33.453003--84.154196-33.654235--84.026608"}},{"type":"LineString","arcs":[58],"properties":{"OID_":0,"Origin_Lat":33.555049,"Origin_Lon":-83.850187,"Dest_Lat":33.260868,"Dest_Long":-84.28416,"Shape_Leng":0.524285924568,"Origin_FIP":null,"ID":"33.555049--83.850187-33.260868--84.28416","Origin_F_1":13217,"Origin_Cou":"NEWTON","Dest_FIPS":13255,"Dest_Count":"SPALDING","Index":"33.555049--83.850187-33.260868--84.28416"}},{"type":"LineString","arcs":[59],"properties":{"OID_":0,"Origin_Lat":33.920546,"Origin_Lon":-84.867288,"Dest_Lat":33.781557,"Dest_Long":-83.733847,"Shape_Leng":1.14193526541,"Origin_FIP":null,"ID":"33.920546--84.867288-33.781557--83.733847","Origin_F_1":13223,"Origin_Cou":"PAULDING","Dest_FIPS":13297,"Dest_Count":"WALTON","Index":"33.920546--84.867288-33.781557--83.733847"}},{"type":"LineString","arcs":[60],"properties":{"OID_":0,"Origin_Lat":33.654235,"Origin_Lon":-84.026608,"Dest_Lat":33.993196,"Dest_Long":-83.712763,"Shape_Leng":0.461945573023,"Origin_FIP":null,"ID":"33.654235--84.026608-33.993196--83.712763","Origin_F_1":13247,"Origin_Cou":"ROCKDALE","Dest_FIPS":13013,"Dest_Count":"BARROW","Index":"33.654235--84.026608-33.993196--83.712763"}},{"type":"LineString","arcs":[61],"properties":{"OID_":0,"Origin_Lat":33.260868,"Origin_Lon":-84.28416,"Dest_Lat":34.237855,"Dest_Long":-84.840499,"Shape_Leng":1.12429055535,"Origin_FIP":null,"ID":"33.260868--84.28416-34.237855--84.840499","Origin_F_1":13255,"Origin_Cou":"SPALDING","Dest_FIPS":13015,"Dest_Count":"BARTOW","Index":"33.260868--84.28416-34.237855--84.840499"}},{"type":"LineString","arcs":[62],"properties":{"OID_":0,"Origin_Lat":33.781557,"Origin_Lon":-83.733847,"Dest_Lat":33.582817,"Dest_Long":-85.079743,"Shape_Leng":1.36049749172,"Origin_FIP":null,"ID":"33.781557--83.733847-33.582817--85.079743","Origin_F_1":13297,"Origin_Cou":"WALTON","Dest_FIPS":13045,"Dest_Count":"CARROLL","Index":"33.781557--83.733847-33.582817--85.079743"}},{"type":"LineString","arcs":[63],"properties":{"OID_":0,"Origin_Lat":33.993196,"Origin_Lon":-83.712763,"Dest_Lat":33.541885,"Dest_Long":-84.357686,"Shape_Leng":0.7871537307,"Origin_FIP":null,"ID":"33.993196--83.712763-33.541885--84.357686","Origin_F_1":13013,"Origin_Cou":"BARROW","Dest_FIPS":13063,"Dest_Count":"CLAYTON","Index":"33.993196--83.712763-33.541885--84.357686"}},{"type":"LineString","arcs":[64],"properties":{"OID_":0,"Origin_Lat":34.237855,"Origin_Lon":-84.840499,"Dest_Lat":33.94147,"Dest_Long":-84.576672,"Shape_Leng":0.396798452661,"Origin_FIP":null,"ID":"34.237855--84.840499-33.94147--84.576672","Origin_F_1":13015,"Origin_Cou":"BARTOW","Dest_FIPS":13067,"Dest_Count":"COBB","Index":"34.237855--84.840499-33.94147--84.576672"}},{"type":"LineString","arcs":[65],"properties":{"OID_":0,"Origin_Lat":33.582817,"Origin_Lon":-85.079743,"Dest_Lat":33.353456,"Dest_Long":-84.763366,"Shape_Leng":0.390769878738,"Origin_FIP":null,"ID":"33.582817--85.079743-33.353456--84.763366","Origin_F_1":13045,"Origin_Cou":"CARROLL","Dest_FIPS":13077,"Dest_Count":"COWETA","Index":"33.582817--85.079743-33.353456--84.763366"}},{"type":"LineString","arcs":[66,67,68],"properties":{"OID_":0,"Origin_Lat":34.243933,"Origin_Lon":-84.4762,"Dest_Lat":34.444298,"Dest_Long":-84.170636,"Shape_Leng":0.365397952993,"Origin_FIP":null,"ID":"34.243933--84.4762-34.444298--84.170636","Origin_F_1":13057,"Origin_Cou":"CHEROKEE","Dest_FIPS":13085,"Dest_Count":"DAWSON","Index":"34.243933--84.4762-34.444298--84.170636"}},{"type":"LineString","arcs":[69],"properties":{"OID_":0,"Origin_Lat":33.541885,"Origin_Lon":-84.357686,"Dest_Lat":33.771529,"Dest_Long":-84.226408,"Shape_Leng":0.264519032175,"Origin_FIP":null,"ID":"33.541885--84.357686-33.771529--84.226408","Origin_F_1":13063,"Origin_Cou":"CLAYTON","Dest_FIPS":13089,"Dest_Count":"DEKALB","Index":"33.541885--84.357686-33.771529--84.226408"}},{"type":"LineString","arcs":[70],"properties":{"OID_":0,"Origin_Lat":33.94147,"Origin_Lon":-84.576672,"Dest_Lat":33.701821,"Dest_Long":-84.767927,"Shape_Leng":0.306610837468,"Origin_FIP":null,"ID":"33.94147--84.576672-33.701821--84.767927","Origin_F_1":13067,"Origin_Cou":"COBB","Dest_FIPS":13097,"Dest_Count":"DOUGLAS","Index":"33.94147--84.576672-33.701821--84.767927"}},{"type":"LineString","arcs":[71],"properties":{"OID_":0,"Origin_Lat":33.353456,"Origin_Lon":-84.763366,"Dest_Lat":33.413943,"Dest_Long":-84.494192,"Shape_Leng":0.275886488979,"Origin_FIP":null,"ID":"33.353456--84.763366-33.413943--84.494192","Origin_F_1":13077,"Origin_Cou":"COWETA","Dest_FIPS":13113,"Dest_Count":"FAYETTE","Index":"33.353456--84.763366-33.413943--84.494192"}},{"type":"LineString","arcs":[72],"properties":{"OID_":0,"Origin_Lat":34.444298,"Origin_Lon":-84.170636,"Dest_Lat":34.225515,"Dest_Long":-84.12502,"Shape_Leng":0.223487863688,"Origin_FIP":null,"ID":"34.444298--84.170636-34.225515--84.12502","Origin_F_1":13085,"Origin_Cou":"DAWSON","Dest_FIPS":13117,"Dest_Count":"FORSYTH","Index":"34.444298--84.170636-34.225515--84.12502"}},{"type":"LineString","arcs":[73],"properties":{"OID_":0,"Origin_Lat":33.771529,"Origin_Lon":-84.226408,"Dest_Lat":33.790252,"Dest_Long":-84.467018,"Shape_Leng":0.241337402131,"Origin_FIP":null,"ID":"33.771529--84.226408-33.790252--84.467018","Origin_F_1":13089,"Origin_Cou":"DEKALB","Dest_FIPS":13121,"Dest_Count":"FULTON","Index":"33.771529--84.226408-33.790252--84.467018"}},{"type":"LineString","arcs":[74],"properties":{"OID_":0,"Origin_Lat":33.701821,"Origin_Lon":-84.767927,"Dest_Lat":33.961729,"Dest_Long":-84.023628,"Shape_Leng":0.788375489252,"Origin_FIP":null,"ID":"33.701821--84.767927-33.961729--84.023628","Origin_F_1":13097,"Origin_Cou":"DOUGLAS","Dest_FIPS":13135,"Dest_Count":"GWINNETT","Index":"33.701821--84.767927-33.961729--84.023628"}},{"type":"LineString","arcs":[75],"properties":{"OID_":0,"Origin_Lat":33.413943,"Origin_Lon":-84.494192,"Dest_Lat":34.316889,"Dest_Long":-83.819681,"Shape_Leng":1.12707237173,"Origin_FIP":null,"ID":"33.413943--84.494192-34.316889--83.819681","Origin_F_1":13113,"Origin_Cou":"FAYETTE","Dest_FIPS":13139,"Dest_Count":"HALL","Index":"33.413943--84.494192-34.316889--83.819681"}},{"type":"LineString","arcs":[76],"properties":{"OID_":0,"Origin_Lat":34.225515,"Origin_Lon":-84.12502,"Dest_Lat":33.453003,"Dest_Long":-84.154196,"Shape_Leng":0.773062773907,"Origin_FIP":null,"ID":"34.225515--84.12502-33.453003--84.154196","Origin_F_1":13117,"Origin_Cou":"FORSYTH","Dest_FIPS":13151,"Dest_Count":"HENRY","Index":"34.225515--84.12502-33.453003--84.154196"}},{"type":"LineString","arcs":[77],"properties":{"OID_":0,"Origin_Lat":33.790252,"Origin_Lon":-84.467018,"Dest_Lat":33.555049,"Dest_Long":-83.850187,"Shape_Leng":0.66015325609,"Origin_FIP":null,"ID":"33.790252--84.467018-33.555049--83.850187","Origin_F_1":13121,"Origin_Cou":"FULTON","Dest_FIPS":13217,"Dest_Count":"NEWTON","Index":"33.790252--84.467018-33.555049--83.850187"}},{"type":"LineString","arcs":[78],"properties":{"OID_":0,"Origin_Lat":33.961729,"Origin_Lon":-84.023628,"Dest_Lat":33.920546,"Dest_Long":-84.867288,"Shape_Leng":0.844666236765,"Origin_FIP":null,"ID":"33.961729--84.023628-33.920546--84.867288","Origin_F_1":13135,"Origin_Cou":"GWINNETT","Dest_FIPS":13223,"Dest_Count":"PAULDING","Index":"33.961729--84.023628-33.920546--84.867288"}},{"type":"LineString","arcs":[79],"properties":{"OID_":0,"Origin_Lat":34.316889,"Origin_Lon":-83.819681,"Dest_Lat":33.654235,"Dest_Long":-84.026608,"Shape_Leng":0.694211751144,"Origin_FIP":null,"ID":"34.316889--83.819681-33.654235--84.026608","Origin_F_1":13139,"Origin_Cou":"HALL","Dest_FIPS":13247,"Dest_Count":"ROCKDALE","Index":"34.316889--83.819681-33.654235--84.026608"}},{"type":"LineString","arcs":[80],"properties":{"OID_":0,"Origin_Lat":33.453003,"Origin_Lon":-84.154196,"Dest_Lat":33.260868,"Dest_Long":-84.28416,"Shape_Leng":0.23196233515,"Origin_FIP":null,"ID":"33.453003--84.154196-33.260868--84.28416","Origin_F_1":13151,"Origin_Cou":"HENRY","Dest_FIPS":13255,"Dest_Count":"SPALDING","Index":"33.453003--84.154196-33.260868--84.28416"}},{"type":"LineString","arcs":[81],"properties":{"OID_":0,"Origin_Lat":33.555049,"Origin_Lon":-83.850187,"Dest_Lat":33.781557,"Dest_Long":-83.733847,"Shape_Leng":0.254638762292,"Origin_FIP":null,"ID":"33.555049--83.850187-33.781557--83.733847","Origin_F_1":13217,"Origin_Cou":"NEWTON","Dest_FIPS":13297,"Dest_Count":"WALTON","Index":"33.555049--83.850187-33.781557--83.733847"}},{"type":"LineString","arcs":[82],"properties":{"OID_":0,"Origin_Lat":33.920546,"Origin_Lon":-84.867288,"Dest_Lat":33.993196,"Dest_Long":-83.712763,"Shape_Leng":1.15681284367,"Origin_FIP":null,"ID":"33.920546--84.867288-33.993196--83.712763","Origin_F_1":13223,"Origin_Cou":"PAULDING","Dest_FIPS":13013,"Dest_Count":"BARROW","Index":"33.920546--84.867288-33.993196--83.712763"}},{"type":"LineString","arcs":[83],"properties":{"OID_":0,"Origin_Lat":33.654235,"Origin_Lon":-84.026608,"Dest_Lat":34.237855,"Dest_Long":-84.840499,"Shape_Leng":1.00151922057,"Origin_FIP":null,"ID":"33.654235--84.026608-34.237855--84.840499","Origin_F_1":13247,"Origin_Cou":"ROCKDALE","Dest_FIPS":13015,"Dest_Count":"BARTOW","Index":"33.654235--84.026608-34.237855--84.840499"}},{"type":"LineString","arcs":[84],"properties":{"OID_":0,"Origin_Lat":33.260868,"Origin_Lon":-84.28416,"Dest_Lat":33.582817,"Dest_Long":-85.079743,"Shape_Leng":0.858258405864,"Origin_FIP":null,"ID":"33.260868--84.28416-33.582817--85.079743","Origin_F_1":13255,"Origin_Cou":"SPALDING","Dest_FIPS":13045,"Dest_Count":"CARROLL","Index":"33.260868--84.28416-33.582817--85.079743"}},{"type":"LineString","arcs":[85],"properties":{"OID_":0,"Origin_Lat":33.781557,"Origin_Lon":-83.733847,"Dest_Lat":34.243933,"Dest_Long":-84.4762,"Shape_Leng":0.874577036173,"Origin_FIP":null,"ID":"33.781557--83.733847-34.243933--84.4762","Origin_F_1":13297,"Origin_Cou":"WALTON","Dest_FIPS":13057,"Dest_Count":"CHEROKEE","Index":"33.781557--83.733847-34.243933--84.4762"}},{"type":"LineString","arcs":[86],"properties":{"OID_":0,"Origin_Lat":33.993196,"Origin_Lon":-83.712763,"Dest_Lat":33.94147,"Dest_Long":-84.576672,"Shape_Leng":0.865457945937,"Origin_FIP":null,"ID":"33.993196--83.712763-33.94147--84.576672","Origin_F_1":13013,"Origin_Cou":"BARROW","Dest_FIPS":13067,"Dest_Count":"COBB","Index":"33.993196--83.712763-33.94147--84.576672"}},{"type":"LineString","arcs":[87],"properties":{"OID_":0,"Origin_Lat":34.237855,"Origin_Lon":-84.840499,"Dest_Lat":33.353456,"Dest_Long":-84.763366,"Shape_Leng":0.887756330909,"Origin_FIP":null,"ID":"34.237855--84.840499-33.353456--84.763366","Origin_F_1":13015,"Origin_Cou":"BARTOW","Dest_FIPS":13077,"Dest_Count":"COWETA","Index":"34.237855--84.840499-33.353456--84.763366"}},{"type":"LineString","arcs":[88],"properties":{"OID_":0,"Origin_Lat":33.582817,"Origin_Lon":-85.079743,"Dest_Lat":34.444298,"Dest_Long":-84.170636,"Shape_Leng":1.25245792537,"Origin_FIP":null,"ID":"33.582817--85.079743-34.444298--84.170636","Origin_F_1":13045,"Origin_Cou":"CARROLL","Dest_FIPS":13085,"Dest_Count":"DAWSON","Index":"33.582817--85.079743-34.444298--84.170636"}},{"type":"LineString","arcs":[89],"properties":{"OID_":0,"Origin_Lat":34.243933,"Origin_Lon":-84.4762,"Dest_Lat":33.771529,"Dest_Long":-84.226408,"Shape_Leng":0.534380192038,"Origin_FIP":null,"ID":"34.243933--84.4762-33.771529--84.226408","Origin_F_1":13057,"Origin_Cou":"CHEROKEE","Dest_FIPS":13089,"Dest_Count":"DEKALB","Index":"34.243933--84.4762-33.771529--84.226408"}},{"type":"LineString","arcs":[90],"properties":{"OID_":0,"Origin_Lat":33.541885,"Origin_Lon":-84.357686,"Dest_Lat":33.701821,"Dest_Long":-84.767927,"Shape_Leng":0.440315203831,"Origin_FIP":null,"ID":"33.541885--84.357686-33.701821--84.767927","Origin_F_1":13063,"Origin_Cou":"CLAYTON","Dest_FIPS":13097,"Dest_Count":"DOUGLAS","Index":"33.541885--84.357686-33.701821--84.767927"}},{"type":"LineString","arcs":[91],"properties":{"OID_":0,"Origin_Lat":33.94147,"Origin_Lon":-84.576672,"Dest_Lat":33.413943,"Dest_Long":-84.494192,"Shape_Leng":0.533936111573,"Origin_FIP":null,"ID":"33.94147--84.576672-33.413943--84.494192","Origin_F_1":13067,"Origin_Cou":"COBB","Dest_FIPS":13113,"Dest_Count":"FAYETTE","Index":"33.94147--84.576672-33.413943--84.494192"}},{"type":"LineString","arcs":[92],"properties":{"OID_":0,"Origin_Lat":33.353456,"Origin_Lon":-84.763366,"Dest_Lat":34.225515,"Dest_Long":-84.12502,"Shape_Leng":1.0807337639,"Origin_FIP":null,"ID":"33.353456--84.763366-34.225515--84.12502","Origin_F_1":13077,"Origin_Cou":"COWETA","Dest_FIPS":13117,"Dest_Count":"FORSYTH","Index":"33.353456--84.763366-34.225515--84.12502"}},{"type":"LineString","arcs":[93],"properties":{"OID_":0,"Origin_Lat":34.444298,"Origin_Lon":-84.170636,"Dest_Lat":33.790252,"Dest_Long":-84.467018,"Shape_Leng":0.71806694163,"Origin_FIP":null,"ID":"34.444298--84.170636-33.790252--84.467018","Origin_F_1":13085,"Origin_Cou":"DAWSON","Dest_FIPS":13121,"Dest_Count":"FULTON","Index":"34.444298--84.170636-33.790252--84.467018"}},{"type":"LineString","arcs":[94],"properties":{"OID_":0,"Origin_Lat":33.771529,"Origin_Lon":-84.226408,"Dest_Lat":33.961729,"Dest_Long":-84.023628,"Shape_Leng":0.278021276839,"Origin_FIP":null,"ID":"33.771529--84.226408-33.961729--84.023628","Origin_F_1":13089,"Origin_Cou":"DEKALB","Dest_FIPS":13135,"Dest_Count":"GWINNETT","Index":"33.771529--84.226408-33.961729--84.023628"}},{"type":"LineString","arcs":[95],"properties":{"OID_":0,"Origin_Lat":33.701821,"Origin_Lon":-84.767927,"Dest_Lat":34.316889,"Dest_Long":-83.819681,"Shape_Leng":1.13026306315,"Origin_FIP":null,"ID":"33.701821--84.767927-34.316889--83.819681","Origin_F_1":13097,"Origin_Cou":"DOUGLAS","Dest_FIPS":13139,"Dest_Count":"HALL","Index":"33.701821--84.767927-34.316889--83.819681"}},{"type":"LineString","arcs":[96],"properties":{"OID_":0,"Origin_Lat":33.413943,"Origin_Lon":-84.494192,"Dest_Lat":33.453003,"Dest_Long":-84.154196,"Shape_Leng":0.342232436353,"Origin_FIP":null,"ID":"33.413943--84.494192-33.453003--84.154196","Origin_F_1":13113,"Origin_Cou":"FAYETTE","Dest_FIPS":13151,"Dest_Count":"HENRY","Index":"33.413943--84.494192-33.453003--84.154196"}},{"type":"LineString","arcs":[97],"properties":{"OID_":0,"Origin_Lat":34.225515,"Origin_Lon":-84.12502,"Dest_Lat":33.555049,"Dest_Long":-83.850187,"Shape_Leng":0.724609779602,"Origin_FIP":null,"ID":"34.225515--84.12502-33.555049--83.850187","Origin_F_1":13117,"Origin_Cou":"FORSYTH","Dest_FIPS":13217,"Dest_Count":"NEWTON","Index":"34.225515--84.12502-33.555049--83.850187"}},{"type":"LineString","arcs":[98],"properties":{"OID_":0,"Origin_Lat":33.790252,"Origin_Lon":-84.467018,"Dest_Lat":33.920546,"Dest_Long":-84.867288,"Shape_Leng":0.420942771036,"Origin_FIP":null,"ID":"33.790252--84.467018-33.920546--84.867288","Origin_F_1":13121,"Origin_Cou":"FULTON","Dest_FIPS":13223,"Dest_Count":"PAULDING","Index":"33.790252--84.467018-33.920546--84.867288"}},{"type":"LineString","arcs":[99],"properties":{"OID_":0,"Origin_Lat":33.961729,"Origin_Lon":-84.023628,"Dest_Lat":33.654235,"Dest_Long":-84.026608,"Shape_Leng":0.30750843968,"Origin_FIP":null,"ID":"33.961729--84.023628-33.654235--84.026608","Origin_F_1":13135,"Origin_Cou":"GWINNETT","Dest_FIPS":13247,"Dest_Count":"ROCKDALE","Index":"33.961729--84.023628-33.654235--84.026608"}},{"type":"LineString","arcs":[100],"properties":{"OID_":0,"Origin_Lat":34.316889,"Origin_Lon":-83.819681,"Dest_Lat":33.260868,"Dest_Long":-84.28416,"Shape_Leng":1.15366007884,"Origin_FIP":null,"ID":"34.316889--83.819681-33.260868--84.28416","Origin_F_1":13139,"Origin_Cou":"HALL","Dest_FIPS":13255,"Dest_Count":"SPALDING","Index":"34.316889--83.819681-33.260868--84.28416"}},{"type":"LineString","arcs":[101],"properties":{"OID_":0,"Origin_Lat":33.453003,"Origin_Lon":-84.154196,"Dest_Lat":33.781557,"Dest_Long":-83.733847,"Shape_Leng":0.533518336382,"Origin_FIP":null,"ID":"33.453003--84.154196-33.781557--83.733847","Origin_F_1":13151,"Origin_Cou":"HENRY","Dest_FIPS":13297,"Dest_Count":"WALTON","Index":"33.453003--84.154196-33.781557--83.733847"}},{"type":"LineString","arcs":[102],"properties":{"OID_":0,"Origin_Lat":33.555049,"Origin_Lon":-83.850187,"Dest_Lat":33.993196,"Dest_Long":-83.712763,"Shape_Leng":0.459193107926,"Origin_FIP":null,"ID":"33.555049--83.850187-33.993196--83.712763","Origin_F_1":13217,"Origin_Cou":"NEWTON","Dest_FIPS":13013,"Dest_Count":"BARROW","Index":"33.555049--83.850187-33.993196--83.712763"}},{"type":"LineString","arcs":[103],"properties":{"OID_":0,"Origin_Lat":33.920546,"Origin_Lon":-84.867288,"Dest_Lat":34.237855,"Dest_Long":-84.840499,"Shape_Leng":0.318437835951,"Origin_FIP":null,"ID":"33.920546--84.867288-34.237855--84.840499","Origin_F_1":13223,"Origin_Cou":"PAULDING","Dest_FIPS":13015,"Dest_Count":"BARTOW","Index":"33.920546--84.867288-34.237855--84.840499"}},{"type":"LineString","arcs":[104],"properties":{"OID_":0,"Origin_Lat":33.654235,"Origin_Lon":-84.026608,"Dest_Lat":33.582817,"Dest_Long":-85.079743,"Shape_Leng":1.05555705931,"Origin_FIP":null,"ID":"33.654235--84.026608-33.582817--85.079743","Origin_F_1":13247,"Origin_Cou":"ROCKDALE","Dest_FIPS":13045,"Dest_Count":"CARROLL","Index":"33.654235--84.026608-33.582817--85.079743"}},{"type":"LineString","arcs":[105],"properties":{"OID_":0,"Origin_Lat":33.260868,"Origin_Lon":-84.28416,"Dest_Lat":34.243933,"Dest_Long":-84.4762,"Shape_Leng":1.00164752352,"Origin_FIP":null,"ID":"33.260868--84.28416-34.243933--84.4762","Origin_F_1":13255,"Origin_Cou":"SPALDING","Dest_FIPS":13057,"Dest_Count":"CHEROKEE","Index":"33.260868--84.28416-34.243933--84.4762"}},{"type":"LineString","arcs":[106],"properties":{"OID_":0,"Origin_Lat":33.781557,"Origin_Lon":-83.733847,"Dest_Lat":33.541885,"Dest_Long":-84.357686,"Shape_Leng":0.668295763082,"Origin_FIP":null,"ID":"33.781557--83.733847-33.541885--84.357686","Origin_F_1":13297,"Origin_Cou":"WALTON","Dest_FIPS":13063,"Dest_Count":"CLAYTON","Index":"33.781557--83.733847-33.541885--84.357686"}},{"type":"LineString","arcs":[107],"properties":{"OID_":0,"Origin_Lat":33.993196,"Origin_Lon":-83.712763,"Dest_Lat":33.353456,"Dest_Long":-84.763366,"Shape_Leng":1.23006287287,"Origin_FIP":null,"ID":"33.993196--83.712763-33.353456--84.763366","Origin_F_1":13013,"Origin_Cou":"BARROW","Dest_FIPS":13077,"Dest_Count":"COWETA","Index":"33.993196--83.712763-33.353456--84.763366"}},{"type":"LineString","arcs":[108],"properties":{"OID_":0,"Origin_Lat":34.237855,"Origin_Lon":-84.840499,"Dest_Lat":34.444298,"Dest_Long":-84.170636,"Shape_Leng":0.700954220987,"Origin_FIP":null,"ID":"34.237855--84.840499-34.444298--84.170636","Origin_F_1":13015,"Origin_Cou":"BARTOW","Dest_FIPS":13085,"Dest_Count":"DAWSON","Index":"34.237855--84.840499-34.444298--84.170636"}},{"type":"LineString","arcs":[109],"properties":{"OID_":0,"Origin_Lat":33.582817,"Origin_Lon":-85.079743,"Dest_Lat":33.771529,"Dest_Long":-84.226408,"Shape_Leng":0.873954478744,"Origin_FIP":null,"ID":"33.582817--85.079743-33.771529--84.226408","Origin_F_1":13045,"Origin_Cou":"CARROLL","Dest_FIPS":13089,"Dest_Count":"DEKALB","Index":"33.582817--85.079743-33.771529--84.226408"}},{"type":"LineString","arcs":[110],"properties":{"OID_":0,"Origin_Lat":34.243933,"Origin_Lon":-84.4762,"Dest_Lat":33.701821,"Dest_Long":-84.767927,"Shape_Leng":0.615622570564,"Origin_FIP":null,"ID":"34.243933--84.4762-33.701821--84.767927","Origin_F_1":13057,"Origin_Cou":"CHEROKEE","Dest_FIPS":13097,"Dest_Count":"DOUGLAS","Index":"34.243933--84.4762-33.701821--84.767927"}},{"type":"LineString","arcs":[111],"properties":{"OID_":0,"Origin_Lat":33.541885,"Origin_Lon":-84.357686,"Dest_Lat":33.413943,"Dest_Long":-84.494192,"Shape_Leng":0.187091036097,"Origin_FIP":null,"ID":"33.541885--84.357686-33.413943--84.494192","Origin_F_1":13063,"Origin_Cou":"CLAYTON","Dest_FIPS":13113,"Dest_Count":"FAYETTE","Index":"33.541885--84.357686-33.413943--84.494192"}},{"type":"LineString","arcs":[112],"properties":{"OID_":0,"Origin_Lat":33.94147,"Origin_Lon":-84.576672,"Dest_Lat":34.225515,"Dest_Long":-84.12502,"Shape_Leng":0.533546485289,"Origin_FIP":null,"ID":"33.94147--84.576672-34.225515--84.12502","Origin_F_1":13067,"Origin_Cou":"COBB","Dest_FIPS":13117,"Dest_Count":"FORSYTH","Index":"33.94147--84.576672-34.225515--84.12502"}},{"type":"LineString","arcs":[113],"properties":{"OID_":0,"Origin_Lat":33.353456,"Origin_Lon":-84.763366,"Dest_Lat":33.790252,"Dest_Long":-84.467018,"Shape_Leng":0.527838589406,"Origin_FIP":null,"ID":"33.353456--84.763366-33.790252--84.467018","Origin_F_1":13077,"Origin_Cou":"COWETA","Dest_FIPS":13121,"Dest_Count":"FULTON","Index":"33.353456--84.763366-33.790252--84.467018"}},{"type":"LineString","arcs":[114],"properties":{"OID_":0,"Origin_Lat":34.444298,"Origin_Lon":-84.170636,"Dest_Lat":33.961729,"Dest_Long":-84.023628,"Shape_Leng":0.504464491118,"Origin_FIP":null,"ID":"34.444298--84.170636-33.961729--84.023628","Origin_F_1":13085,"Origin_Cou":"DAWSON","Dest_FIPS":13135,"Dest_Count":"GWINNETT","Index":"34.444298--84.170636-33.961729--84.023628"}},{"type":"LineString","arcs":[115],"properties":{"OID_":0,"Origin_Lat":33.771529,"Origin_Lon":-84.226408,"Dest_Lat":34.316889,"Dest_Long":-83.819681,"Shape_Leng":0.680328208576,"Origin_FIP":null,"ID":"33.771529--84.226408-34.316889--83.819681","Origin_F_1":13089,"Origin_Cou":"DEKALB","Dest_FIPS":13139,"Dest_Count":"HALL","Index":"33.771529--84.226408-34.316889--83.819681"}},{"type":"LineString","arcs":[116],"properties":{"OID_":0,"Origin_Lat":33.701821,"Origin_Lon":-84.767927,"Dest_Lat":33.453003,"Dest_Long":-84.154196,"Shape_Leng":0.662251896498,"Origin_FIP":null,"ID":"33.701821--84.767927-33.453003--84.154196","Origin_F_1":13097,"Origin_Cou":"DOUGLAS","Dest_FIPS":13151,"Dest_Count":"HENRY","Index":"33.701821--84.767927-33.453003--84.154196"}},{"type":"LineString","arcs":[117],"properties":{"OID_":0,"Origin_Lat":33.413943,"Origin_Lon":-84.494192,"Dest_Lat":33.555049,"Dest_Long":-83.850187,"Shape_Leng":0.659283319664,"Origin_FIP":null,"ID":"33.413943--84.494192-33.555049--83.850187","Origin_F_1":13113,"Origin_Cou":"FAYETTE","Dest_FIPS":13217,"Dest_Count":"NEWTON","Index":"33.413943--84.494192-33.555049--83.850187"}},{"type":"LineString","arcs":[118],"properties":{"OID_":0,"Origin_Lat":34.225515,"Origin_Lon":-84.12502,"Dest_Lat":33.920546,"Dest_Long":-84.867288,"Shape_Leng":0.802478074248,"Origin_FIP":null,"ID":"34.225515--84.12502-33.920546--84.867288","Origin_F_1":13117,"Origin_Cou":"FORSYTH","Dest_FIPS":13223,"Dest_Count":"PAULDING","Index":"34.225515--84.12502-33.920546--84.867288"}},{"type":"LineString","arcs":[119],"properties":{"OID_":0,"Origin_Lat":33.790252,"Origin_Lon":-84.467018,"Dest_Lat":33.654235,"Dest_Long":-84.026608,"Shape_Leng":0.460935892833,"Origin_FIP":null,"ID":"33.790252--84.467018-33.654235--84.026608","Origin_F_1":13121,"Origin_Cou":"FULTON","Dest_FIPS":13247,"Dest_Count":"ROCKDALE","Index":"33.790252--84.467018-33.654235--84.026608"}},{"type":"LineString","arcs":[120],"properties":{"OID_":0,"Origin_Lat":33.961729,"Origin_Lon":-84.023628,"Dest_Lat":33.260868,"Dest_Long":-84.28416,"Shape_Leng":0.747719542571,"Origin_FIP":null,"ID":"33.961729--84.023628-33.260868--84.28416","Origin_F_1":13135,"Origin_Cou":"GWINNETT","Dest_FIPS":13255,"Dest_Count":"SPALDING","Index":"33.961729--84.023628-33.260868--84.28416"}},{"type":"LineString","arcs":[121],"properties":{"OID_":0,"Origin_Lat":34.316889,"Origin_Lon":-83.819681,"Dest_Lat":33.781557,"Dest_Long":-83.733847,"Shape_Leng":0.542169644435,"Origin_FIP":null,"ID":"34.316889--83.819681-33.781557--83.733847","Origin_F_1":13139,"Origin_Cou":"HALL","Dest_FIPS":13297,"Dest_Count":"WALTON","Index":"34.316889--83.819681-33.781557--83.733847"}},{"type":"LineString","arcs":[122],"properties":{"OID_":0,"Origin_Lat":33.453003,"Origin_Lon":-84.154196,"Dest_Lat":33.993196,"Dest_Long":-83.712763,"Shape_Leng":0.697620183655,"Origin_FIP":null,"ID":"33.453003--84.154196-33.993196--83.712763","Origin_F_1":13151,"Origin_Cou":"HENRY","Dest_FIPS":13013,"Dest_Count":"BARROW","Index":"33.453003--84.154196-33.993196--83.712763"}},{"type":"LineString","arcs":[123],"properties":{"OID_":0,"Origin_Lat":33.555049,"Origin_Lon":-83.850187,"Dest_Lat":34.237855,"Dest_Long":-84.840499,"Shape_Leng":1.20289738107,"Origin_FIP":null,"ID":"33.555049--83.850187-34.237855--84.840499","Origin_F_1":13217,"Origin_Cou":"NEWTON","Dest_FIPS":13015,"Dest_Count":"BARTOW","Index":"33.555049--83.850187-34.237855--84.840499"}},{"type":"LineString","arcs":[124],"properties":{"OID_":0,"Origin_Lat":33.920546,"Origin_Lon":-84.867288,"Dest_Lat":33.582817,"Dest_Long":-85.079743,"Shape_Leng":0.39899651828,"Origin_FIP":null,"ID":"33.920546--84.867288-33.582817--85.079743","Origin_F_1":13223,"Origin_Cou":"PAULDING","Dest_FIPS":13045,"Dest_Count":"CARROLL","Index":"33.920546--84.867288-33.582817--85.079743"}},{"type":"LineString","arcs":[125],"properties":{"OID_":0,"Origin_Lat":33.654235,"Origin_Lon":-84.026608,"Dest_Lat":34.243933,"Dest_Long":-84.4762,"Shape_Leng":0.74153871033,"Origin_FIP":null,"ID":"33.654235--84.026608-34.243933--84.4762","Origin_F_1":13247,"Origin_Cou":"ROCKDALE","Dest_FIPS":13057,"Dest_Count":"CHEROKEE","Index":"33.654235--84.026608-34.243933--84.4762"}},{"type":"LineString","arcs":[126],"properties":{"OID_":0,"Origin_Lat":33.260868,"Origin_Lon":-84.28416,"Dest_Lat":33.541885,"Dest_Long":-84.357686,"Shape_Leng":0.290476583444,"Origin_FIP":null,"ID":"33.260868--84.28416-33.541885--84.357686","Origin_F_1":13255,"Origin_Cou":"SPALDING","Dest_FIPS":13063,"Dest_Count":"CLAYTON","Index":"33.260868--84.28416-33.541885--84.357686"}},{"type":"LineString","arcs":[127],"properties":{"OID_":0,"Origin_Lat":33.781557,"Origin_Lon":-83.733847,"Dest_Lat":33.94147,"Dest_Long":-84.576672,"Shape_Leng":0.857863278647,"Origin_FIP":null,"ID":"33.781557--83.733847-33.94147--84.576672","Origin_F_1":13297,"Origin_Cou":"WALTON","Dest_FIPS":13067,"Dest_Count":"COBB","Index":"33.781557--83.733847-33.94147--84.576672"}},{"type":"LineString","arcs":[128],"properties":{"OID_":0,"Origin_Lat":33.993196,"Origin_Lon":-83.712763,"Dest_Lat":34.444298,"Dest_Long":-84.170636,"Shape_Leng":0.642761630027,"Origin_FIP":null,"ID":"33.993196--83.712763-34.444298--84.170636","Origin_F_1":13013,"Origin_Cou":"BARROW","Dest_FIPS":13085,"Dest_Count":"DAWSON","Index":"33.993196--83.712763-34.444298--84.170636"}},{"type":"LineString","arcs":[129],"properties":{"OID_":0,"Origin_Lat":34.237855,"Origin_Lon":-84.840499,"Dest_Lat":33.771529,"Dest_Long":-84.226408,"Shape_Leng":0.771084461361,"Origin_FIP":null,"ID":"34.237855--84.840499-33.771529--84.226408","Origin_F_1":13015,"Origin_Cou":"BARTOW","Dest_FIPS":13089,"Dest_Count":"DEKALB","Index":"34.237855--84.840499-33.771529--84.226408"}},{"type":"LineString","arcs":[130],"properties":{"OID_":0,"Origin_Lat":33.582817,"Origin_Lon":-85.079743,"Dest_Lat":33.701821,"Dest_Long":-84.767927,"Shape_Leng":0.333753292698,"Origin_FIP":null,"ID":"33.582817--85.079743-33.701821--84.767927","Origin_F_1":13045,"Origin_Cou":"CARROLL","Dest_FIPS":13097,"Dest_Count":"DOUGLAS","Index":"33.582817--85.079743-33.701821--84.767927"}},{"type":"LineString","arcs":[131],"properties":{"OID_":0,"Origin_Lat":34.243933,"Origin_Lon":-84.4762,"Dest_Lat":33.413943,"Dest_Long":-84.494192,"Shape_Leng":0.830184992866,"Origin_FIP":null,"ID":"34.243933--84.4762-33.413943--84.494192","Origin_F_1":13057,"Origin_Cou":"CHEROKEE","Dest_FIPS":13113,"Dest_Count":"FAYETTE","Index":"34.243933--84.4762-33.413943--84.494192"}},{"type":"LineString","arcs":[132],"properties":{"OID_":0,"Origin_Lat":33.541885,"Origin_Lon":-84.357686,"Dest_Lat":34.225515,"Dest_Long":-84.12502,"Shape_Leng":0.722138887304,"Origin_FIP":null,"ID":"33.541885--84.357686-34.225515--84.12502","Origin_F_1":13063,"Origin_Cou":"CLAYTON","Dest_FIPS":13117,"Dest_Count":"FORSYTH","Index":"33.541885--84.357686-34.225515--84.12502"}},{"type":"LineString","arcs":[133],"properties":{"OID_":0,"Origin_Lat":33.94147,"Origin_Lon":-84.576672,"Dest_Lat":33.790252,"Dest_Long":-84.467018,"Shape_Leng":0.186791045748,"Origin_FIP":null,"ID":"33.94147--84.576672-33.790252--84.467018","Origin_F_1":13067,"Origin_Cou":"COBB","Dest_FIPS":13121,"Dest_Count":"FULTON","Index":"33.94147--84.576672-33.790252--84.467018"}},{"type":"LineString","arcs":[134],"properties":{"OID_":0,"Origin_Lat":33.353456,"Origin_Lon":-84.763366,"Dest_Lat":33.961729,"Dest_Long":-84.023628,"Shape_Leng":0.957714368954,"Origin_FIP":null,"ID":"33.353456--84.763366-33.961729--84.023628","Origin_F_1":13077,"Origin_Cou":"COWETA","Dest_FIPS":13135,"Dest_Count":"GWINNETT","Index":"33.353456--84.763366-33.961729--84.023628"}},{"type":"LineString","arcs":[135],"properties":{"OID_":0,"Origin_Lat":34.444298,"Origin_Lon":-84.170636,"Dest_Lat":34.316889,"Dest_Long":-83.819681,"Shape_Leng":0.373366587269,"Origin_FIP":null,"ID":"34.444298--84.170636-34.316889--83.819681","Origin_F_1":13085,"Origin_Cou":"DAWSON","Dest_FIPS":13139,"Dest_Count":"HALL","Index":"34.444298--84.170636-34.316889--83.819681"}},{"type":"LineString","arcs":[136],"properties":{"OID_":0,"Origin_Lat":33.771529,"Origin_Lon":-84.226408,"Dest_Lat":33.453003,"Dest_Long":-84.154196,"Shape_Leng":0.326608954409,"Origin_FIP":null,"ID":"33.771529--84.226408-33.453003--84.154196","Origin_F_1":13089,"Origin_Cou":"DEKALB","Dest_FIPS":13151,"Dest_Count":"HENRY","Index":"33.771529--84.226408-33.453003--84.154196"}},{"type":"LineString","arcs":[137],"properties":{"OID_":0,"Origin_Lat":33.701821,"Origin_Lon":-84.767927,"Dest_Lat":33.555049,"Dest_Long":-83.850187,"Shape_Leng":0.929404686276,"Origin_FIP":null,"ID":"33.701821--84.767927-33.555049--83.850187","Origin_F_1":13097,"Origin_Cou":"DOUGLAS","Dest_FIPS":13217,"Dest_Count":"NEWTON","Index":"33.701821--84.767927-33.555049--83.850187"}},{"type":"LineString","arcs":[138],"properties":{"OID_":0,"Origin_Lat":33.413943,"Origin_Lon":-84.494192,"Dest_Lat":33.920546,"Dest_Long":-84.867288,"Shape_Leng":0.629165085497,"Origin_FIP":null,"ID":"33.413943--84.494192-33.920546--84.867288","Origin_F_1":13113,"Origin_Cou":"FAYETTE","Dest_FIPS":13223,"Dest_Count":"PAULDING","Index":"33.413943--84.494192-33.920546--84.867288"}},{"type":"LineString","arcs":[139],"properties":{"OID_":0,"Origin_Lat":34.225515,"Origin_Lon":-84.12502,"Dest_Lat":33.654235,"Dest_Long":-84.026608,"Shape_Leng":0.579694665195,"Origin_FIP":null,"ID":"34.225515--84.12502-33.654235--84.026608","Origin_F_1":13117,"Origin_Cou":"FORSYTH","Dest_FIPS":13247,"Dest_Count":"ROCKDALE","Index":"34.225515--84.12502-33.654235--84.026608"}},{"type":"LineString","arcs":[140],"properties":{"OID_":0,"Origin_Lat":33.790252,"Origin_Lon":-84.467018,"Dest_Lat":33.260868,"Dest_Long":-84.28416,"Shape_Leng":0.560075775412,"Origin_FIP":null,"ID":"33.790252--84.467018-33.260868--84.28416","Origin_F_1":13121,"Origin_Cou":"FULTON","Dest_FIPS":13255,"Dest_Count":"SPALDING","Index":"33.790252--84.467018-33.260868--84.28416"}},{"type":"LineString","arcs":[141],"properties":{"OID_":0,"Origin_Lat":33.961729,"Origin_Lon":-84.023628,"Dest_Lat":33.781557,"Dest_Long":-83.733847,"Shape_Leng":0.341225882237,"Origin_FIP":null,"ID":"33.961729--84.023628-33.781557--83.733847","Origin_F_1":13135,"Origin_Cou":"GWINNETT","Dest_FIPS":13297,"Dest_Count":"WALTON","Index":"33.961729--84.023628-33.781557--83.733847"}},{"type":"LineString","arcs":[142],"properties":{"OID_":0,"Origin_Lat":34.316889,"Origin_Lon":-83.819681,"Dest_Lat":33.993196,"Dest_Long":-83.712763,"Shape_Leng":0.34089393,"Origin_FIP":null,"ID":"34.316889--83.819681-33.993196--83.712763","Origin_F_1":13139,"Origin_Cou":"HALL","Dest_FIPS":13013,"Dest_Count":"BARROW","Index":"34.316889--83.819681-33.993196--83.712763"}},{"type":"LineString","arcs":[143],"properties":{"OID_":0,"Origin_Lat":33.453003,"Origin_Lon":-84.154196,"Dest_Lat":34.237855,"Dest_Long":-84.840499,"Shape_Leng":1.04260084707,"Origin_FIP":null,"ID":"33.453003--84.154196-34.237855--84.840499","Origin_F_1":13151,"Origin_Cou":"HENRY","Dest_FIPS":13015,"Dest_Count":"BARTOW","Index":"33.453003--84.154196-34.237855--84.840499"}},{"type":"LineString","arcs":[144],"properties":{"OID_":0,"Origin_Lat":33.555049,"Origin_Lon":-83.850187,"Dest_Lat":33.582817,"Dest_Long":-85.079743,"Shape_Leng":1.22987457884,"Origin_FIP":null,"ID":"33.555049--83.850187-33.582817--85.079743","Origin_F_1":13217,"Origin_Cou":"NEWTON","Dest_FIPS":13045,"Dest_Count":"CARROLL","Index":"33.555049--83.850187-33.582817--85.079743"}},{"type":"LineString","arcs":[145],"properties":{"OID_":0,"Origin_Lat":33.920546,"Origin_Lon":-84.867288,"Dest_Lat":34.243933,"Dest_Long":-84.4762,"Shape_Leng":0.507473802549,"Origin_FIP":null,"ID":"33.920546--84.867288-34.243933--84.4762","Origin_F_1":13223,"Origin_Cou":"PAULDING","Dest_FIPS":13057,"Dest_Count":"CHEROKEE","Index":"33.920546--84.867288-34.243933--84.4762"}},{"type":"LineString","arcs":[146],"properties":{"OID_":0,"Origin_Lat":33.654235,"Origin_Lon":-84.026608,"Dest_Lat":33.541885,"Dest_Long":-84.357686,"Shape_Leng":0.34962160749,"Origin_FIP":null,"ID":"33.654235--84.026608-33.541885--84.357686","Origin_F_1":13247,"Origin_Cou":"ROCKDALE","Dest_FIPS":13063,"Dest_Count":"CLAYTON","Index":"33.654235--84.026608-33.541885--84.357686"}},{"type":"LineString","arcs":[147],"properties":{"OID_":0,"Origin_Lat":33.260868,"Origin_Lon":-84.28416,"Dest_Lat":33.94147,"Dest_Long":-84.576672,"Shape_Leng":0.740799607692,"Origin_FIP":null,"ID":"33.260868--84.28416-33.94147--84.576672","Origin_F_1":13255,"Origin_Cou":"SPALDING","Dest_FIPS":13067,"Dest_Count":"COBB","Index":"33.260868--84.28416-33.94147--84.576672"}},{"type":"LineString","arcs":[148],"properties":{"OID_":0,"Origin_Lat":33.781557,"Origin_Lon":-83.733847,"Dest_Lat":33.353456,"Dest_Long":-84.763366,"Shape_Leng":1.11498498177,"Origin_FIP":null,"ID":"33.781557--83.733847-33.353456--84.763366","Origin_F_1":13297,"Origin_Cou":"WALTON","Dest_FIPS":13077,"Dest_Count":"COWETA","Index":"33.781557--83.733847-33.353456--84.763366"}},{"type":"LineString","arcs":[149],"properties":{"OID_":0,"Origin_Lat":33.993196,"Origin_Lon":-83.712763,"Dest_Lat":33.771529,"Dest_Long":-84.226408,"Shape_Leng":0.559435615238,"Origin_FIP":null,"ID":"33.993196--83.712763-33.771529--84.226408","Origin_F_1":13013,"Origin_Cou":"BARROW","Dest_FIPS":13089,"Dest_Count":"DEKALB","Index":"33.993196--83.712763-33.771529--84.226408"}},{"type":"LineString","arcs":[150],"properties":{"OID_":0,"Origin_Lat":34.237855,"Origin_Lon":-84.840499,"Dest_Lat":33.701821,"Dest_Long":-84.767927,"Shape_Leng":0.540924406925,"Origin_FIP":null,"ID":"34.237855--84.840499-33.701821--84.767927","Origin_F_1":13015,"Origin_Cou":"BARTOW","Dest_FIPS":13097,"Dest_Count":"DOUGLAS","Index":"34.237855--84.840499-33.701821--84.767927"}},{"type":"LineString","arcs":[151],"properties":{"OID_":0,"Origin_Lat":33.582817,"Origin_Lon":-85.079743,"Dest_Lat":33.413943,"Dest_Long":-84.494192,"Shape_Leng":0.609417184705,"Origin_FIP":null,"ID":"33.582817--85.079743-33.413943--84.494192","Origin_F_1":13045,"Origin_Cou":"CARROLL","Dest_FIPS":13113,"Dest_Count":"FAYETTE","Index":"33.582817--85.079743-33.413943--84.494192"}},{"type":"LineString","arcs":[152],"properties":{"OID_":0,"Origin_Lat":34.243933,"Origin_Lon":-84.4762,"Dest_Lat":34.225515,"Dest_Long":-84.12502,"Shape_Leng":0.351662765252,"Origin_FIP":null,"ID":"34.243933--84.4762-34.225515--84.12502","Origin_F_1":13057,"Origin_Cou":"CHEROKEE","Dest_FIPS":13117,"Dest_Count":"FORSYTH","Index":"34.243933--84.4762-34.225515--84.12502"}},{"type":"LineString","arcs":[153],"properties":{"OID_":0,"Origin_Lat":33.541885,"Origin_Lon":-84.357686,"Dest_Lat":33.790252,"Dest_Long":-84.467018,"Shape_Leng":0.271366329376,"Origin_FIP":null,"ID":"33.541885--84.357686-33.790252--84.467018","Origin_F_1":13063,"Origin_Cou":"CLAYTON","Dest_FIPS":13121,"Dest_Count":"FULTON","Index":"33.541885--84.357686-33.790252--84.467018"}},{"type":"LineString","arcs":[154],"properties":{"OID_":0,"Origin_Lat":33.94147,"Origin_Lon":-84.576672,"Dest_Lat":33.961729,"Dest_Long":-84.023628,"Shape_Leng":0.55341540506,"Origin_FIP":null,"ID":"33.94147--84.576672-33.961729--84.023628","Origin_F_1":13067,"Origin_Cou":"COBB","Dest_FIPS":13135,"Dest_Count":"GWINNETT","Index":"33.94147--84.576672-33.961729--84.023628"}},{"type":"LineString","arcs":[155],"properties":{"OID_":0,"Origin_Lat":33.353456,"Origin_Lon":-84.763366,"Dest_Lat":34.316889,"Dest_Long":-83.819681,"Shape_Leng":1.34862108164,"Origin_FIP":null,"ID":"33.353456--84.763366-34.316889--83.819681","Origin_F_1":13077,"Origin_Cou":"COWETA","Dest_FIPS":13139,"Dest_Count":"HALL","Index":"33.353456--84.763366-34.316889--83.819681"}},{"type":"LineString","arcs":[156],"properties":{"OID_":0,"Origin_Lat":34.444298,"Origin_Lon":-84.170636,"Dest_Lat":33.453003,"Dest_Long":-84.154196,"Shape_Leng":0.991431320316,"Origin_FIP":null,"ID":"34.444298--84.170636-33.453003--84.154196","Origin_F_1":13085,"Origin_Cou":"DAWSON","Dest_FIPS":13151,"Dest_Count":"HENRY","Index":"34.444298--84.170636-33.453003--84.154196"}},{"type":"LineString","arcs":[157],"properties":{"OID_":0,"Origin_Lat":33.771529,"Origin_Lon":-84.226408,"Dest_Lat":33.555049,"Dest_Long":-83.850187,"Shape_Leng":0.434057766171,"Origin_FIP":null,"ID":"33.771529--84.226408-33.555049--83.850187","Origin_F_1":13089,"Origin_Cou":"DEKALB","Dest_FIPS":13217,"Dest_Count":"NEWTON","Index":"33.771529--84.226408-33.555049--83.850187"}},{"type":"LineString","arcs":[158],"properties":{"OID_":0,"Origin_Lat":33.701821,"Origin_Lon":-84.767927,"Dest_Lat":33.920546,"Dest_Long":-84.867288,"Shape_Leng":0.240235830964,"Origin_FIP":null,"ID":"33.701821--84.767927-33.920546--84.867288","Origin_F_1":13097,"Origin_Cou":"DOUGLAS","Dest_FIPS":13223,"Dest_Count":"PAULDING","Index":"33.701821--84.767927-33.920546--84.867288"}},{"type":"LineString","arcs":[159],"properties":{"OID_":0,"Origin_Lat":33.413943,"Origin_Lon":-84.494192,"Dest_Lat":33.654235,"Dest_Long":-84.026608,"Shape_Leng":0.525714444686,"Origin_FIP":null,"ID":"33.413943--84.494192-33.654235--84.026608","Origin_F_1":13113,"Origin_Cou":"FAYETTE","Dest_FIPS":13247,"Dest_Count":"ROCKDALE","Index":"33.413943--84.494192-33.654235--84.026608"}},{"type":"LineString","arcs":[160],"properties":{"OID_":0,"Origin_Lat":34.225515,"Origin_Lon":-84.12502,"Dest_Lat":33.260868,"Dest_Long":-84.28416,"Shape_Leng":0.977686267875,"Origin_FIP":null,"ID":"34.225515--84.12502-33.260868--84.28416","Origin_F_1":13117,"Origin_Cou":"FORSYTH","Dest_FIPS":13255,"Dest_Count":"SPALDING","Index":"34.225515--84.12502-33.260868--84.28416"}},{"type":"LineString","arcs":[161],"properties":{"OID_":0,"Origin_Lat":33.790252,"Origin_Lon":-84.467018,"Dest_Lat":33.781557,"Dest_Long":-83.733847,"Shape_Leng":0.733223636042,"Origin_FIP":null,"ID":"33.790252--84.467018-33.781557--83.733847","Origin_F_1":13121,"Origin_Cou":"FULTON","Dest_FIPS":13297,"Dest_Count":"WALTON","Index":"33.790252--84.467018-33.781557--83.733847"}},{"type":"LineString","arcs":[162],"properties":{"OID_":0,"Origin_Lat":33.961729,"Origin_Lon":-84.023628,"Dest_Lat":33.993196,"Dest_Long":-83.712763,"Shape_Leng":0.312453635261,"Origin_FIP":null,"ID":"33.961729--84.023628-33.993196--83.712763","Origin_F_1":13135,"Origin_Cou":"GWINNETT","Dest_FIPS":13013,"Dest_Count":"BARROW","Index":"33.961729--84.023628-33.993196--83.712763"}},{"type":"LineString","arcs":[163],"properties":{"OID_":0,"Origin_Lat":34.316889,"Origin_Lon":-83.819681,"Dest_Lat":34.237855,"Dest_Long":-84.840499,"Shape_Leng":1.02387595093,"Origin_FIP":null,"ID":"34.316889--83.819681-34.237855--84.840499","Origin_F_1":13139,"Origin_Cou":"HALL","Dest_FIPS":13015,"Dest_Count":"BARTOW","Index":"34.316889--83.819681-34.237855--84.840499"}},{"type":"LineString","arcs":[164],"properties":{"OID_":0,"Origin_Lat":33.453003,"Origin_Lon":-84.154196,"Dest_Lat":33.582817,"Dest_Long":-85.079743,"Shape_Leng":0.934608626953,"Origin_FIP":null,"ID":"33.453003--84.154196-33.582817--85.079743","Origin_F_1":13151,"Origin_Cou":"HENRY","Dest_FIPS":13045,"Dest_Count":"CARROLL","Index":"33.453003--84.154196-33.582817--85.079743"}},{"type":"LineString","arcs":[165],"properties":{"OID_":0,"Origin_Lat":33.555049,"Origin_Lon":-83.850187,"Dest_Lat":34.243933,"Dest_Long":-84.4762,"Shape_Leng":0.930838970858,"Origin_FIP":null,"ID":"33.555049--83.850187-34.243933--84.4762","Origin_F_1":13217,"Origin_Cou":"NEWTON","Dest_FIPS":13057,"Dest_Count":"CHEROKEE","Index":"33.555049--83.850187-34.243933--84.4762"}},{"type":"LineString","arcs":[166],"properties":{"OID_":0,"Origin_Lat":33.920546,"Origin_Lon":-84.867288,"Dest_Lat":33.541885,"Dest_Long":-84.357686,"Shape_Leng":0.63488577492,"Origin_FIP":null,"ID":"33.920546--84.867288-33.541885--84.357686","Origin_F_1":13223,"Origin_Cou":"PAULDING","Dest_FIPS":13063,"Dest_Count":"CLAYTON","Index":"33.920546--84.867288-33.541885--84.357686"}},{"type":"LineString","arcs":[167],"properties":{"OID_":0,"Origin_Lat":33.654235,"Origin_Lon":-84.026608,"Dest_Lat":33.94147,"Dest_Long":-84.576672,"Shape_Leng":0.62054460588,"Origin_FIP":null,"ID":"33.654235--84.026608-33.94147--84.576672","Origin_F_1":13247,"Origin_Cou":"ROCKDALE","Dest_FIPS":13067,"Dest_Count":"COBB","Index":"33.654235--84.026608-33.94147--84.576672"}},{"type":"LineString","arcs":[168],"properties":{"OID_":0,"Origin_Lat":33.260868,"Origin_Lon":-84.28416,"Dest_Lat":33.353456,"Dest_Long":-84.763366,"Shape_Leng":0.488068913182,"Origin_FIP":null,"ID":"33.260868--84.28416-33.353456--84.763366","Origin_F_1":13255,"Origin_Cou":"SPALDING","Dest_FIPS":13077,"Dest_Count":"COWETA","Index":"33.260868--84.28416-33.353456--84.763366"}},{"type":"LineString","arcs":[169],"properties":{"OID_":0,"Origin_Lat":33.781557,"Origin_Lon":-83.733847,"Dest_Lat":34.444298,"Dest_Long":-84.170636,"Shape_Leng":0.793734133458,"Origin_FIP":null,"ID":"33.781557--83.733847-34.444298--84.170636","Origin_F_1":13297,"Origin_Cou":"WALTON","Dest_FIPS":13085,"Dest_Count":"DAWSON","Index":"33.781557--83.733847-34.444298--84.170636"}},{"type":"LineString","arcs":[170],"properties":{"OID_":0,"Origin_Lat":33.993196,"Origin_Lon":-83.712763,"Dest_Lat":33.701821,"Dest_Long":-84.767927,"Shape_Leng":1.09465970281,"Origin_FIP":null,"ID":"33.993196--83.712763-33.701821--84.767927","Origin_F_1":13013,"Origin_Cou":"BARROW","Dest_FIPS":13097,"Dest_Count":"DOUGLAS","Index":"33.993196--83.712763-33.701821--84.767927"}},{"type":"LineString","arcs":[171],"properties":{"OID_":0,"Origin_Lat":34.237855,"Origin_Lon":-84.840499,"Dest_Lat":33.413943,"Dest_Long":-84.494192,"Shape_Leng":0.89373546994,"Origin_FIP":null,"ID":"34.237855--84.840499-33.413943--84.494192","Origin_F_1":13015,"Origin_Cou":"BARTOW","Dest_FIPS":13113,"Dest_Count":"FAYETTE","Index":"34.237855--84.840499-33.413943--84.494192"}},{"type":"LineString","arcs":[172],"properties":{"OID_":0,"Origin_Lat":33.582817,"Origin_Lon":-85.079743,"Dest_Lat":34.225515,"Dest_Long":-84.12502,"Shape_Leng":1.15090117631,"Origin_FIP":null,"ID":"33.582817--85.079743-34.225515--84.12502","Origin_F_1":13045,"Origin_Cou":"CARROLL","Dest_FIPS":13117,"Dest_Count":"FORSYTH","Index":"33.582817--85.079743-34.225515--84.12502"}},{"type":"LineString","arcs":[173],"properties":{"OID_":0,"Origin_Lat":34.243933,"Origin_Lon":-84.4762,"Dest_Lat":33.790252,"Dest_Long":-84.467018,"Shape_Leng":0.453773908121,"Origin_FIP":null,"ID":"34.243933--84.4762-33.790252--84.467018","Origin_F_1":13057,"Origin_Cou":"CHEROKEE","Dest_FIPS":13121,"Dest_Count":"FULTON","Index":"34.243933--84.4762-33.790252--84.467018"}},{"type":"LineString","arcs":[174],"properties":{"OID_":0,"Origin_Lat":33.541885,"Origin_Lon":-84.357686,"Dest_Lat":33.961729,"Dest_Long":-84.023628,"Shape_Leng":0.536530099056,"Origin_FIP":null,"ID":"33.541885--84.357686-33.961729--84.023628","Origin_F_1":13063,"Origin_Cou":"CLAYTON","Dest_FIPS":13135,"Dest_Count":"GWINNETT","Index":"33.541885--84.357686-33.961729--84.023628"}},{"type":"LineString","arcs":[175],"properties":{"OID_":0,"Origin_Lat":33.94147,"Origin_Lon":-84.576672,"Dest_Lat":34.316889,"Dest_Long":-83.819681,"Shape_Leng":0.844972833204,"Origin_FIP":null,"ID":"33.94147--84.576672-34.316889--83.819681","Origin_F_1":13067,"Origin_Cou":"COBB","Dest_FIPS":13139,"Dest_Count":"HALL","Index":"33.94147--84.576672-34.316889--83.819681"}},{"type":"LineString","arcs":[176],"properties":{"OID_":0,"Origin_Lat":33.353456,"Origin_Lon":-84.763366,"Dest_Lat":33.453003,"Dest_Long":-84.154196,"Shape_Leng":0.617250787803,"Origin_FIP":null,"ID":"33.353456--84.763366-33.453003--84.154196","Origin_F_1":13077,"Origin_Cou":"COWETA","Dest_FIPS":13151,"Dest_Count":"HENRY","Index":"33.353456--84.763366-33.453003--84.154196"}},{"type":"LineString","arcs":[177],"properties":{"OID_":0,"Origin_Lat":34.444298,"Origin_Lon":-84.170636,"Dest_Lat":33.555049,"Dest_Long":-83.850187,"Shape_Leng":0.945227478452,"Origin_FIP":null,"ID":"34.444298--84.170636-33.555049--83.850187","Origin_F_1":13085,"Origin_Cou":"DAWSON","Dest_FIPS":13217,"Dest_Count":"NEWTON","Index":"34.444298--84.170636-33.555049--83.850187"}},{"type":"LineString","arcs":[178],"properties":{"OID_":0,"Origin_Lat":33.771529,"Origin_Lon":-84.226408,"Dest_Lat":33.920546,"Dest_Long":-84.867288,"Shape_Leng":0.657977517657,"Origin_FIP":null,"ID":"33.771529--84.226408-33.920546--84.867288","Origin_F_1":13089,"Origin_Cou":"DEKALB","Dest_FIPS":13223,"Dest_Count":"PAULDING","Index":"33.771529--84.226408-33.920546--84.867288"}},{"type":"LineString","arcs":[179],"properties":{"OID_":0,"Origin_Lat":33.701821,"Origin_Lon":-84.767927,"Dest_Lat":33.654235,"Dest_Long":-84.026608,"Shape_Leng":0.742845856869,"Origin_FIP":null,"ID":"33.701821--84.767927-33.654235--84.026608","Origin_F_1":13097,"Origin_Cou":"DOUGLAS","Dest_FIPS":13247,"Dest_Count":"ROCKDALE","Index":"33.701821--84.767927-33.654235--84.026608"}},{"type":"LineString","arcs":[180],"properties":{"OID_":0,"Origin_Lat":33.413943,"Origin_Lon":-84.494192,"Dest_Lat":33.260868,"Dest_Long":-84.28416,"Shape_Leng":0.25989505599,"Origin_FIP":null,"ID":"33.413943--84.494192-33.260868--84.28416","Origin_F_1":13113,"Origin_Cou":"FAYETTE","Dest_FIPS":13255,"Dest_Count":"SPALDING","Index":"33.413943--84.494192-33.260868--84.28416"}},{"type":"LineString","arcs":[181],"properties":{"OID_":0,"Origin_Lat":34.225515,"Origin_Lon":-84.12502,"Dest_Lat":33.781557,"Dest_Long":-83.733847,"Shape_Leng":0.591706250941,"Origin_FIP":null,"ID":"34.225515--84.12502-33.781557--83.733847","Origin_F_1":13117,"Origin_Cou":"FORSYTH","Dest_FIPS":13297,"Dest_Count":"WALTON","Index":"34.225515--84.12502-33.781557--83.733847"}},{"type":"LineString","arcs":[182],"properties":{"OID_":0,"Origin_Lat":33.790252,"Origin_Lon":-84.467018,"Dest_Lat":33.993196,"Dest_Long":-83.712763,"Shape_Leng":0.781082131388,"Origin_FIP":null,"ID":"33.790252--84.467018-33.993196--83.712763","Origin_F_1":13121,"Origin_Cou":"FULTON","Dest_FIPS":13013,"Dest_Count":"BARROW","Index":"33.790252--84.467018-33.993196--83.712763"}},{"type":"LineString","arcs":[183],"properties":{"OID_":0,"Origin_Lat":33.961729,"Origin_Lon":-84.023628,"Dest_Lat":34.237855,"Dest_Long":-84.840499,"Shape_Leng":0.862280531938,"Origin_FIP":null,"ID":"33.961729--84.023628-34.237855--84.840499","Origin_F_1":13135,"Origin_Cou":"GWINNETT","Dest_FIPS":13015,"Dest_Count":"BARTOW","Index":"33.961729--84.023628-34.237855--84.840499"}},{"type":"LineString","arcs":[184],"properties":{"OID_":0,"Origin_Lat":34.316889,"Origin_Lon":-83.819681,"Dest_Lat":33.582817,"Dest_Long":-85.079743,"Shape_Leng":1.45830678834,"Origin_FIP":null,"ID":"34.316889--83.819681-33.582817--85.079743","Origin_F_1":13139,"Origin_Cou":"HALL","Dest_FIPS":13045,"Dest_Count":"CARROLL","Index":"34.316889--83.819681-33.582817--85.079743"}},{"type":"LineString","arcs":[185],"properties":{"OID_":0,"Origin_Lat":33.453003,"Origin_Lon":-84.154196,"Dest_Lat":34.243933,"Dest_Long":-84.4762,"Shape_Leng":0.853967033754,"Origin_FIP":null,"ID":"33.453003--84.154196-34.243933--84.4762","Origin_F_1":13151,"Origin_Cou":"HENRY","Dest_FIPS":13057,"Dest_Count":"CHEROKEE","Index":"33.453003--84.154196-34.243933--84.4762"}},{"type":"LineString","arcs":[186],"properties":{"OID_":0,"Origin_Lat":33.555049,"Origin_Lon":-83.850187,"Dest_Lat":33.541885,"Dest_Long":-84.357686,"Shape_Leng":0.507670057677,"Origin_FIP":null,"ID":"33.555049--83.850187-33.541885--84.357686","Origin_F_1":13217,"Origin_Cou":"NEWTON","Dest_FIPS":13063,"Dest_Count":"CLAYTON","Index":"33.555049--83.850187-33.541885--84.357686"}},{"type":"LineString","arcs":[187],"properties":{"OID_":0,"Origin_Lat":33.920546,"Origin_Lon":-84.867288,"Dest_Lat":33.94147,"Dest_Long":-84.576672,"Shape_Leng":0.291368346525,"Origin_FIP":null,"ID":"33.920546--84.867288-33.94147--84.576672","Origin_F_1":13223,"Origin_Cou":"PAULDING","Dest_FIPS":13067,"Dest_Count":"COBB","Index":"33.920546--84.867288-33.94147--84.576672"}},{"type":"LineString","arcs":[188],"properties":{"OID_":0,"Origin_Lat":33.654235,"Origin_Lon":-84.026608,"Dest_Lat":33.353456,"Dest_Long":-84.763366,"Shape_Leng":0.795791023426,"Origin_FIP":null,"ID":"33.654235--84.026608-33.353456--84.763366","Origin_F_1":13247,"Origin_Cou":"ROCKDALE","Dest_FIPS":13077,"Dest_Count":"COWETA","Index":"33.654235--84.026608-33.353456--84.763366"}},{"type":"LineString","arcs":[189],"properties":{"OID_":0,"Origin_Lat":33.260868,"Origin_Lon":-84.28416,"Dest_Lat":34.444298,"Dest_Long":-84.170636,"Shape_Leng":1.18886293983,"Origin_FIP":null,"ID":"33.260868--84.28416-34.444298--84.170636","Origin_F_1":13255,"Origin_Cou":"SPALDING","Dest_FIPS":13085,"Dest_Count":"DAWSON","Index":"33.260868--84.28416-34.444298--84.170636"}},{"type":"LineString","arcs":[190],"properties":{"OID_":0,"Origin_Lat":33.781557,"Origin_Lon":-83.733847,"Dest_Lat":33.771529,"Dest_Long":-84.226408,"Shape_Leng":0.492663396311,"Origin_FIP":null,"ID":"33.781557--83.733847-33.771529--84.226408","Origin_F_1":13297,"Origin_Cou":"WALTON","Dest_FIPS":13089,"Dest_Count":"DEKALB","Index":"33.781557--83.733847-33.771529--84.226408"}},{"type":"LineString","arcs":[191],"properties":{"OID_":0,"Origin_Lat":33.993196,"Origin_Lon":-83.712763,"Dest_Lat":33.413943,"Dest_Long":-84.494192,"Shape_Leng":0.972714806095,"Origin_FIP":null,"ID":"33.993196--83.712763-33.413943--84.494192","Origin_F_1":13013,"Origin_Cou":"BARROW","Dest_FIPS":13113,"Dest_Count":"FAYETTE","Index":"33.993196--83.712763-33.413943--84.494192"}},{"type":"LineString","arcs":[192],"properties":{"OID_":0,"Origin_Lat":34.237855,"Origin_Lon":-84.840499,"Dest_Lat":34.225515,"Dest_Long":-84.12502,"Shape_Leng":0.71558642318,"Origin_FIP":null,"ID":"34.237855--84.840499-34.225515--84.12502","Origin_F_1":13015,"Origin_Cou":"BARTOW","Dest_FIPS":13117,"Dest_Count":"FORSYTH","Index":"34.237855--84.840499-34.225515--84.12502"}},{"type":"LineString","arcs":[193],"properties":{"OID_":0,"Origin_Lat":33.582817,"Origin_Lon":-85.079743,"Dest_Lat":33.790252,"Dest_Long":-84.467018,"Shape_Leng":0.646886717955,"Origin_FIP":null,"ID":"33.582817--85.079743-33.790252--84.467018","Origin_F_1":13045,"Origin_Cou":"CARROLL","Dest_FIPS":13121,"Dest_Count":"FULTON","Index":"33.582817--85.079743-33.790252--84.467018"}},{"type":"LineString","arcs":[194],"properties":{"OID_":0,"Origin_Lat":34.243933,"Origin_Lon":-84.4762,"Dest_Lat":33.961729,"Dest_Long":-84.023628,"Shape_Leng":0.533349107459,"Origin_FIP":null,"ID":"34.243933--84.4762-33.961729--84.023628","Origin_F_1":13057,"Origin_Cou":"CHEROKEE","Dest_FIPS":13135,"Dest_Count":"GWINNETT","Index":"34.243933--84.4762-33.961729--84.023628"}},{"type":"LineString","arcs":[195],"properties":{"OID_":0,"Origin_Lat":33.541885,"Origin_Lon":-84.357686,"Dest_Lat":34.316889,"Dest_Long":-83.819681,"Shape_Leng":0.943444723476,"Origin_FIP":null,"ID":"33.541885--84.357686-34.316889--83.819681","Origin_F_1":13063,"Origin_Cou":"CLAYTON","Dest_FIPS":13139,"Dest_Count":"HALL","Index":"33.541885--84.357686-34.316889--83.819681"}},{"type":"LineString","arcs":[196],"properties":{"OID_":0,"Origin_Lat":33.94147,"Origin_Lon":-84.576672,"Dest_Lat":33.453003,"Dest_Long":-84.154196,"Shape_Leng":0.645823298952,"Origin_FIP":null,"ID":"33.94147--84.576672-33.453003--84.154196","Origin_F_1":13067,"Origin_Cou":"COBB","Dest_FIPS":13151,"Dest_Count":"HENRY","Index":"33.94147--84.576672-33.453003--84.154196"}},{"type":"LineString","arcs":[197],"properties":{"OID_":0,"Origin_Lat":33.353456,"Origin_Lon":-84.763366,"Dest_Lat":33.555049,"Dest_Long":-83.850187,"Shape_Leng":0.935168589998,"Origin_FIP":null,"ID":"33.353456--84.763366-33.555049--83.850187","Origin_F_1":13077,"Origin_Cou":"COWETA","Dest_FIPS":13217,"Dest_Count":"NEWTON","Index":"33.353456--84.763366-33.555049--83.850187"}},{"type":"LineString","arcs":[198],"properties":{"OID_":0,"Origin_Lat":34.444298,"Origin_Lon":-84.170636,"Dest_Lat":33.920546,"Dest_Long":-84.867288,"Shape_Leng":0.871576735452,"Origin_FIP":null,"ID":"34.444298--84.170636-33.920546--84.867288","Origin_F_1":13085,"Origin_Cou":"DAWSON","Dest_FIPS":13223,"Dest_Count":"PAULDING","Index":"34.444298--84.170636-33.920546--84.867288"}},{"type":"LineString","arcs":[199],"properties":{"OID_":0,"Origin_Lat":33.771529,"Origin_Lon":-84.226408,"Dest_Lat":33.654235,"Dest_Long":-84.026608,"Shape_Leng":0.231685019194,"Origin_FIP":null,"ID":"33.771529--84.226408-33.654235--84.026608","Origin_F_1":13089,"Origin_Cou":"DEKALB","Dest_FIPS":13247,"Dest_Count":"ROCKDALE","Index":"33.771529--84.226408-33.654235--84.026608"}},{"type":"LineString","arcs":[200],"properties":{"OID_":0,"Origin_Lat":33.701821,"Origin_Lon":-84.767927,"Dest_Lat":33.260868,"Dest_Long":-84.28416,"Shape_Leng":0.654577661887,"Origin_FIP":null,"ID":"33.701821--84.767927-33.260868--84.28416","Origin_F_1":13097,"Origin_Cou":"DOUGLAS","Dest_FIPS":13255,"Dest_Count":"SPALDING","Index":"33.701821--84.767927-33.260868--84.28416"}},{"type":"LineString","arcs":[201],"properties":{"OID_":0,"Origin_Lat":33.413943,"Origin_Lon":-84.494192,"Dest_Lat":33.781557,"Dest_Long":-83.733847,"Shape_Leng":0.844552363861,"Origin_FIP":null,"ID":"33.413943--84.494192-33.781557--83.733847","Origin_F_1":13113,"Origin_Cou":"FAYETTE","Dest_FIPS":13297,"Dest_Count":"WALTON","Index":"33.413943--84.494192-33.781557--83.733847"}},{"type":"LineString","arcs":[202],"properties":{"OID_":0,"Origin_Lat":34.225515,"Origin_Lon":-84.12502,"Dest_Lat":33.993196,"Dest_Long":-83.712763,"Shape_Leng":0.473210735275,"Origin_FIP":null,"ID":"34.225515--84.12502-33.993196--83.712763","Origin_F_1":13117,"Origin_Cou":"FORSYTH","Dest_FIPS":13013,"Dest_Count":"BARROW","Index":"34.225515--84.12502-33.993196--83.712763"}},{"type":"LineString","arcs":[203],"properties":{"OID_":0,"Origin_Lat":33.790252,"Origin_Lon":-84.467018,"Dest_Lat":34.237855,"Dest_Long":-84.840499,"Shape_Leng":0.582955983848,"Origin_FIP":null,"ID":"33.790252--84.467018-34.237855--84.840499","Origin_F_1":13121,"Origin_Cou":"FULTON","Dest_FIPS":13015,"Dest_Count":"BARTOW","Index":"33.790252--84.467018-34.237855--84.840499"}},{"type":"LineString","arcs":[204],"properties":{"OID_":0,"Origin_Lat":33.961729,"Origin_Lon":-84.023628,"Dest_Lat":33.582817,"Dest_Long":-85.079743,"Shape_Leng":1.12203589178,"Origin_FIP":null,"ID":"33.961729--84.023628-33.582817--85.079743","Origin_F_1":13135,"Origin_Cou":"GWINNETT","Dest_FIPS":13045,"Dest_Count":"CARROLL","Index":"33.961729--84.023628-33.582817--85.079743"}},{"type":"LineString","arcs":[205],"properties":{"OID_":0,"Origin_Lat":34.316889,"Origin_Lon":-83.819681,"Dest_Lat":34.243933,"Dest_Long":-84.4762,"Shape_Leng":0.660561025309,"Origin_FIP":null,"ID":"34.316889--83.819681-34.243933--84.4762","Origin_F_1":13139,"Origin_Cou":"HALL","Dest_FIPS":13057,"Dest_Count":"CHEROKEE","Index":"34.316889--83.819681-34.243933--84.4762"}},{"type":"LineString","arcs":[206],"properties":{"OID_":0,"Origin_Lat":33.453003,"Origin_Lon":-84.154196,"Dest_Lat":33.541885,"Dest_Long":-84.357686,"Shape_Leng":0.222054517401,"Origin_FIP":null,"ID":"33.453003--84.154196-33.541885--84.357686","Origin_F_1":13151,"Origin_Cou":"HENRY","Dest_FIPS":13063,"Dest_Count":"CLAYTON","Index":"33.453003--84.154196-33.541885--84.357686"}},{"type":"LineString","arcs":[207],"properties":{"OID_":0,"Origin_Lat":33.555049,"Origin_Lon":-83.850187,"Dest_Lat":33.94147,"Dest_Long":-84.576672,"Shape_Leng":0.82286424211,"Origin_FIP":null,"ID":"33.555049--83.850187-33.94147--84.576672","Origin_F_1":13217,"Origin_Cou":"NEWTON","Dest_FIPS":13067,"Dest_Count":"COBB","Index":"33.555049--83.850187-33.94147--84.576672"}},{"type":"LineString","arcs":[208],"properties":{"OID_":0,"Origin_Lat":33.920546,"Origin_Lon":-84.867288,"Dest_Lat":33.353456,"Dest_Long":-84.763366,"Shape_Leng":0.576533611729,"Origin_FIP":null,"ID":"33.920546--84.867288-33.353456--84.763366","Origin_F_1":13223,"Origin_Cou":"PAULDING","Dest_FIPS":13077,"Dest_Count":"COWETA","Index":"33.920546--84.867288-33.353456--84.763366"}},{"type":"LineString","arcs":[209],"properties":{"OID_":0,"Origin_Lat":33.654235,"Origin_Lon":-84.026608,"Dest_Lat":34.444298,"Dest_Long":-84.170636,"Shape_Leng":0.803084183581,"Origin_FIP":null,"ID":"33.654235--84.026608-34.444298--84.170636","Origin_F_1":13247,"Origin_Cou":"ROCKDALE","Dest_FIPS":13085,"Dest_Count":"DAWSON","Index":"33.654235--84.026608-34.444298--84.170636"}},{"type":"LineString","arcs":[210],"properties":{"OID_":0,"Origin_Lat":33.260868,"Origin_Lon":-84.28416,"Dest_Lat":33.771529,"Dest_Long":-84.226408,"Shape_Leng":0.513916325081,"Origin_FIP":null,"ID":"33.260868--84.28416-33.771529--84.226408","Origin_F_1":13255,"Origin_Cou":"SPALDING","Dest_FIPS":13089,"Dest_Count":"DEKALB","Index":"33.260868--84.28416-33.771529--84.226408"}},{"type":"LineString","arcs":[211],"properties":{"OID_":0,"Origin_Lat":33.781557,"Origin_Lon":-83.733847,"Dest_Lat":33.701821,"Dest_Long":-84.767927,"Shape_Leng":1.03715269078,"Origin_FIP":null,"ID":"33.781557--83.733847-33.701821--84.767927","Origin_F_1":13297,"Origin_Cou":"WALTON","Dest_FIPS":13097,"Dest_Count":"DOUGLAS","Index":"33.781557--83.733847-33.701821--84.767927"}},{"type":"LineString","arcs":[-203],"properties":{"OID_":0,"Origin_Lat":33.993196,"Origin_Lon":-83.712763,"Dest_Lat":34.225515,"Dest_Long":-84.12502,"Shape_Leng":0.473210735275,"Origin_FIP":null,"ID":"33.993196--83.712763-34.225515--84.12502","Origin_F_1":13013,"Origin_Cou":"BARROW","Dest_FIPS":13117,"Dest_Count":"FORSYTH","Index":"33.993196--83.712763-34.225515--84.12502"}},{"type":"LineString","arcs":[-204],"properties":{"OID_":0,"Origin_Lat":34.237855,"Origin_Lon":-84.840499,"Dest_Lat":33.790252,"Dest_Long":-84.467018,"Shape_Leng":0.582955983848,"Origin_FIP":null,"ID":"34.237855--84.840499-33.790252--84.467018","Origin_F_1":13015,"Origin_Cou":"BARTOW","Dest_FIPS":13121,"Dest_Count":"FULTON","Index":"34.237855--84.840499-33.790252--84.467018"}},{"type":"LineString","arcs":[-205],"properties":{"OID_":0,"Origin_Lat":33.582817,"Origin_Lon":-85.079743,"Dest_Lat":33.961729,"Dest_Long":-84.023628,"Shape_Leng":1.12203589178,"Origin_FIP":null,"ID":"33.582817--85.079743-33.961729--84.023628","Origin_F_1":13045,"Origin_Cou":"CARROLL","Dest_FIPS":13135,"Dest_Count":"GWINNETT","Index":"33.582817--85.079743-33.961729--84.023628"}},{"type":"LineString","arcs":[-206],"properties":{"OID_":0,"Origin_Lat":34.243933,"Origin_Lon":-84.4762,"Dest_Lat":34.316889,"Dest_Long":-83.819681,"Shape_Leng":0.660561025309,"Origin_FIP":null,"ID":"34.243933--84.4762-34.316889--83.819681","Origin_F_1":13057,"Origin_Cou":"CHEROKEE","Dest_FIPS":13139,"Dest_Count":"HALL","Index":"34.243933--84.4762-34.316889--83.819681"}},{"type":"LineString","arcs":[-207],"properties":{"OID_":0,"Origin_Lat":33.541885,"Origin_Lon":-84.357686,"Dest_Lat":33.453003,"Dest_Long":-84.154196,"Shape_Leng":0.222054517401,"Origin_FIP":null,"ID":"33.541885--84.357686-33.453003--84.154196","Origin_F_1":13063,"Origin_Cou":"CLAYTON","Dest_FIPS":13151,"Dest_Count":"HENRY","Index":"33.541885--84.357686-33.453003--84.154196"}},{"type":"LineString","arcs":[-208],"properties":{"OID_":0,"Origin_Lat":33.94147,"Origin_Lon":-84.576672,"Dest_Lat":33.555049,"Dest_Long":-83.850187,"Shape_Leng":0.82286424211,"Origin_FIP":null,"ID":"33.94147--84.576672-33.555049--83.850187","Origin_F_1":13067,"Origin_Cou":"COBB","Dest_FIPS":13217,"Dest_Count":"NEWTON","Index":"33.94147--84.576672-33.555049--83.850187"}},{"type":"LineString","arcs":[-209],"properties":{"OID_":0,"Origin_Lat":33.353456,"Origin_Lon":-84.763366,"Dest_Lat":33.920546,"Dest_Long":-84.867288,"Shape_Leng":0.576533611729,"Origin_FIP":null,"ID":"33.353456--84.763366-33.920546--84.867288","Origin_F_1":13077,"Origin_Cou":"COWETA","Dest_FIPS":13223,"Dest_Count":"PAULDING","Index":"33.353456--84.763366-33.920546--84.867288"}},{"type":"LineString","arcs":[-210],"properties":{"OID_":0,"Origin_Lat":34.444298,"Origin_Lon":-84.170636,"Dest_Lat":33.654235,"Dest_Long":-84.026608,"Shape_Leng":0.803084183581,"Origin_FIP":null,"ID":"34.444298--84.170636-33.654235--84.026608","Origin_F_1":13085,"Origin_Cou":"DAWSON","Dest_FIPS":13247,"Dest_Count":"ROCKDALE","Index":"34.444298--84.170636-33.654235--84.026608"}},{"type":"LineString","arcs":[-211],"properties":{"OID_":0,"Origin_Lat":33.771529,"Origin_Lon":-84.226408,"Dest_Lat":33.260868,"Dest_Long":-84.28416,"Shape_Leng":0.513916325081,"Origin_FIP":null,"ID":"33.771529--84.226408-33.260868--84.28416","Origin_F_1":13089,"Origin_Cou":"DEKALB","Dest_FIPS":13255,"Dest_Count":"SPALDING","Index":"33.771529--84.226408-33.260868--84.28416"}},{"type":"LineString","arcs":[-212],"properties":{"OID_":0,"Origin_Lat":33.701821,"Origin_Lon":-84.767927,"Dest_Lat":33.781557,"Dest_Long":-83.733847,"Shape_Leng":1.03715269078,"Origin_FIP":null,"ID":"33.701821--84.767927-33.781557--83.733847","Origin_F_1":13097,"Origin_Cou":"DOUGLAS","Dest_FIPS":13297,"Dest_Count":"WALTON","Index":"33.701821--84.767927-33.781557--83.733847"}},{"type":"LineString","arcs":[-192],"properties":{"OID_":0,"Origin_Lat":33.413943,"Origin_Lon":-84.494192,"Dest_Lat":33.993196,"Dest_Long":-83.712763,"Shape_Leng":0.972714806095,"Origin_FIP":null,"ID":"33.413943--84.494192-33.993196--83.712763","Origin_F_1":13113,"Origin_Cou":"FAYETTE","Dest_FIPS":13013,"Dest_Count":"BARROW","Index":"33.413943--84.494192-33.993196--83.712763"}},{"type":"LineString","arcs":[-193],"properties":{"OID_":0,"Origin_Lat":34.225515,"Origin_Lon":-84.12502,"Dest_Lat":34.237855,"Dest_Long":-84.840499,"Shape_Leng":0.71558642318,"Origin_FIP":null,"ID":"34.225515--84.12502-34.237855--84.840499","Origin_F_1":13117,"Origin_Cou":"FORSYTH","Dest_FIPS":13015,"Dest_Count":"BARTOW","Index":"34.225515--84.12502-34.237855--84.840499"}},{"type":"LineString","arcs":[-194],"properties":{"OID_":0,"Origin_Lat":33.790252,"Origin_Lon":-84.467018,"Dest_Lat":33.582817,"Dest_Long":-85.079743,"Shape_Leng":0.646886717955,"Origin_FIP":null,"ID":"33.790252--84.467018-33.582817--85.079743","Origin_F_1":13121,"Origin_Cou":"FULTON","Dest_FIPS":13045,"Dest_Count":"CARROLL","Index":"33.790252--84.467018-33.582817--85.079743"}},{"type":"LineString","arcs":[-195],"properties":{"OID_":0,"Origin_Lat":33.961729,"Origin_Lon":-84.023628,"Dest_Lat":34.243933,"Dest_Long":-84.4762,"Shape_Leng":0.533349107459,"Origin_FIP":null,"ID":"33.961729--84.023628-34.243933--84.4762","Origin_F_1":13135,"Origin_Cou":"GWINNETT","Dest_FIPS":13057,"Dest_Count":"CHEROKEE","Index":"33.961729--84.023628-34.243933--84.4762"}},{"type":"LineString","arcs":[-196],"properties":{"OID_":0,"Origin_Lat":34.316889,"Origin_Lon":-83.819681,"Dest_Lat":33.541885,"Dest_Long":-84.357686,"Shape_Leng":0.943444723476,"Origin_FIP":null,"ID":"34.316889--83.819681-33.541885--84.357686","Origin_F_1":13139,"Origin_Cou":"HALL","Dest_FIPS":13063,"Dest_Count":"CLAYTON","Index":"34.316889--83.819681-33.541885--84.357686"}},{"type":"LineString","arcs":[-197],"properties":{"OID_":0,"Origin_Lat":33.453003,"Origin_Lon":-84.154196,"Dest_Lat":33.94147,"Dest_Long":-84.576672,"Shape_Leng":0.645823298952,"Origin_FIP":null,"ID":"33.453003--84.154196-33.94147--84.576672","Origin_F_1":13151,"Origin_Cou":"HENRY","Dest_FIPS":13067,"Dest_Count":"COBB","Index":"33.453003--84.154196-33.94147--84.576672"}},{"type":"LineString","arcs":[-198],"properties":{"OID_":0,"Origin_Lat":33.555049,"Origin_Lon":-83.850187,"Dest_Lat":33.353456,"Dest_Long":-84.763366,"Shape_Leng":0.935168589998,"Origin_FIP":null,"ID":"33.555049--83.850187-33.353456--84.763366","Origin_F_1":13217,"Origin_Cou":"NEWTON","Dest_FIPS":13077,"Dest_Count":"COWETA","Index":"33.555049--83.850187-33.353456--84.763366"}},{"type":"LineString","arcs":[-199],"properties":{"OID_":0,"Origin_Lat":33.920546,"Origin_Lon":-84.867288,"Dest_Lat":34.444298,"Dest_Long":-84.170636,"Shape_Leng":0.871576735452,"Origin_FIP":null,"ID":"33.920546--84.867288-34.444298--84.170636","Origin_F_1":13223,"Origin_Cou":"PAULDING","Dest_FIPS":13085,"Dest_Count":"DAWSON","Index":"33.920546--84.867288-34.444298--84.170636"}},{"type":"LineString","arcs":[-200],"properties":{"OID_":0,"Origin_Lat":33.654235,"Origin_Lon":-84.026608,"Dest_Lat":33.771529,"Dest_Long":-84.226408,"Shape_Leng":0.231685019194,"Origin_FIP":null,"ID":"33.654235--84.026608-33.771529--84.226408","Origin_F_1":13247,"Origin_Cou":"ROCKDALE","Dest_FIPS":13089,"Dest_Count":"DEKALB","Index":"33.654235--84.026608-33.771529--84.226408"}},{"type":"LineString","arcs":[-201],"properties":{"OID_":0,"Origin_Lat":33.260868,"Origin_Lon":-84.28416,"Dest_Lat":33.701821,"Dest_Long":-84.767927,"Shape_Leng":0.654577661887,"Origin_FIP":null,"ID":"33.260868--84.28416-33.701821--84.767927","Origin_F_1":13255,"Origin_Cou":"SPALDING","Dest_FIPS":13097,"Dest_Count":"DOUGLAS","Index":"33.260868--84.28416-33.701821--84.767927"}},{"type":"LineString","arcs":[-202],"properties":{"OID_":0,"Origin_Lat":33.781557,"Origin_Lon":-83.733847,"Dest_Lat":33.413943,"Dest_Long":-84.494192,"Shape_Leng":0.844552363861,"Origin_FIP":null,"ID":"33.781557--83.733847-33.413943--84.494192","Origin_F_1":13297,"Origin_Cou":"WALTON","Dest_FIPS":13113,"Dest_Count":"FAYETTE","Index":"33.781557--83.733847-33.413943--84.494192"}},{"type":"LineString","arcs":[-183],"properties":{"OID_":0,"Origin_Lat":33.993196,"Origin_Lon":-83.712763,"Dest_Lat":33.790252,"Dest_Long":-84.467018,"Shape_Leng":0.781082131388,"Origin_FIP":null,"ID":"33.993196--83.712763-33.790252--84.467018","Origin_F_1":13013,"Origin_Cou":"BARROW","Dest_FIPS":13121,"Dest_Count":"FULTON","Index":"33.993196--83.712763-33.790252--84.467018"}},{"type":"LineString","arcs":[-184],"properties":{"OID_":0,"Origin_Lat":34.237855,"Origin_Lon":-84.840499,"Dest_Lat":33.961729,"Dest_Long":-84.023628,"Shape_Leng":0.862280531938,"Origin_FIP":null,"ID":"34.237855--84.840499-33.961729--84.023628","Origin_F_1":13015,"Origin_Cou":"BARTOW","Dest_FIPS":13135,"Dest_Count":"GWINNETT","Index":"34.237855--84.840499-33.961729--84.023628"}},{"type":"LineString","arcs":[-185],"properties":{"OID_":0,"Origin_Lat":33.582817,"Origin_Lon":-85.079743,"Dest_Lat":34.316889,"Dest_Long":-83.819681,"Shape_Leng":1.45830678834,"Origin_FIP":null,"ID":"33.582817--85.079743-34.316889--83.819681","Origin_F_1":13045,"Origin_Cou":"CARROLL","Dest_FIPS":13139,"Dest_Count":"HALL","Index":"33.582817--85.079743-34.316889--83.819681"}},{"type":"LineString","arcs":[-186],"properties":{"OID_":0,"Origin_Lat":34.243933,"Origin_Lon":-84.4762,"Dest_Lat":33.453003,"Dest_Long":-84.154196,"Shape_Leng":0.853967033754,"Origin_FIP":null,"ID":"34.243933--84.4762-33.453003--84.154196","Origin_F_1":13057,"Origin_Cou":"CHEROKEE","Dest_FIPS":13151,"Dest_Count":"HENRY","Index":"34.243933--84.4762-33.453003--84.154196"}},{"type":"LineString","arcs":[-187],"properties":{"OID_":0,"Origin_Lat":33.541885,"Origin_Lon":-84.357686,"Dest_Lat":33.555049,"Dest_Long":-83.850187,"Shape_Leng":0.507670057677,"Origin_FIP":null,"ID":"33.541885--84.357686-33.555049--83.850187","Origin_F_1":13063,"Origin_Cou":"CLAYTON","Dest_FIPS":13217,"Dest_Count":"NEWTON","Index":"33.541885--84.357686-33.555049--83.850187"}},{"type":"LineString","arcs":[-188],"properties":{"OID_":0,"Origin_Lat":33.94147,"Origin_Lon":-84.576672,"Dest_Lat":33.920546,"Dest_Long":-84.867288,"Shape_Leng":0.291368346525,"Origin_FIP":null,"ID":"33.94147--84.576672-33.920546--84.867288","Origin_F_1":13067,"Origin_Cou":"COBB","Dest_FIPS":13223,"Dest_Count":"PAULDING","Index":"33.94147--84.576672-33.920546--84.867288"}},{"type":"LineString","arcs":[-189],"properties":{"OID_":0,"Origin_Lat":33.353456,"Origin_Lon":-84.763366,"Dest_Lat":33.654235,"Dest_Long":-84.026608,"Shape_Leng":0.795791023426,"Origin_FIP":null,"ID":"33.353456--84.763366-33.654235--84.026608","Origin_F_1":13077,"Origin_Cou":"COWETA","Dest_FIPS":13247,"Dest_Count":"ROCKDALE","Index":"33.353456--84.763366-33.654235--84.026608"}},{"type":"LineString","arcs":[-190],"properties":{"OID_":0,"Origin_Lat":34.444298,"Origin_Lon":-84.170636,"Dest_Lat":33.260868,"Dest_Long":-84.28416,"Shape_Leng":1.18886293983,"Origin_FIP":null,"ID":"34.444298--84.170636-33.260868--84.28416","Origin_F_1":13085,"Origin_Cou":"DAWSON","Dest_FIPS":13255,"Dest_Count":"SPALDING","Index":"34.444298--84.170636-33.260868--84.28416"}},{"type":"LineString","arcs":[-191],"properties":{"OID_":0,"Origin_Lat":33.771529,"Origin_Lon":-84.226408,"Dest_Lat":33.781557,"Dest_Long":-83.733847,"Shape_Leng":0.492663396311,"Origin_FIP":null,"ID":"33.771529--84.226408-33.781557--83.733847","Origin_F_1":13089,"Origin_Cou":"DEKALB","Dest_FIPS":13297,"Dest_Count":"WALTON","Index":"33.771529--84.226408-33.781557--83.733847"}},{"type":"LineString","arcs":[-171],"properties":{"OID_":0,"Origin_Lat":33.701821,"Origin_Lon":-84.767927,"Dest_Lat":33.993196,"Dest_Long":-83.712763,"Shape_Leng":1.09465970281,"Origin_FIP":null,"ID":"33.701821--84.767927-33.993196--83.712763","Origin_F_1":13097,"Origin_Cou":"DOUGLAS","Dest_FIPS":13013,"Dest_Count":"BARROW","Index":"33.701821--84.767927-33.993196--83.712763"}},{"type":"LineString","arcs":[-172],"properties":{"OID_":0,"Origin_Lat":33.413943,"Origin_Lon":-84.494192,"Dest_Lat":34.237855,"Dest_Long":-84.840499,"Shape_Leng":0.89373546994,"Origin_FIP":null,"ID":"33.413943--84.494192-34.237855--84.840499","Origin_F_1":13113,"Origin_Cou":"FAYETTE","Dest_FIPS":13015,"Dest_Count":"BARTOW","Index":"33.413943--84.494192-34.237855--84.840499"}},{"type":"LineString","arcs":[-173],"properties":{"OID_":0,"Origin_Lat":34.225515,"Origin_Lon":-84.12502,"Dest_Lat":33.582817,"Dest_Long":-85.079743,"Shape_Leng":1.15090117631,"Origin_FIP":null,"ID":"34.225515--84.12502-33.582817--85.079743","Origin_F_1":13117,"Origin_Cou":"FORSYTH","Dest_FIPS":13045,"Dest_Count":"CARROLL","Index":"34.225515--84.12502-33.582817--85.079743"}},{"type":"LineString","arcs":[-174],"properties":{"OID_":0,"Origin_Lat":33.790252,"Origin_Lon":-84.467018,"Dest_Lat":34.243933,"Dest_Long":-84.4762,"Shape_Leng":0.453773908121,"Origin_FIP":null,"ID":"33.790252--84.467018-34.243933--84.4762","Origin_F_1":13121,"Origin_Cou":"FULTON","Dest_FIPS":13057,"Dest_Count":"CHEROKEE","Index":"33.790252--84.467018-34.243933--84.4762"}},{"type":"LineString","arcs":[-175],"properties":{"OID_":0,"Origin_Lat":33.961729,"Origin_Lon":-84.023628,"Dest_Lat":33.541885,"Dest_Long":-84.357686,"Shape_Leng":0.536530099056,"Origin_FIP":null,"ID":"33.961729--84.023628-33.541885--84.357686","Origin_F_1":13135,"Origin_Cou":"GWINNETT","Dest_FIPS":13063,"Dest_Count":"CLAYTON","Index":"33.961729--84.023628-33.541885--84.357686"}},{"type":"LineString","arcs":[-176],"properties":{"OID_":0,"Origin_Lat":34.316889,"Origin_Lon":-83.819681,"Dest_Lat":33.94147,"Dest_Long":-84.576672,"Shape_Leng":0.844972833204,"Origin_FIP":null,"ID":"34.316889--83.819681-33.94147--84.576672","Origin_F_1":13139,"Origin_Cou":"HALL","Dest_FIPS":13067,"Dest_Count":"COBB","Index":"34.316889--83.819681-33.94147--84.576672"}},{"type":"LineString","arcs":[-177],"properties":{"OID_":0,"Origin_Lat":33.453003,"Origin_Lon":-84.154196,"Dest_Lat":33.353456,"Dest_Long":-84.763366,"Shape_Leng":0.617250787803,"Origin_FIP":null,"ID":"33.453003--84.154196-33.353456--84.763366","Origin_F_1":13151,"Origin_Cou":"HENRY","Dest_FIPS":13077,"Dest_Count":"COWETA","Index":"33.453003--84.154196-33.353456--84.763366"}},{"type":"LineString","arcs":[-178],"properties":{"OID_":0,"Origin_Lat":33.555049,"Origin_Lon":-83.850187,"Dest_Lat":34.444298,"Dest_Long":-84.170636,"Shape_Leng":0.945227478452,"Origin_FIP":null,"ID":"33.555049--83.850187-34.444298--84.170636","Origin_F_1":13217,"Origin_Cou":"NEWTON","Dest_FIPS":13085,"Dest_Count":"DAWSON","Index":"33.555049--83.850187-34.444298--84.170636"}},{"type":"LineString","arcs":[-179],"properties":{"OID_":0,"Origin_Lat":33.920546,"Origin_Lon":-84.867288,"Dest_Lat":33.771529,"Dest_Long":-84.226408,"Shape_Leng":0.657977517657,"Origin_FIP":null,"ID":"33.920546--84.867288-33.771529--84.226408","Origin_F_1":13223,"Origin_Cou":"PAULDING","Dest_FIPS":13089,"Dest_Count":"DEKALB","Index":"33.920546--84.867288-33.771529--84.226408"}},{"type":"LineString","arcs":[-180],"properties":{"OID_":0,"Origin_Lat":33.654235,"Origin_Lon":-84.026608,"Dest_Lat":33.701821,"Dest_Long":-84.767927,"Shape_Leng":0.742845856869,"Origin_FIP":null,"ID":"33.654235--84.026608-33.701821--84.767927","Origin_F_1":13247,"Origin_Cou":"ROCKDALE","Dest_FIPS":13097,"Dest_Count":"DOUGLAS","Index":"33.654235--84.026608-33.701821--84.767927"}},{"type":"LineString","arcs":[-181],"properties":{"OID_":0,"Origin_Lat":33.260868,"Origin_Lon":-84.28416,"Dest_Lat":33.413943,"Dest_Long":-84.494192,"Shape_Leng":0.25989505599,"Origin_FIP":null,"ID":"33.260868--84.28416-33.413943--84.494192","Origin_F_1":13255,"Origin_Cou":"SPALDING","Dest_FIPS":13113,"Dest_Count":"FAYETTE","Index":"33.260868--84.28416-33.413943--84.494192"}},{"type":"LineString","arcs":[-182],"properties":{"OID_":0,"Origin_Lat":33.781557,"Origin_Lon":-83.733847,"Dest_Lat":34.225515,"Dest_Long":-84.12502,"Shape_Leng":0.591706250941,"Origin_FIP":null,"ID":"33.781557--83.733847-34.225515--84.12502","Origin_F_1":13297,"Origin_Cou":"WALTON","Dest_FIPS":13117,"Dest_Count":"FORSYTH","Index":"33.781557--83.733847-34.225515--84.12502"}},{"type":"LineString","arcs":[-163],"properties":{"OID_":0,"Origin_Lat":33.993196,"Origin_Lon":-83.712763,"Dest_Lat":33.961729,"Dest_Long":-84.023628,"Shape_Leng":0.312453635261,"Origin_FIP":null,"ID":"33.993196--83.712763-33.961729--84.023628","Origin_F_1":13013,"Origin_Cou":"BARROW","Dest_FIPS":13135,"Dest_Count":"GWINNETT","Index":"33.993196--83.712763-33.961729--84.023628"}},{"type":"LineString","arcs":[-164],"properties":{"OID_":0,"Origin_Lat":34.237855,"Origin_Lon":-84.840499,"Dest_Lat":34.316889,"Dest_Long":-83.819681,"Shape_Leng":1.02387595093,"Origin_FIP":null,"ID":"34.237855--84.840499-34.316889--83.819681","Origin_F_1":13015,"Origin_Cou":"BARTOW","Dest_FIPS":13139,"Dest_Count":"HALL","Index":"34.237855--84.840499-34.316889--83.819681"}},{"type":"LineString","arcs":[-165],"properties":{"OID_":0,"Origin_Lat":33.582817,"Origin_Lon":-85.079743,"Dest_Lat":33.453003,"Dest_Long":-84.154196,"Shape_Leng":0.934608626953,"Origin_FIP":null,"ID":"33.582817--85.079743-33.453003--84.154196","Origin_F_1":13045,"Origin_Cou":"CARROLL","Dest_FIPS":13151,"Dest_Count":"HENRY","Index":"33.582817--85.079743-33.453003--84.154196"}},{"type":"LineString","arcs":[-166],"properties":{"OID_":0,"Origin_Lat":34.243933,"Origin_Lon":-84.4762,"Dest_Lat":33.555049,"Dest_Long":-83.850187,"Shape_Leng":0.930838970858,"Origin_FIP":null,"ID":"34.243933--84.4762-33.555049--83.850187","Origin_F_1":13057,"Origin_Cou":"CHEROKEE","Dest_FIPS":13217,"Dest_Count":"NEWTON","Index":"34.243933--84.4762-33.555049--83.850187"}},{"type":"LineString","arcs":[-167],"properties":{"OID_":0,"Origin_Lat":33.541885,"Origin_Lon":-84.357686,"Dest_Lat":33.920546,"Dest_Long":-84.867288,"Shape_Leng":0.63488577492,"Origin_FIP":null,"ID":"33.541885--84.357686-33.920546--84.867288","Origin_F_1":13063,"Origin_Cou":"CLAYTON","Dest_FIPS":13223,"Dest_Count":"PAULDING","Index":"33.541885--84.357686-33.920546--84.867288"}},{"type":"LineString","arcs":[-168],"properties":{"OID_":0,"Origin_Lat":33.94147,"Origin_Lon":-84.576672,"Dest_Lat":33.654235,"Dest_Long":-84.026608,"Shape_Leng":0.62054460588,"Origin_FIP":null,"ID":"33.94147--84.576672-33.654235--84.026608","Origin_F_1":13067,"Origin_Cou":"COBB","Dest_FIPS":13247,"Dest_Count":"ROCKDALE","Index":"33.94147--84.576672-33.654235--84.026608"}},{"type":"LineString","arcs":[-169],"properties":{"OID_":0,"Origin_Lat":33.353456,"Origin_Lon":-84.763366,"Dest_Lat":33.260868,"Dest_Long":-84.28416,"Shape_Leng":0.488068913182,"Origin_FIP":null,"ID":"33.353456--84.763366-33.260868--84.28416","Origin_F_1":13077,"Origin_Cou":"COWETA","Dest_FIPS":13255,"Dest_Count":"SPALDING","Index":"33.353456--84.763366-33.260868--84.28416"}},{"type":"LineString","arcs":[-170],"properties":{"OID_":0,"Origin_Lat":34.444298,"Origin_Lon":-84.170636,"Dest_Lat":33.781557,"Dest_Long":-83.733847,"Shape_Leng":0.793734133458,"Origin_FIP":null,"ID":"34.444298--84.170636-33.781557--83.733847","Origin_F_1":13085,"Origin_Cou":"DAWSON","Dest_FIPS":13297,"Dest_Count":"WALTON","Index":"34.444298--84.170636-33.781557--83.733847"}},{"type":"LineString","arcs":[-150],"properties":{"OID_":0,"Origin_Lat":33.771529,"Origin_Lon":-84.226408,"Dest_Lat":33.993196,"Dest_Long":-83.712763,"Shape_Leng":0.559435615238,"Origin_FIP":null,"ID":"33.771529--84.226408-33.993196--83.712763","Origin_F_1":13089,"Origin_Cou":"DEKALB","Dest_FIPS":13013,"Dest_Count":"BARROW","Index":"33.771529--84.226408-33.993196--83.712763"}},{"type":"LineString","arcs":[-151],"properties":{"OID_":0,"Origin_Lat":33.701821,"Origin_Lon":-84.767927,"Dest_Lat":34.237855,"Dest_Long":-84.840499,"Shape_Leng":0.540924406925,"Origin_FIP":null,"ID":"33.701821--84.767927-34.237855--84.840499","Origin_F_1":13097,"Origin_Cou":"DOUGLAS","Dest_FIPS":13015,"Dest_Count":"BARTOW","Index":"33.701821--84.767927-34.237855--84.840499"}},{"type":"LineString","arcs":[-152],"properties":{"OID_":0,"Origin_Lat":33.413943,"Origin_Lon":-84.494192,"Dest_Lat":33.582817,"Dest_Long":-85.079743,"Shape_Leng":0.609417184705,"Origin_FIP":null,"ID":"33.413943--84.494192-33.582817--85.079743","Origin_F_1":13113,"Origin_Cou":"FAYETTE","Dest_FIPS":13045,"Dest_Count":"CARROLL","Index":"33.413943--84.494192-33.582817--85.079743"}},{"type":"LineString","arcs":[-153],"properties":{"OID_":0,"Origin_Lat":34.225515,"Origin_Lon":-84.12502,"Dest_Lat":34.243933,"Dest_Long":-84.4762,"Shape_Leng":0.351662765252,"Origin_FIP":null,"ID":"34.225515--84.12502-34.243933--84.4762","Origin_F_1":13117,"Origin_Cou":"FORSYTH","Dest_FIPS":13057,"Dest_Count":"CHEROKEE","Index":"34.225515--84.12502-34.243933--84.4762"}},{"type":"LineString","arcs":[-154],"properties":{"OID_":0,"Origin_Lat":33.790252,"Origin_Lon":-84.467018,"Dest_Lat":33.541885,"Dest_Long":-84.357686,"Shape_Leng":0.271366329376,"Origin_FIP":null,"ID":"33.790252--84.467018-33.541885--84.357686","Origin_F_1":13121,"Origin_Cou":"FULTON","Dest_FIPS":13063,"Dest_Count":"CLAYTON","Index":"33.790252--84.467018-33.541885--84.357686"}},{"type":"LineString","arcs":[-155],"properties":{"OID_":0,"Origin_Lat":33.961729,"Origin_Lon":-84.023628,"Dest_Lat":33.94147,"Dest_Long":-84.576672,"Shape_Leng":0.55341540506,"Origin_FIP":null,"ID":"33.961729--84.023628-33.94147--84.576672","Origin_F_1":13135,"Origin_Cou":"GWINNETT","Dest_FIPS":13067,"Dest_Count":"COBB","Index":"33.961729--84.023628-33.94147--84.576672"}},{"type":"LineString","arcs":[-156],"properties":{"OID_":0,"Origin_Lat":34.316889,"Origin_Lon":-83.819681,"Dest_Lat":33.353456,"Dest_Long":-84.763366,"Shape_Leng":1.34862108164,"Origin_FIP":null,"ID":"34.316889--83.819681-33.353456--84.763366","Origin_F_1":13139,"Origin_Cou":"HALL","Dest_FIPS":13077,"Dest_Count":"COWETA","Index":"34.316889--83.819681-33.353456--84.763366"}},{"type":"LineString","arcs":[-157],"properties":{"OID_":0,"Origin_Lat":33.453003,"Origin_Lon":-84.154196,"Dest_Lat":34.444298,"Dest_Long":-84.170636,"Shape_Leng":0.991431320316,"Origin_FIP":null,"ID":"33.453003--84.154196-34.444298--84.170636","Origin_F_1":13151,"Origin_Cou":"HENRY","Dest_FIPS":13085,"Dest_Count":"DAWSON","Index":"33.453003--84.154196-34.444298--84.170636"}},{"type":"LineString","arcs":[-158],"properties":{"OID_":0,"Origin_Lat":33.555049,"Origin_Lon":-83.850187,"Dest_Lat":33.771529,"Dest_Long":-84.226408,"Shape_Leng":0.434057766171,"Origin_FIP":null,"ID":"33.555049--83.850187-33.771529--84.226408","Origin_F_1":13217,"Origin_Cou":"NEWTON","Dest_FIPS":13089,"Dest_Count":"DEKALB","Index":"33.555049--83.850187-33.771529--84.226408"}},{"type":"LineString","arcs":[-159],"properties":{"OID_":0,"Origin_Lat":33.920546,"Origin_Lon":-84.867288,"Dest_Lat":33.701821,"Dest_Long":-84.767927,"Shape_Leng":0.240235830964,"Origin_FIP":null,"ID":"33.920546--84.867288-33.701821--84.767927","Origin_F_1":13223,"Origin_Cou":"PAULDING","Dest_FIPS":13097,"Dest_Count":"DOUGLAS","Index":"33.920546--84.867288-33.701821--84.767927"}},{"type":"LineString","arcs":[-160],"properties":{"OID_":0,"Origin_Lat":33.654235,"Origin_Lon":-84.026608,"Dest_Lat":33.413943,"Dest_Long":-84.494192,"Shape_Leng":0.525714444686,"Origin_FIP":null,"ID":"33.654235--84.026608-33.413943--84.494192","Origin_F_1":13247,"Origin_Cou":"ROCKDALE","Dest_FIPS":13113,"Dest_Count":"FAYETTE","Index":"33.654235--84.026608-33.413943--84.494192"}},{"type":"LineString","arcs":[-161],"properties":{"OID_":0,"Origin_Lat":33.260868,"Origin_Lon":-84.28416,"Dest_Lat":34.225515,"Dest_Long":-84.12502,"Shape_Leng":0.977686267875,"Origin_FIP":null,"ID":"33.260868--84.28416-34.225515--84.12502","Origin_F_1":13255,"Origin_Cou":"SPALDING","Dest_FIPS":13117,"Dest_Count":"FORSYTH","Index":"33.260868--84.28416-34.225515--84.12502"}},{"type":"LineString","arcs":[-162],"properties":{"OID_":0,"Origin_Lat":33.781557,"Origin_Lon":-83.733847,"Dest_Lat":33.790252,"Dest_Long":-84.467018,"Shape_Leng":0.733223636042,"Origin_FIP":null,"ID":"33.781557--83.733847-33.790252--84.467018","Origin_F_1":13297,"Origin_Cou":"WALTON","Dest_FIPS":13121,"Dest_Count":"FULTON","Index":"33.781557--83.733847-33.790252--84.467018"}},{"type":"LineString","arcs":[-143],"properties":{"OID_":0,"Origin_Lat":33.993196,"Origin_Lon":-83.712763,"Dest_Lat":34.316889,"Dest_Long":-83.819681,"Shape_Leng":0.34089393,"Origin_FIP":null,"ID":"33.993196--83.712763-34.316889--83.819681","Origin_F_1":13013,"Origin_Cou":"BARROW","Dest_FIPS":13139,"Dest_Count":"HALL","Index":"33.993196--83.712763-34.316889--83.819681"}},{"type":"LineString","arcs":[-144],"properties":{"OID_":0,"Origin_Lat":34.237855,"Origin_Lon":-84.840499,"Dest_Lat":33.453003,"Dest_Long":-84.154196,"Shape_Leng":1.04260084707,"Origin_FIP":null,"ID":"34.237855--84.840499-33.453003--84.154196","Origin_F_1":13015,"Origin_Cou":"BARTOW","Dest_FIPS":13151,"Dest_Count":"HENRY","Index":"34.237855--84.840499-33.453003--84.154196"}},{"type":"LineString","arcs":[-145],"properties":{"OID_":0,"Origin_Lat":33.582817,"Origin_Lon":-85.079743,"Dest_Lat":33.555049,"Dest_Long":-83.850187,"Shape_Leng":1.22987457884,"Origin_FIP":null,"ID":"33.582817--85.079743-33.555049--83.850187","Origin_F_1":13045,"Origin_Cou":"CARROLL","Dest_FIPS":13217,"Dest_Count":"NEWTON","Index":"33.582817--85.079743-33.555049--83.850187"}},{"type":"LineString","arcs":[-146],"properties":{"OID_":0,"Origin_Lat":34.243933,"Origin_Lon":-84.4762,"Dest_Lat":33.920546,"Dest_Long":-84.867288,"Shape_Leng":0.507473802549,"Origin_FIP":null,"ID":"34.243933--84.4762-33.920546--84.867288","Origin_F_1":13057,"Origin_Cou":"CHEROKEE","Dest_FIPS":13223,"Dest_Count":"PAULDING","Index":"34.243933--84.4762-33.920546--84.867288"}},{"type":"LineString","arcs":[-147],"properties":{"OID_":0,"Origin_Lat":33.541885,"Origin_Lon":-84.357686,"Dest_Lat":33.654235,"Dest_Long":-84.026608,"Shape_Leng":0.34962160749,"Origin_FIP":null,"ID":"33.541885--84.357686-33.654235--84.026608","Origin_F_1":13063,"Origin_Cou":"CLAYTON","Dest_FIPS":13247,"Dest_Count":"ROCKDALE","Index":"33.541885--84.357686-33.654235--84.026608"}},{"type":"LineString","arcs":[-148],"properties":{"OID_":0,"Origin_Lat":33.94147,"Origin_Lon":-84.576672,"Dest_Lat":33.260868,"Dest_Long":-84.28416,"Shape_Leng":0.740799607692,"Origin_FIP":null,"ID":"33.94147--84.576672-33.260868--84.28416","Origin_F_1":13067,"Origin_Cou":"COBB","Dest_FIPS":13255,"Dest_Count":"SPALDING","Index":"33.94147--84.576672-33.260868--84.28416"}},{"type":"LineString","arcs":[-149],"properties":{"OID_":0,"Origin_Lat":33.353456,"Origin_Lon":-84.763366,"Dest_Lat":33.781557,"Dest_Long":-83.733847,"Shape_Leng":1.11498498177,"Origin_FIP":null,"ID":"33.353456--84.763366-33.781557--83.733847","Origin_F_1":13077,"Origin_Cou":"COWETA","Dest_FIPS":13297,"Dest_Count":"WALTON","Index":"33.353456--84.763366-33.781557--83.733847"}},{"type":"LineString","arcs":[-129],"properties":{"OID_":0,"Origin_Lat":34.444298,"Origin_Lon":-84.170636,"Dest_Lat":33.993196,"Dest_Long":-83.712763,"Shape_Leng":0.642761630027,"Origin_FIP":null,"ID":"34.444298--84.170636-33.993196--83.712763","Origin_F_1":13085,"Origin_Cou":"DAWSON","Dest_FIPS":13013,"Dest_Count":"BARROW","Index":"34.444298--84.170636-33.993196--83.712763"}},{"type":"LineString","arcs":[-130],"properties":{"OID_":0,"Origin_Lat":33.771529,"Origin_Lon":-84.226408,"Dest_Lat":34.237855,"Dest_Long":-84.840499,"Shape_Leng":0.771084461361,"Origin_FIP":null,"ID":"33.771529--84.226408-34.237855--84.840499","Origin_F_1":13089,"Origin_Cou":"DEKALB","Dest_FIPS":13015,"Dest_Count":"BARTOW","Index":"33.771529--84.226408-34.237855--84.840499"}},{"type":"LineString","arcs":[-131],"properties":{"OID_":0,"Origin_Lat":33.701821,"Origin_Lon":-84.767927,"Dest_Lat":33.582817,"Dest_Long":-85.079743,"Shape_Leng":0.333753292698,"Origin_FIP":null,"ID":"33.701821--84.767927-33.582817--85.079743","Origin_F_1":13097,"Origin_Cou":"DOUGLAS","Dest_FIPS":13045,"Dest_Count":"CARROLL","Index":"33.701821--84.767927-33.582817--85.079743"}},{"type":"LineString","arcs":[-132],"properties":{"OID_":0,"Origin_Lat":33.413943,"Origin_Lon":-84.494192,"Dest_Lat":34.243933,"Dest_Long":-84.4762,"Shape_Leng":0.830184992866,"Origin_FIP":null,"ID":"33.413943--84.494192-34.243933--84.4762","Origin_F_1":13113,"Origin_Cou":"FAYETTE","Dest_FIPS":13057,"Dest_Count":"CHEROKEE","Index":"33.413943--84.494192-34.243933--84.4762"}},{"type":"LineString","arcs":[-133],"properties":{"OID_":0,"Origin_Lat":34.225515,"Origin_Lon":-84.12502,"Dest_Lat":33.541885,"Dest_Long":-84.357686,"Shape_Leng":0.722138887304,"Origin_FIP":null,"ID":"34.225515--84.12502-33.541885--84.357686","Origin_F_1":13117,"Origin_Cou":"FORSYTH","Dest_FIPS":13063,"Dest_Count":"CLAYTON","Index":"34.225515--84.12502-33.541885--84.357686"}},{"type":"LineString","arcs":[-134],"properties":{"OID_":0,"Origin_Lat":33.790252,"Origin_Lon":-84.467018,"Dest_Lat":33.94147,"Dest_Long":-84.576672,"Shape_Leng":0.186791045748,"Origin_FIP":null,"ID":"33.790252--84.467018-33.94147--84.576672","Origin_F_1":13121,"Origin_Cou":"FULTON","Dest_FIPS":13067,"Dest_Count":"COBB","Index":"33.790252--84.467018-33.94147--84.576672"}},{"type":"LineString","arcs":[-135],"properties":{"OID_":0,"Origin_Lat":33.961729,"Origin_Lon":-84.023628,"Dest_Lat":33.353456,"Dest_Long":-84.763366,"Shape_Leng":0.957714368954,"Origin_FIP":null,"ID":"33.961729--84.023628-33.353456--84.763366","Origin_F_1":13135,"Origin_Cou":"GWINNETT","Dest_FIPS":13077,"Dest_Count":"COWETA","Index":"33.961729--84.023628-33.353456--84.763366"}},{"type":"LineString","arcs":[-136],"properties":{"OID_":0,"Origin_Lat":34.316889,"Origin_Lon":-83.819681,"Dest_Lat":34.444298,"Dest_Long":-84.170636,"Shape_Leng":0.373366587269,"Origin_FIP":null,"ID":"34.316889--83.819681-34.444298--84.170636","Origin_F_1":13139,"Origin_Cou":"HALL","Dest_FIPS":13085,"Dest_Count":"DAWSON","Index":"34.316889--83.819681-34.444298--84.170636"}},{"type":"LineString","arcs":[-137],"properties":{"OID_":0,"Origin_Lat":33.453003,"Origin_Lon":-84.154196,"Dest_Lat":33.771529,"Dest_Long":-84.226408,"Shape_Leng":0.326608954409,"Origin_FIP":null,"ID":"33.453003--84.154196-33.771529--84.226408","Origin_F_1":13151,"Origin_Cou":"HENRY","Dest_FIPS":13089,"Dest_Count":"DEKALB","Index":"33.453003--84.154196-33.771529--84.226408"}},{"type":"LineString","arcs":[-138],"properties":{"OID_":0,"Origin_Lat":33.555049,"Origin_Lon":-83.850187,"Dest_Lat":33.701821,"Dest_Long":-84.767927,"Shape_Leng":0.929404686276,"Origin_FIP":null,"ID":"33.555049--83.850187-33.701821--84.767927","Origin_F_1":13217,"Origin_Cou":"NEWTON","Dest_FIPS":13097,"Dest_Count":"DOUGLAS","Index":"33.555049--83.850187-33.701821--84.767927"}},{"type":"LineString","arcs":[-139],"properties":{"OID_":0,"Origin_Lat":33.920546,"Origin_Lon":-84.867288,"Dest_Lat":33.413943,"Dest_Long":-84.494192,"Shape_Leng":0.629165085497,"Origin_FIP":null,"ID":"33.920546--84.867288-33.413943--84.494192","Origin_F_1":13223,"Origin_Cou":"PAULDING","Dest_FIPS":13113,"Dest_Count":"FAYETTE","Index":"33.920546--84.867288-33.413943--84.494192"}},{"type":"LineString","arcs":[-140],"properties":{"OID_":0,"Origin_Lat":33.654235,"Origin_Lon":-84.026608,"Dest_Lat":34.225515,"Dest_Long":-84.12502,"Shape_Leng":0.579694665195,"Origin_FIP":null,"ID":"33.654235--84.026608-34.225515--84.12502","Origin_F_1":13247,"Origin_Cou":"ROCKDALE","Dest_FIPS":13117,"Dest_Count":"FORSYTH","Index":"33.654235--84.026608-34.225515--84.12502"}},{"type":"LineString","arcs":[-141],"properties":{"OID_":0,"Origin_Lat":33.260868,"Origin_Lon":-84.28416,"Dest_Lat":33.790252,"Dest_Long":-84.467018,"Shape_Leng":0.560075775412,"Origin_FIP":null,"ID":"33.260868--84.28416-33.790252--84.467018","Origin_F_1":13255,"Origin_Cou":"SPALDING","Dest_FIPS":13121,"Dest_Count":"FULTON","Index":"33.260868--84.28416-33.790252--84.467018"}},{"type":"LineString","arcs":[-142],"properties":{"OID_":0,"Origin_Lat":33.781557,"Origin_Lon":-83.733847,"Dest_Lat":33.961729,"Dest_Long":-84.023628,"Shape_Leng":0.341225882237,"Origin_FIP":null,"ID":"33.781557--83.733847-33.961729--84.023628","Origin_F_1":13297,"Origin_Cou":"WALTON","Dest_FIPS":13135,"Dest_Count":"GWINNETT","Index":"33.781557--83.733847-33.961729--84.023628"}},{"type":"LineString","arcs":[-123],"properties":{"OID_":0,"Origin_Lat":33.993196,"Origin_Lon":-83.712763,"Dest_Lat":33.453003,"Dest_Long":-84.154196,"Shape_Leng":0.697620183655,"Origin_FIP":null,"ID":"33.993196--83.712763-33.453003--84.154196","Origin_F_1":13013,"Origin_Cou":"BARROW","Dest_FIPS":13151,"Dest_Count":"HENRY","Index":"33.993196--83.712763-33.453003--84.154196"}},{"type":"LineString","arcs":[-124],"properties":{"OID_":0,"Origin_Lat":34.237855,"Origin_Lon":-84.840499,"Dest_Lat":33.555049,"Dest_Long":-83.850187,"Shape_Leng":1.20289738107,"Origin_FIP":null,"ID":"34.237855--84.840499-33.555049--83.850187","Origin_F_1":13015,"Origin_Cou":"BARTOW","Dest_FIPS":13217,"Dest_Count":"NEWTON","Index":"34.237855--84.840499-33.555049--83.850187"}},{"type":"LineString","arcs":[-125],"properties":{"OID_":0,"Origin_Lat":33.582817,"Origin_Lon":-85.079743,"Dest_Lat":33.920546,"Dest_Long":-84.867288,"Shape_Leng":0.39899651828,"Origin_FIP":null,"ID":"33.582817--85.079743-33.920546--84.867288","Origin_F_1":13045,"Origin_Cou":"CARROLL","Dest_FIPS":13223,"Dest_Count":"PAULDING","Index":"33.582817--85.079743-33.920546--84.867288"}},{"type":"LineString","arcs":[-126],"properties":{"OID_":0,"Origin_Lat":34.243933,"Origin_Lon":-84.4762,"Dest_Lat":33.654235,"Dest_Long":-84.026608,"Shape_Leng":0.74153871033,"Origin_FIP":null,"ID":"34.243933--84.4762-33.654235--84.026608","Origin_F_1":13057,"Origin_Cou":"CHEROKEE","Dest_FIPS":13247,"Dest_Count":"ROCKDALE","Index":"34.243933--84.4762-33.654235--84.026608"}},{"type":"LineString","arcs":[-127],"properties":{"OID_":0,"Origin_Lat":33.541885,"Origin_Lon":-84.357686,"Dest_Lat":33.260868,"Dest_Long":-84.28416,"Shape_Leng":0.290476583444,"Origin_FIP":null,"ID":"33.541885--84.357686-33.260868--84.28416","Origin_F_1":13063,"Origin_Cou":"CLAYTON","Dest_FIPS":13255,"Dest_Count":"SPALDING","Index":"33.541885--84.357686-33.260868--84.28416"}},{"type":"LineString","arcs":[-128],"properties":{"OID_":0,"Origin_Lat":33.94147,"Origin_Lon":-84.576672,"Dest_Lat":33.781557,"Dest_Long":-83.733847,"Shape_Leng":0.857863278647,"Origin_FIP":null,"ID":"33.94147--84.576672-33.781557--83.733847","Origin_F_1":13067,"Origin_Cou":"COBB","Dest_FIPS":13297,"Dest_Count":"WALTON","Index":"33.94147--84.576672-33.781557--83.733847"}},{"type":"LineString","arcs":[-108],"properties":{"OID_":0,"Origin_Lat":33.353456,"Origin_Lon":-84.763366,"Dest_Lat":33.993196,"Dest_Long":-83.712763,"Shape_Leng":1.23006287287,"Origin_FIP":null,"ID":"33.353456--84.763366-33.993196--83.712763","Origin_F_1":13077,"Origin_Cou":"COWETA","Dest_FIPS":13013,"Dest_Count":"BARROW","Index":"33.353456--84.763366-33.993196--83.712763"}},{"type":"LineString","arcs":[-109],"properties":{"OID_":0,"Origin_Lat":34.444298,"Origin_Lon":-84.170636,"Dest_Lat":34.237855,"Dest_Long":-84.840499,"Shape_Leng":0.700954220987,"Origin_FIP":null,"ID":"34.444298--84.170636-34.237855--84.840499","Origin_F_1":13085,"Origin_Cou":"DAWSON","Dest_FIPS":13015,"Dest_Count":"BARTOW","Index":"34.444298--84.170636-34.237855--84.840499"}},{"type":"LineString","arcs":[-110],"properties":{"OID_":0,"Origin_Lat":33.771529,"Origin_Lon":-84.226408,"Dest_Lat":33.582817,"Dest_Long":-85.079743,"Shape_Leng":0.873954478744,"Origin_FIP":null,"ID":"33.771529--84.226408-33.582817--85.079743","Origin_F_1":13089,"Origin_Cou":"DEKALB","Dest_FIPS":13045,"Dest_Count":"CARROLL","Index":"33.771529--84.226408-33.582817--85.079743"}},{"type":"LineString","arcs":[-111],"properties":{"OID_":0,"Origin_Lat":33.701821,"Origin_Lon":-84.767927,"Dest_Lat":34.243933,"Dest_Long":-84.4762,"Shape_Leng":0.615622570564,"Origin_FIP":null,"ID":"33.701821--84.767927-34.243933--84.4762","Origin_F_1":13097,"Origin_Cou":"DOUGLAS","Dest_FIPS":13057,"Dest_Count":"CHEROKEE","Index":"33.701821--84.767927-34.243933--84.4762"}},{"type":"LineString","arcs":[-112],"properties":{"OID_":0,"Origin_Lat":33.413943,"Origin_Lon":-84.494192,"Dest_Lat":33.541885,"Dest_Long":-84.357686,"Shape_Leng":0.187091036097,"Origin_FIP":null,"ID":"33.413943--84.494192-33.541885--84.357686","Origin_F_1":13113,"Origin_Cou":"FAYETTE","Dest_FIPS":13063,"Dest_Count":"CLAYTON","Index":"33.413943--84.494192-33.541885--84.357686"}},{"type":"LineString","arcs":[-113],"properties":{"OID_":0,"Origin_Lat":34.225515,"Origin_Lon":-84.12502,"Dest_Lat":33.94147,"Dest_Long":-84.576672,"Shape_Leng":0.533546485289,"Origin_FIP":null,"ID":"34.225515--84.12502-33.94147--84.576672","Origin_F_1":13117,"Origin_Cou":"FORSYTH","Dest_FIPS":13067,"Dest_Count":"COBB","Index":"34.225515--84.12502-33.94147--84.576672"}},{"type":"LineString","arcs":[-114],"properties":{"OID_":0,"Origin_Lat":33.790252,"Origin_Lon":-84.467018,"Dest_Lat":33.353456,"Dest_Long":-84.763366,"Shape_Leng":0.527838589406,"Origin_FIP":null,"ID":"33.790252--84.467018-33.353456--84.763366","Origin_F_1":13121,"Origin_Cou":"FULTON","Dest_FIPS":13077,"Dest_Count":"COWETA","Index":"33.790252--84.467018-33.353456--84.763366"}},{"type":"LineString","arcs":[-115],"properties":{"OID_":0,"Origin_Lat":33.961729,"Origin_Lon":-84.023628,"Dest_Lat":34.444298,"Dest_Long":-84.170636,"Shape_Leng":0.504464491118,"Origin_FIP":null,"ID":"33.961729--84.023628-34.444298--84.170636","Origin_F_1":13135,"Origin_Cou":"GWINNETT","Dest_FIPS":13085,"Dest_Count":"DAWSON","Index":"33.961729--84.023628-34.444298--84.170636"}},{"type":"LineString","arcs":[-116],"properties":{"OID_":0,"Origin_Lat":34.316889,"Origin_Lon":-83.819681,"Dest_Lat":33.771529,"Dest_Long":-84.226408,"Shape_Leng":0.680328208576,"Origin_FIP":null,"ID":"34.316889--83.819681-33.771529--84.226408","Origin_F_1":13139,"Origin_Cou":"HALL","Dest_FIPS":13089,"Dest_Count":"DEKALB","Index":"34.316889--83.819681-33.771529--84.226408"}},{"type":"LineString","arcs":[-117],"properties":{"OID_":0,"Origin_Lat":33.453003,"Origin_Lon":-84.154196,"Dest_Lat":33.701821,"Dest_Long":-84.767927,"Shape_Leng":0.662251896498,"Origin_FIP":null,"ID":"33.453003--84.154196-33.701821--84.767927","Origin_F_1":13151,"Origin_Cou":"HENRY","Dest_FIPS":13097,"Dest_Count":"DOUGLAS","Index":"33.453003--84.154196-33.701821--84.767927"}},{"type":"LineString","arcs":[-118],"properties":{"OID_":0,"Origin_Lat":33.555049,"Origin_Lon":-83.850187,"Dest_Lat":33.413943,"Dest_Long":-84.494192,"Shape_Leng":0.659283319664,"Origin_FIP":null,"ID":"33.555049--83.850187-33.413943--84.494192","Origin_F_1":13217,"Origin_Cou":"NEWTON","Dest_FIPS":13113,"Dest_Count":"FAYETTE","Index":"33.555049--83.850187-33.413943--84.494192"}},{"type":"LineString","arcs":[-119],"properties":{"OID_":0,"Origin_Lat":33.920546,"Origin_Lon":-84.867288,"Dest_Lat":34.225515,"Dest_Long":-84.12502,"Shape_Leng":0.802478074248,"Origin_FIP":null,"ID":"33.920546--84.867288-34.225515--84.12502","Origin_F_1":13223,"Origin_Cou":"PAULDING","Dest_FIPS":13117,"Dest_Count":"FORSYTH","Index":"33.920546--84.867288-34.225515--84.12502"}},{"type":"LineString","arcs":[-120],"properties":{"OID_":0,"Origin_Lat":33.654235,"Origin_Lon":-84.026608,"Dest_Lat":33.790252,"Dest_Long":-84.467018,"Shape_Leng":0.460935892833,"Origin_FIP":null,"ID":"33.654235--84.026608-33.790252--84.467018","Origin_F_1":13247,"Origin_Cou":"ROCKDALE","Dest_FIPS":13121,"Dest_Count":"FULTON","Index":"33.654235--84.026608-33.790252--84.467018"}},{"type":"LineString","arcs":[-121],"properties":{"OID_":0,"Origin_Lat":33.260868,"Origin_Lon":-84.28416,"Dest_Lat":33.961729,"Dest_Long":-84.023628,"Shape_Leng":0.747719542571,"Origin_FIP":null,"ID":"33.260868--84.28416-33.961729--84.023628","Origin_F_1":13255,"Origin_Cou":"SPALDING","Dest_FIPS":13135,"Dest_Count":"GWINNETT","Index":"33.260868--84.28416-33.961729--84.023628"}},{"type":"LineString","arcs":[-122],"properties":{"OID_":0,"Origin_Lat":33.781557,"Origin_Lon":-83.733847,"Dest_Lat":34.316889,"Dest_Long":-83.819681,"Shape_Leng":0.542169644435,"Origin_FIP":null,"ID":"33.781557--83.733847-34.316889--83.819681","Origin_F_1":13297,"Origin_Cou":"WALTON","Dest_FIPS":13139,"Dest_Count":"HALL","Index":"33.781557--83.733847-34.316889--83.819681"}},{"type":"LineString","arcs":[-103],"properties":{"OID_":0,"Origin_Lat":33.993196,"Origin_Lon":-83.712763,"Dest_Lat":33.555049,"Dest_Long":-83.850187,"Shape_Leng":0.459193107926,"Origin_FIP":null,"ID":"33.993196--83.712763-33.555049--83.850187","Origin_F_1":13013,"Origin_Cou":"BARROW","Dest_FIPS":13217,"Dest_Count":"NEWTON","Index":"33.993196--83.712763-33.555049--83.850187"}},{"type":"LineString","arcs":[-104],"properties":{"OID_":0,"Origin_Lat":34.237855,"Origin_Lon":-84.840499,"Dest_Lat":33.920546,"Dest_Long":-84.867288,"Shape_Leng":0.318437835951,"Origin_FIP":null,"ID":"34.237855--84.840499-33.920546--84.867288","Origin_F_1":13015,"Origin_Cou":"BARTOW","Dest_FIPS":13223,"Dest_Count":"PAULDING","Index":"34.237855--84.840499-33.920546--84.867288"}},{"type":"LineString","arcs":[-105],"properties":{"OID_":0,"Origin_Lat":33.582817,"Origin_Lon":-85.079743,"Dest_Lat":33.654235,"Dest_Long":-84.026608,"Shape_Leng":1.05555705931,"Origin_FIP":null,"ID":"33.582817--85.079743-33.654235--84.026608","Origin_F_1":13045,"Origin_Cou":"CARROLL","Dest_FIPS":13247,"Dest_Count":"ROCKDALE","Index":"33.582817--85.079743-33.654235--84.026608"}},{"type":"LineString","arcs":[-106],"properties":{"OID_":0,"Origin_Lat":34.243933,"Origin_Lon":-84.4762,"Dest_Lat":33.260868,"Dest_Long":-84.28416,"Shape_Leng":1.00164752352,"Origin_FIP":null,"ID":"34.243933--84.4762-33.260868--84.28416","Origin_F_1":13057,"Origin_Cou":"CHEROKEE","Dest_FIPS":13255,"Dest_Count":"SPALDING","Index":"34.243933--84.4762-33.260868--84.28416"}},{"type":"LineString","arcs":[-107],"properties":{"OID_":0,"Origin_Lat":33.541885,"Origin_Lon":-84.357686,"Dest_Lat":33.781557,"Dest_Long":-83.733847,"Shape_Leng":0.668295763082,"Origin_FIP":null,"ID":"33.541885--84.357686-33.781557--83.733847","Origin_F_1":13063,"Origin_Cou":"CLAYTON","Dest_FIPS":13297,"Dest_Count":"WALTON","Index":"33.541885--84.357686-33.781557--83.733847"}},{"type":"LineString","arcs":[-87],"properties":{"OID_":0,"Origin_Lat":33.94147,"Origin_Lon":-84.576672,"Dest_Lat":33.993196,"Dest_Long":-83.712763,"Shape_Leng":0.865457945937,"Origin_FIP":null,"ID":"33.94147--84.576672-33.993196--83.712763","Origin_F_1":13067,"Origin_Cou":"COBB","Dest_FIPS":13013,"Dest_Count":"BARROW","Index":"33.94147--84.576672-33.993196--83.712763"}},{"type":"LineString","arcs":[-88],"properties":{"OID_":0,"Origin_Lat":33.353456,"Origin_Lon":-84.763366,"Dest_Lat":34.237855,"Dest_Long":-84.840499,"Shape_Leng":0.887756330909,"Origin_FIP":null,"ID":"33.353456--84.763366-34.237855--84.840499","Origin_F_1":13077,"Origin_Cou":"COWETA","Dest_FIPS":13015,"Dest_Count":"BARTOW","Index":"33.353456--84.763366-34.237855--84.840499"}},{"type":"LineString","arcs":[-89],"properties":{"OID_":0,"Origin_Lat":34.444298,"Origin_Lon":-84.170636,"Dest_Lat":33.582817,"Dest_Long":-85.079743,"Shape_Leng":1.25245792537,"Origin_FIP":null,"ID":"34.444298--84.170636-33.582817--85.079743","Origin_F_1":13085,"Origin_Cou":"DAWSON","Dest_FIPS":13045,"Dest_Count":"CARROLL","Index":"34.444298--84.170636-33.582817--85.079743"}},{"type":"LineString","arcs":[-90],"properties":{"OID_":0,"Origin_Lat":33.771529,"Origin_Lon":-84.226408,"Dest_Lat":34.243933,"Dest_Long":-84.4762,"Shape_Leng":0.534380192038,"Origin_FIP":null,"ID":"33.771529--84.226408-34.243933--84.4762","Origin_F_1":13089,"Origin_Cou":"DEKALB","Dest_FIPS":13057,"Dest_Count":"CHEROKEE","Index":"33.771529--84.226408-34.243933--84.4762"}},{"type":"LineString","arcs":[-91],"properties":{"OID_":0,"Origin_Lat":33.701821,"Origin_Lon":-84.767927,"Dest_Lat":33.541885,"Dest_Long":-84.357686,"Shape_Leng":0.440315203831,"Origin_FIP":null,"ID":"33.701821--84.767927-33.541885--84.357686","Origin_F_1":13097,"Origin_Cou":"DOUGLAS","Dest_FIPS":13063,"Dest_Count":"CLAYTON","Index":"33.701821--84.767927-33.541885--84.357686"}},{"type":"LineString","arcs":[-92],"properties":{"OID_":0,"Origin_Lat":33.413943,"Origin_Lon":-84.494192,"Dest_Lat":33.94147,"Dest_Long":-84.576672,"Shape_Leng":0.533936111573,"Origin_FIP":null,"ID":"33.413943--84.494192-33.94147--84.576672","Origin_F_1":13113,"Origin_Cou":"FAYETTE","Dest_FIPS":13067,"Dest_Count":"COBB","Index":"33.413943--84.494192-33.94147--84.576672"}},{"type":"LineString","arcs":[-93],"properties":{"OID_":0,"Origin_Lat":34.225515,"Origin_Lon":-84.12502,"Dest_Lat":33.353456,"Dest_Long":-84.763366,"Shape_Leng":1.0807337639,"Origin_FIP":null,"ID":"34.225515--84.12502-33.353456--84.763366","Origin_F_1":13117,"Origin_Cou":"FORSYTH","Dest_FIPS":13077,"Dest_Count":"COWETA","Index":"34.225515--84.12502-33.353456--84.763366"}},{"type":"LineString","arcs":[-94],"properties":{"OID_":0,"Origin_Lat":33.790252,"Origin_Lon":-84.467018,"Dest_Lat":34.444298,"Dest_Long":-84.170636,"Shape_Leng":0.71806694163,"Origin_FIP":null,"ID":"33.790252--84.467018-34.444298--84.170636","Origin_F_1":13121,"Origin_Cou":"FULTON","Dest_FIPS":13085,"Dest_Count":"DAWSON","Index":"33.790252--84.467018-34.444298--84.170636"}},{"type":"LineString","arcs":[-95],"properties":{"OID_":0,"Origin_Lat":33.961729,"Origin_Lon":-84.023628,"Dest_Lat":33.771529,"Dest_Long":-84.226408,"Shape_Leng":0.278021276839,"Origin_FIP":null,"ID":"33.961729--84.023628-33.771529--84.226408","Origin_F_1":13135,"Origin_Cou":"GWINNETT","Dest_FIPS":13089,"Dest_Count":"DEKALB","Index":"33.961729--84.023628-33.771529--84.226408"}},{"type":"LineString","arcs":[-96],"properties":{"OID_":0,"Origin_Lat":34.316889,"Origin_Lon":-83.819681,"Dest_Lat":33.701821,"Dest_Long":-84.767927,"Shape_Leng":1.13026306315,"Origin_FIP":null,"ID":"34.316889--83.819681-33.701821--84.767927","Origin_F_1":13139,"Origin_Cou":"HALL","Dest_FIPS":13097,"Dest_Count":"DOUGLAS","Index":"34.316889--83.819681-33.701821--84.767927"}},{"type":"LineString","arcs":[-97],"properties":{"OID_":0,"Origin_Lat":33.453003,"Origin_Lon":-84.154196,"Dest_Lat":33.413943,"Dest_Long":-84.494192,"Shape_Leng":0.342232436353,"Origin_FIP":null,"ID":"33.453003--84.154196-33.413943--84.494192","Origin_F_1":13151,"Origin_Cou":"HENRY","Dest_FIPS":13113,"Dest_Count":"FAYETTE","Index":"33.453003--84.154196-33.413943--84.494192"}},{"type":"LineString","arcs":[-98],"properties":{"OID_":0,"Origin_Lat":33.555049,"Origin_Lon":-83.850187,"Dest_Lat":34.225515,"Dest_Long":-84.12502,"Shape_Leng":0.724609779602,"Origin_FIP":null,"ID":"33.555049--83.850187-34.225515--84.12502","Origin_F_1":13217,"Origin_Cou":"NEWTON","Dest_FIPS":13117,"Dest_Count":"FORSYTH","Index":"33.555049--83.850187-34.225515--84.12502"}},{"type":"LineString","arcs":[-99],"properties":{"OID_":0,"Origin_Lat":33.920546,"Origin_Lon":-84.867288,"Dest_Lat":33.790252,"Dest_Long":-84.467018,"Shape_Leng":0.420942771036,"Origin_FIP":null,"ID":"33.920546--84.867288-33.790252--84.467018","Origin_F_1":13223,"Origin_Cou":"PAULDING","Dest_FIPS":13121,"Dest_Count":"FULTON","Index":"33.920546--84.867288-33.790252--84.467018"}},{"type":"LineString","arcs":[-100],"properties":{"OID_":0,"Origin_Lat":33.654235,"Origin_Lon":-84.026608,"Dest_Lat":33.961729,"Dest_Long":-84.023628,"Shape_Leng":0.30750843968,"Origin_FIP":null,"ID":"33.654235--84.026608-33.961729--84.023628","Origin_F_1":13247,"Origin_Cou":"ROCKDALE","Dest_FIPS":13135,"Dest_Count":"GWINNETT","Index":"33.654235--84.026608-33.961729--84.023628"}},{"type":"LineString","arcs":[-101],"properties":{"OID_":0,"Origin_Lat":33.260868,"Origin_Lon":-84.28416,"Dest_Lat":34.316889,"Dest_Long":-83.819681,"Shape_Leng":1.15366007884,"Origin_FIP":null,"ID":"33.260868--84.28416-34.316889--83.819681","Origin_F_1":13255,"Origin_Cou":"SPALDING","Dest_FIPS":13139,"Dest_Count":"HALL","Index":"33.260868--84.28416-34.316889--83.819681"}},{"type":"LineString","arcs":[-102],"properties":{"OID_":0,"Origin_Lat":33.781557,"Origin_Lon":-83.733847,"Dest_Lat":33.453003,"Dest_Long":-84.154196,"Shape_Leng":0.533518336382,"Origin_FIP":null,"ID":"33.781557--83.733847-33.453003--84.154196","Origin_F_1":13297,"Origin_Cou":"WALTON","Dest_FIPS":13151,"Dest_Count":"HENRY","Index":"33.781557--83.733847-33.453003--84.154196"}},{"type":"LineString","arcs":[-83],"properties":{"OID_":0,"Origin_Lat":33.993196,"Origin_Lon":-83.712763,"Dest_Lat":33.920546,"Dest_Long":-84.867288,"Shape_Leng":1.15681284367,"Origin_FIP":null,"ID":"33.993196--83.712763-33.920546--84.867288","Origin_F_1":13013,"Origin_Cou":"BARROW","Dest_FIPS":13223,"Dest_Count":"PAULDING","Index":"33.993196--83.712763-33.920546--84.867288"}},{"type":"LineString","arcs":[-84],"properties":{"OID_":0,"Origin_Lat":34.237855,"Origin_Lon":-84.840499,"Dest_Lat":33.654235,"Dest_Long":-84.026608,"Shape_Leng":1.00151922057,"Origin_FIP":null,"ID":"34.237855--84.840499-33.654235--84.026608","Origin_F_1":13015,"Origin_Cou":"BARTOW","Dest_FIPS":13247,"Dest_Count":"ROCKDALE","Index":"34.237855--84.840499-33.654235--84.026608"}},{"type":"LineString","arcs":[-85],"properties":{"OID_":0,"Origin_Lat":33.582817,"Origin_Lon":-85.079743,"Dest_Lat":33.260868,"Dest_Long":-84.28416,"Shape_Leng":0.858258405864,"Origin_FIP":null,"ID":"33.582817--85.079743-33.260868--84.28416","Origin_F_1":13045,"Origin_Cou":"CARROLL","Dest_FIPS":13255,"Dest_Count":"SPALDING","Index":"33.582817--85.079743-33.260868--84.28416"}},{"type":"LineString","arcs":[-86],"properties":{"OID_":0,"Origin_Lat":34.243933,"Origin_Lon":-84.4762,"Dest_Lat":33.781557,"Dest_Long":-83.733847,"Shape_Leng":0.874577036173,"Origin_FIP":null,"ID":"34.243933--84.4762-33.781557--83.733847","Origin_F_1":13057,"Origin_Cou":"CHEROKEE","Dest_FIPS":13297,"Dest_Count":"WALTON","Index":"34.243933--84.4762-33.781557--83.733847"}},{"type":"LineString","arcs":[-64],"properties":{"OID_":0,"Origin_Lat":33.541885,"Origin_Lon":-84.357686,"Dest_Lat":33.993196,"Dest_Long":-83.712763,"Shape_Leng":0.7871537307,"Origin_FIP":null,"ID":"33.541885--84.357686-33.993196--83.712763","Origin_F_1":13063,"Origin_Cou":"CLAYTON","Dest_FIPS":13013,"Dest_Count":"BARROW","Index":"33.541885--84.357686-33.993196--83.712763"}},{"type":"LineString","arcs":[-65],"properties":{"OID_":0,"Origin_Lat":33.94147,"Origin_Lon":-84.576672,"Dest_Lat":34.237855,"Dest_Long":-84.840499,"Shape_Leng":0.396798452661,"Origin_FIP":null,"ID":"33.94147--84.576672-34.237855--84.840499","Origin_F_1":13067,"Origin_Cou":"COBB","Dest_FIPS":13015,"Dest_Count":"BARTOW","Index":"33.94147--84.576672-34.237855--84.840499"}},{"type":"LineString","arcs":[-66],"properties":{"OID_":0,"Origin_Lat":33.353456,"Origin_Lon":-84.763366,"Dest_Lat":33.582817,"Dest_Long":-85.079743,"Shape_Leng":0.390769878738,"Origin_FIP":null,"ID":"33.353456--84.763366-33.582817--85.079743","Origin_F_1":13077,"Origin_Cou":"COWETA","Dest_FIPS":13045,"Dest_Count":"CARROLL","Index":"33.353456--84.763366-33.582817--85.079743"}},{"type":"LineString","arcs":[-69,212,-67],"properties":{"OID_":0,"Origin_Lat":34.444298,"Origin_Lon":-84.170636,"Dest_Lat":34.243933,"Dest_Long":-84.4762,"Shape_Leng":0.365397952993,"Origin_FIP":null,"ID":"34.444298--84.170636-34.243933--84.4762","Origin_F_1":13085,"Origin_Cou":"DAWSON","Dest_FIPS":13057,"Dest_Count":"CHEROKEE","Index":"34.444298--84.170636-34.243933--84.4762"}},{"type":"LineString","arcs":[-70],"properties":{"OID_":0,"Origin_Lat":33.771529,"Origin_Lon":-84.226408,"Dest_Lat":33.541885,"Dest_Long":-84.357686,"Shape_Leng":0.264519032175,"Origin_FIP":null,"ID":"33.771529--84.226408-33.541885--84.357686","Origin_F_1":13089,"Origin_Cou":"DEKALB","Dest_FIPS":13063,"Dest_Count":"CLAYTON","Index":"33.771529--84.226408-33.541885--84.357686"}},{"type":"LineString","arcs":[-71],"properties":{"OID_":0,"Origin_Lat":33.701821,"Origin_Lon":-84.767927,"Dest_Lat":33.94147,"Dest_Long":-84.576672,"Shape_Leng":0.306610837468,"Origin_FIP":null,"ID":"33.701821--84.767927-33.94147--84.576672","Origin_F_1":13097,"Origin_Cou":"DOUGLAS","Dest_FIPS":13067,"Dest_Count":"COBB","Index":"33.701821--84.767927-33.94147--84.576672"}},{"type":"LineString","arcs":[-72],"properties":{"OID_":0,"Origin_Lat":33.413943,"Origin_Lon":-84.494192,"Dest_Lat":33.353456,"Dest_Long":-84.763366,"Shape_Leng":0.275886488979,"Origin_FIP":null,"ID":"33.413943--84.494192-33.353456--84.763366","Origin_F_1":13113,"Origin_Cou":"FAYETTE","Dest_FIPS":13077,"Dest_Count":"COWETA","Index":"33.413943--84.494192-33.353456--84.763366"}},{"type":"LineString","arcs":[-73],"properties":{"OID_":0,"Origin_Lat":34.225515,"Origin_Lon":-84.12502,"Dest_Lat":34.444298,"Dest_Long":-84.170636,"Shape_Leng":0.223487863688,"Origin_FIP":null,"ID":"34.225515--84.12502-34.444298--84.170636","Origin_F_1":13117,"Origin_Cou":"FORSYTH","Dest_FIPS":13085,"Dest_Count":"DAWSON","Index":"34.225515--84.12502-34.444298--84.170636"}},{"type":"LineString","arcs":[-74],"properties":{"OID_":0,"Origin_Lat":33.790252,"Origin_Lon":-84.467018,"Dest_Lat":33.771529,"Dest_Long":-84.226408,"Shape_Leng":0.241337402131,"Origin_FIP":null,"ID":"33.790252--84.467018-33.771529--84.226408","Origin_F_1":13121,"Origin_Cou":"FULTON","Dest_FIPS":13089,"Dest_Count":"DEKALB","Index":"33.790252--84.467018-33.771529--84.226408"}},{"type":"LineString","arcs":[-75],"properties":{"OID_":0,"Origin_Lat":33.961729,"Origin_Lon":-84.023628,"Dest_Lat":33.701821,"Dest_Long":-84.767927,"Shape_Leng":0.788375489252,"Origin_FIP":null,"ID":"33.961729--84.023628-33.701821--84.767927","Origin_F_1":13135,"Origin_Cou":"GWINNETT","Dest_FIPS":13097,"Dest_Count":"DOUGLAS","Index":"33.961729--84.023628-33.701821--84.767927"}},{"type":"LineString","arcs":[-76],"properties":{"OID_":0,"Origin_Lat":34.316889,"Origin_Lon":-83.819681,"Dest_Lat":33.413943,"Dest_Long":-84.494192,"Shape_Leng":1.12707237173,"Origin_FIP":null,"ID":"34.316889--83.819681-33.413943--84.494192","Origin_F_1":13139,"Origin_Cou":"HALL","Dest_FIPS":13113,"Dest_Count":"FAYETTE","Index":"34.316889--83.819681-33.413943--84.494192"}},{"type":"LineString","arcs":[-77],"properties":{"OID_":0,"Origin_Lat":33.453003,"Origin_Lon":-84.154196,"Dest_Lat":34.225515,"Dest_Long":-84.12502,"Shape_Leng":0.773062773907,"Origin_FIP":null,"ID":"33.453003--84.154196-34.225515--84.12502","Origin_F_1":13151,"Origin_Cou":"HENRY","Dest_FIPS":13117,"Dest_Count":"FORSYTH","Index":"33.453003--84.154196-34.225515--84.12502"}},{"type":"LineString","arcs":[-78],"properties":{"OID_":0,"Origin_Lat":33.555049,"Origin_Lon":-83.850187,"Dest_Lat":33.790252,"Dest_Long":-84.467018,"Shape_Leng":0.66015325609,"Origin_FIP":null,"ID":"33.555049--83.850187-33.790252--84.467018","Origin_F_1":13217,"Origin_Cou":"NEWTON","Dest_FIPS":13121,"Dest_Count":"FULTON","Index":"33.555049--83.850187-33.790252--84.467018"}},{"type":"LineString","arcs":[-79],"properties":{"OID_":0,"Origin_Lat":33.920546,"Origin_Lon":-84.867288,"Dest_Lat":33.961729,"Dest_Long":-84.023628,"Shape_Leng":0.844666236765,"Origin_FIP":null,"ID":"33.920546--84.867288-33.961729--84.023628","Origin_F_1":13223,"Origin_Cou":"PAULDING","Dest_FIPS":13135,"Dest_Count":"GWINNETT","Index":"33.920546--84.867288-33.961729--84.023628"}},{"type":"LineString","arcs":[-80],"properties":{"OID_":0,"Origin_Lat":33.654235,"Origin_Lon":-84.026608,"Dest_Lat":34.316889,"Dest_Long":-83.819681,"Shape_Leng":0.694211751144,"Origin_FIP":null,"ID":"33.654235--84.026608-34.316889--83.819681","Origin_F_1":13247,"Origin_Cou":"ROCKDALE","Dest_FIPS":13139,"Dest_Count":"HALL","Index":"33.654235--84.026608-34.316889--83.819681"}},{"type":"LineString","arcs":[-81],"properties":{"OID_":0,"Origin_Lat":33.260868,"Origin_Lon":-84.28416,"Dest_Lat":33.453003,"Dest_Long":-84.154196,"Shape_Leng":0.23196233515,"Origin_FIP":null,"ID":"33.260868--84.28416-33.453003--84.154196","Origin_F_1":13255,"Origin_Cou":"SPALDING","Dest_FIPS":13151,"Dest_Count":"HENRY","Index":"33.260868--84.28416-33.453003--84.154196"}},{"type":"LineString","arcs":[-82],"properties":{"OID_":0,"Origin_Lat":33.781557,"Origin_Lon":-83.733847,"Dest_Lat":33.555049,"Dest_Long":-83.850187,"Shape_Leng":0.254638762292,"Origin_FIP":null,"ID":"33.781557--83.733847-33.555049--83.850187","Origin_F_1":13297,"Origin_Cou":"WALTON","Dest_FIPS":13217,"Dest_Count":"NEWTON","Index":"33.781557--83.733847-33.555049--83.850187"}},{"type":"LineString","arcs":[-61],"properties":{"OID_":0,"Origin_Lat":33.993196,"Origin_Lon":-83.712763,"Dest_Lat":33.654235,"Dest_Long":-84.026608,"Shape_Leng":0.461945573023,"Origin_FIP":null,"ID":"33.993196--83.712763-33.654235--84.026608","Origin_F_1":13013,"Origin_Cou":"BARROW","Dest_FIPS":13247,"Dest_Count":"ROCKDALE","Index":"33.993196--83.712763-33.654235--84.026608"}},{"type":"LineString","arcs":[-62],"properties":{"OID_":0,"Origin_Lat":34.237855,"Origin_Lon":-84.840499,"Dest_Lat":33.260868,"Dest_Long":-84.28416,"Shape_Leng":1.12429055535,"Origin_FIP":null,"ID":"34.237855--84.840499-33.260868--84.28416","Origin_F_1":13015,"Origin_Cou":"BARTOW","Dest_FIPS":13255,"Dest_Count":"SPALDING","Index":"34.237855--84.840499-33.260868--84.28416"}},{"type":"LineString","arcs":[-63],"properties":{"OID_":0,"Origin_Lat":33.582817,"Origin_Lon":-85.079743,"Dest_Lat":33.781557,"Dest_Long":-83.733847,"Shape_Leng":1.36049749172,"Origin_FIP":null,"ID":"33.582817--85.079743-33.781557--83.733847","Origin_F_1":13045,"Origin_Cou":"CARROLL","Dest_FIPS":13297,"Dest_Count":"WALTON","Index":"33.582817--85.079743-33.781557--83.733847"}},{"type":"LineString","arcs":[-43],"properties":{"OID_":0,"Origin_Lat":34.243933,"Origin_Lon":-84.4762,"Dest_Lat":33.993196,"Dest_Long":-83.712763,"Shape_Leng":0.803559593689,"Origin_FIP":null,"ID":"34.243933--84.4762-33.993196--83.712763","Origin_F_1":13057,"Origin_Cou":"CHEROKEE","Dest_FIPS":13013,"Dest_Count":"BARROW","Index":"34.243933--84.4762-33.993196--83.712763"}},{"type":"LineString","arcs":[-44],"properties":{"OID_":0,"Origin_Lat":33.541885,"Origin_Lon":-84.357686,"Dest_Lat":34.237855,"Dest_Long":-84.840499,"Shape_Leng":0.847046282758,"Origin_FIP":null,"ID":"33.541885--84.357686-34.237855--84.840499","Origin_F_1":13063,"Origin_Cou":"CLAYTON","Dest_FIPS":13015,"Dest_Count":"BARTOW","Index":"33.541885--84.357686-34.237855--84.840499"}},{"type":"LineString","arcs":[-45],"properties":{"OID_":0,"Origin_Lat":33.94147,"Origin_Lon":-84.576672,"Dest_Lat":33.582817,"Dest_Long":-85.079743,"Shape_Leng":0.617829927302,"Origin_FIP":null,"ID":"33.94147--84.576672-33.582817--85.079743","Origin_F_1":13067,"Origin_Cou":"COBB","Dest_FIPS":13045,"Dest_Count":"CARROLL","Index":"33.94147--84.576672-33.582817--85.079743"}},{"type":"LineString","arcs":[-46],"properties":{"OID_":0,"Origin_Lat":33.353456,"Origin_Lon":-84.763366,"Dest_Lat":34.243933,"Dest_Long":-84.4762,"Shape_Leng":0.935636951509,"Origin_FIP":null,"ID":"33.353456--84.763366-34.243933--84.4762","Origin_F_1":13077,"Origin_Cou":"COWETA","Dest_FIPS":13057,"Dest_Count":"CHEROKEE","Index":"33.353456--84.763366-34.243933--84.4762"}},{"type":"LineString","arcs":[-47],"properties":{"OID_":0,"Origin_Lat":34.444298,"Origin_Lon":-84.170636,"Dest_Lat":33.541885,"Dest_Long":-84.357686,"Shape_Leng":0.921595480712,"Origin_FIP":null,"ID":"34.444298--84.170636-33.541885--84.357686","Origin_F_1":13085,"Origin_Cou":"DAWSON","Dest_FIPS":13063,"Dest_Count":"CLAYTON","Index":"34.444298--84.170636-33.541885--84.357686"}},{"type":"LineString","arcs":[-48],"properties":{"OID_":0,"Origin_Lat":33.771529,"Origin_Lon":-84.226408,"Dest_Lat":33.94147,"Dest_Long":-84.576672,"Shape_Leng":0.389313500761,"Origin_FIP":null,"ID":"33.771529--84.226408-33.94147--84.576672","Origin_F_1":13089,"Origin_Cou":"DEKALB","Dest_FIPS":13067,"Dest_Count":"COBB","Index":"33.771529--84.226408-33.94147--84.576672"}},{"type":"LineString","arcs":[-49],"properties":{"OID_":0,"Origin_Lat":33.701821,"Origin_Lon":-84.767927,"Dest_Lat":33.353456,"Dest_Long":-84.763366,"Shape_Leng":0.348394856533,"Origin_FIP":null,"ID":"33.701821--84.767927-33.353456--84.763366","Origin_F_1":13097,"Origin_Cou":"DOUGLAS","Dest_FIPS":13077,"Dest_Count":"COWETA","Index":"33.701821--84.767927-33.353456--84.763366"}},{"type":"LineString","arcs":[-50],"properties":{"OID_":0,"Origin_Lat":33.413943,"Origin_Lon":-84.494192,"Dest_Lat":34.444298,"Dest_Long":-84.170636,"Shape_Leng":1.07996523313,"Origin_FIP":null,"ID":"33.413943--84.494192-34.444298--84.170636","Origin_F_1":13113,"Origin_Cou":"FAYETTE","Dest_FIPS":13085,"Dest_Count":"DAWSON","Index":"33.413943--84.494192-34.444298--84.170636"}},{"type":"LineString","arcs":[-51],"properties":{"OID_":0,"Origin_Lat":34.225515,"Origin_Lon":-84.12502,"Dest_Lat":33.771529,"Dest_Long":-84.226408,"Shape_Leng":0.465169766426,"Origin_FIP":null,"ID":"34.225515--84.12502-33.771529--84.226408","Origin_F_1":13117,"Origin_Cou":"FORSYTH","Dest_FIPS":13089,"Dest_Count":"DEKALB","Index":"34.225515--84.12502-33.771529--84.226408"}},{"type":"LineString","arcs":[-52],"properties":{"OID_":0,"Origin_Lat":33.790252,"Origin_Lon":-84.467018,"Dest_Lat":33.701821,"Dest_Long":-84.767927,"Shape_Leng":0.313634073973,"Origin_FIP":null,"ID":"33.790252--84.467018-33.701821--84.767927","Origin_F_1":13121,"Origin_Cou":"FULTON","Dest_FIPS":13097,"Dest_Count":"DOUGLAS","Index":"33.790252--84.467018-33.701821--84.767927"}},{"type":"LineString","arcs":[-53],"properties":{"OID_":0,"Origin_Lat":33.961729,"Origin_Lon":-84.023628,"Dest_Lat":33.413943,"Dest_Long":-84.494192,"Shape_Leng":0.722151447899,"Origin_FIP":null,"ID":"33.961729--84.023628-33.413943--84.494192","Origin_F_1":13135,"Origin_Cou":"GWINNETT","Dest_FIPS":13113,"Dest_Count":"FAYETTE","Index":"33.961729--84.023628-33.413943--84.494192"}},{"type":"LineString","arcs":[-54],"properties":{"OID_":0,"Origin_Lat":34.316889,"Origin_Lon":-83.819681,"Dest_Lat":34.225515,"Dest_Long":-84.12502,"Shape_Leng":0.318718030819,"Origin_FIP":null,"ID":"34.316889--83.819681-34.225515--84.12502","Origin_F_1":13139,"Origin_Cou":"HALL","Dest_FIPS":13117,"Dest_Count":"FORSYTH","Index":"34.316889--83.819681-34.225515--84.12502"}},{"type":"LineString","arcs":[-55],"properties":{"OID_":0,"Origin_Lat":33.453003,"Origin_Lon":-84.154196,"Dest_Lat":33.790252,"Dest_Long":-84.467018,"Shape_Leng":0.459994507388,"Origin_FIP":null,"ID":"33.453003--84.154196-33.790252--84.467018","Origin_F_1":13151,"Origin_Cou":"HENRY","Dest_FIPS":13121,"Dest_Count":"FULTON","Index":"33.453003--84.154196-33.790252--84.467018"}},{"type":"LineString","arcs":[-56],"properties":{"OID_":0,"Origin_Lat":33.555049,"Origin_Lon":-83.850187,"Dest_Lat":33.961729,"Dest_Long":-84.023628,"Shape_Leng":0.442120593919,"Origin_FIP":null,"ID":"33.555049--83.850187-33.961729--84.023628","Origin_F_1":13217,"Origin_Cou":"NEWTON","Dest_FIPS":13135,"Dest_Count":"GWINNETT","Index":"33.555049--83.850187-33.961729--84.023628"}},{"type":"LineString","arcs":[-57],"properties":{"OID_":0,"Origin_Lat":33.920546,"Origin_Lon":-84.867288,"Dest_Lat":34.316889,"Dest_Long":-83.819681,"Shape_Leng":1.12008030184,"Origin_FIP":null,"ID":"33.920546--84.867288-34.316889--83.819681","Origin_F_1":13223,"Origin_Cou":"PAULDING","Dest_FIPS":13139,"Dest_Count":"HALL","Index":"33.920546--84.867288-34.316889--83.819681"}},{"type":"LineString","arcs":[-58],"properties":{"OID_":0,"Origin_Lat":33.654235,"Origin_Lon":-84.026608,"Dest_Lat":33.453003,"Dest_Long":-84.154196,"Shape_Leng":0.238270944396,"Origin_FIP":null,"ID":"33.654235--84.026608-33.453003--84.154196","Origin_F_1":13247,"Origin_Cou":"ROCKDALE","Dest_FIPS":13151,"Dest_Count":"HENRY","Index":"33.654235--84.026608-33.453003--84.154196"}},{"type":"LineString","arcs":[-59],"properties":{"OID_":0,"Origin_Lat":33.260868,"Origin_Lon":-84.28416,"Dest_Lat":33.555049,"Dest_Long":-83.850187,"Shape_Leng":0.524285924568,"Origin_FIP":null,"ID":"33.260868--84.28416-33.555049--83.850187","Origin_F_1":13255,"Origin_Cou":"SPALDING","Dest_FIPS":13217,"Dest_Count":"NEWTON","Index":"33.260868--84.28416-33.555049--83.850187"}},{"type":"LineString","arcs":[-60],"properties":{"OID_":0,"Origin_Lat":33.781557,"Origin_Lon":-83.733847,"Dest_Lat":33.920546,"Dest_Long":-84.867288,"Shape_Leng":1.14193526541,"Origin_FIP":null,"ID":"33.781557--83.733847-33.920546--84.867288","Origin_F_1":13297,"Origin_Cou":"WALTON","Dest_FIPS":13223,"Dest_Count":"PAULDING","Index":"33.781557--83.733847-33.920546--84.867288"}},{"type":"LineString","arcs":[-41],"properties":{"OID_":0,"Origin_Lat":33.993196,"Origin_Lon":-83.712763,"Dest_Lat":33.260868,"Dest_Long":-84.28416,"Shape_Leng":0.92887353261,"Origin_FIP":null,"ID":"33.993196--83.712763-33.260868--84.28416","Origin_F_1":13013,"Origin_Cou":"BARROW","Dest_FIPS":13255,"Dest_Count":"SPALDING","Index":"33.993196--83.712763-33.260868--84.28416"}},{"type":"LineString","arcs":[-42],"properties":{"OID_":0,"Origin_Lat":34.237855,"Origin_Lon":-84.840499,"Dest_Lat":33.781557,"Dest_Long":-83.733847,"Shape_Leng":1.19703895758,"Origin_FIP":null,"ID":"34.237855--84.840499-33.781557--83.733847","Origin_F_1":13015,"Origin_Cou":"BARTOW","Dest_FIPS":13297,"Dest_Count":"WALTON","Index":"34.237855--84.840499-33.781557--83.733847"}},{"type":"LineString","arcs":[-22],"properties":{"OID_":0,"Origin_Lat":33.582817,"Origin_Lon":-85.079743,"Dest_Lat":33.993196,"Dest_Long":-83.712763,"Shape_Leng":1.42726069568,"Origin_FIP":null,"ID":"33.582817--85.079743-33.993196--83.712763","Origin_F_1":13045,"Origin_Cou":"CARROLL","Dest_FIPS":13013,"Dest_Count":"BARROW","Index":"33.582817--85.079743-33.993196--83.712763"}},{"type":"LineString","arcs":[-23],"properties":{"OID_":0,"Origin_Lat":34.243933,"Origin_Lon":-84.4762,"Dest_Lat":34.237855,"Dest_Long":-84.840499,"Shape_Leng":0.364349833488,"Origin_FIP":null,"ID":"34.243933--84.4762-34.237855--84.840499","Origin_F_1":13057,"Origin_Cou":"CHEROKEE","Dest_FIPS":13015,"Dest_Count":"BARTOW","Index":"34.243933--84.4762-34.237855--84.840499"}},{"type":"LineString","arcs":[-24],"properties":{"OID_":0,"Origin_Lat":33.541885,"Origin_Lon":-84.357686,"Dest_Lat":33.582817,"Dest_Long":-85.079743,"Shape_Leng":0.723217284289,"Origin_FIP":null,"ID":"33.541885--84.357686-33.582817--85.079743","Origin_F_1":13063,"Origin_Cou":"CLAYTON","Dest_FIPS":13045,"Dest_Count":"CARROLL","Index":"33.541885--84.357686-33.582817--85.079743"}},{"type":"LineString","arcs":[-25],"properties":{"OID_":0,"Origin_Lat":33.94147,"Origin_Lon":-84.576672,"Dest_Lat":34.243933,"Dest_Long":-84.4762,"Shape_Leng":0.318713870098,"Origin_FIP":null,"ID":"33.94147--84.576672-34.243933--84.4762","Origin_F_1":13067,"Origin_Cou":"COBB","Dest_FIPS":13057,"Dest_Count":"CHEROKEE","Index":"33.94147--84.576672-34.243933--84.4762"}},{"type":"LineString","arcs":[-26],"properties":{"OID_":0,"Origin_Lat":33.353456,"Origin_Lon":-84.763366,"Dest_Lat":33.541885,"Dest_Long":-84.357686,"Shape_Leng":0.44730533921,"Origin_FIP":null,"ID":"33.353456--84.763366-33.541885--84.357686","Origin_F_1":13077,"Origin_Cou":"COWETA","Dest_FIPS":13063,"Dest_Count":"CLAYTON","Index":"33.353456--84.763366-33.541885--84.357686"}},{"type":"LineString","arcs":[-27],"properties":{"OID_":0,"Origin_Lat":34.444298,"Origin_Lon":-84.170636,"Dest_Lat":33.94147,"Dest_Long":-84.576672,"Shape_Leng":0.646299473346,"Origin_FIP":null,"ID":"34.444298--84.170636-33.94147--84.576672","Origin_F_1":13085,"Origin_Cou":"DAWSON","Dest_FIPS":13067,"Dest_Count":"COBB","Index":"34.444298--84.170636-33.94147--84.576672"}},{"type":"LineString","arcs":[-28],"properties":{"OID_":0,"Origin_Lat":33.771529,"Origin_Lon":-84.226408,"Dest_Lat":33.353456,"Dest_Long":-84.763366,"Shape_Leng":0.680522624685,"Origin_FIP":null,"ID":"33.771529--84.226408-33.353456--84.763366","Origin_F_1":13089,"Origin_Cou":"DEKALB","Dest_FIPS":13077,"Dest_Count":"COWETA","Index":"33.771529--84.226408-33.353456--84.763366"}},{"type":"LineString","arcs":[-29],"properties":{"OID_":0,"Origin_Lat":33.701821,"Origin_Lon":-84.767927,"Dest_Lat":34.444298,"Dest_Long":-84.170636,"Shape_Leng":0.952909734106,"Origin_FIP":null,"ID":"33.701821--84.767927-34.444298--84.170636","Origin_F_1":13097,"Origin_Cou":"DOUGLAS","Dest_FIPS":13085,"Dest_Count":"DAWSON","Index":"33.701821--84.767927-34.444298--84.170636"}},{"type":"LineString","arcs":[-30],"properties":{"OID_":0,"Origin_Lat":33.413943,"Origin_Lon":-84.494192,"Dest_Lat":33.771529,"Dest_Long":-84.226408,"Shape_Leng":0.446739740186,"Origin_FIP":null,"ID":"33.413943--84.494192-33.771529--84.226408","Origin_F_1":13113,"Origin_Cou":"FAYETTE","Dest_FIPS":13089,"Dest_Count":"DEKALB","Index":"33.413943--84.494192-33.771529--84.226408"}},{"type":"LineString","arcs":[-31],"properties":{"OID_":0,"Origin_Lat":34.225515,"Origin_Lon":-84.12502,"Dest_Lat":33.701821,"Dest_Long":-84.767927,"Shape_Leng":0.829210255535,"Origin_FIP":null,"ID":"34.225515--84.12502-33.701821--84.767927","Origin_F_1":13117,"Origin_Cou":"FORSYTH","Dest_FIPS":13097,"Dest_Count":"DOUGLAS","Index":"34.225515--84.12502-33.701821--84.767927"}},{"type":"LineString","arcs":[-32],"properties":{"OID_":0,"Origin_Lat":33.790252,"Origin_Lon":-84.467018,"Dest_Lat":33.413943,"Dest_Long":-84.494192,"Shape_Leng":0.377288874016,"Origin_FIP":null,"ID":"33.790252--84.467018-33.413943--84.494192","Origin_F_1":13121,"Origin_Cou":"FULTON","Dest_FIPS":13113,"Dest_Count":"FAYETTE","Index":"33.790252--84.467018-33.413943--84.494192"}},{"type":"LineString","arcs":[-33],"properties":{"OID_":0,"Origin_Lat":33.961729,"Origin_Lon":-84.023628,"Dest_Lat":34.225515,"Dest_Long":-84.12502,"Shape_Leng":0.282601174076,"Origin_FIP":null,"ID":"33.961729--84.023628-34.225515--84.12502","Origin_F_1":13135,"Origin_Cou":"GWINNETT","Dest_FIPS":13117,"Dest_Count":"FORSYTH","Index":"33.961729--84.023628-34.225515--84.12502"}},{"type":"LineString","arcs":[-34],"properties":{"OID_":0,"Origin_Lat":34.316889,"Origin_Lon":-83.819681,"Dest_Lat":33.790252,"Dest_Long":-84.467018,"Shape_Leng":0.834503865995,"Origin_FIP":null,"ID":"34.316889--83.819681-33.790252--84.467018","Origin_F_1":13139,"Origin_Cou":"HALL","Dest_FIPS":13121,"Dest_Count":"FULTON","Index":"34.316889--83.819681-33.790252--84.467018"}},{"type":"LineString","arcs":[-35],"properties":{"OID_":0,"Origin_Lat":33.453003,"Origin_Lon":-84.154196,"Dest_Lat":33.961729,"Dest_Long":-84.023628,"Shape_Leng":0.525214567821,"Origin_FIP":null,"ID":"33.453003--84.154196-33.961729--84.023628","Origin_F_1":13151,"Origin_Cou":"HENRY","Dest_FIPS":13135,"Dest_Count":"GWINNETT","Index":"33.453003--84.154196-33.961729--84.023628"}},{"type":"LineString","arcs":[-36],"properties":{"OID_":0,"Origin_Lat":33.555049,"Origin_Lon":-83.850187,"Dest_Lat":34.316889,"Dest_Long":-83.819681,"Shape_Leng":0.762450540408,"Origin_FIP":null,"ID":"33.555049--83.850187-34.316889--83.819681","Origin_F_1":13217,"Origin_Cou":"NEWTON","Dest_FIPS":13139,"Dest_Count":"HALL","Index":"33.555049--83.850187-34.316889--83.819681"}},{"type":"LineString","arcs":[-37],"properties":{"OID_":0,"Origin_Lat":33.920546,"Origin_Lon":-84.867288,"Dest_Lat":33.453003,"Dest_Long":-84.154196,"Shape_Leng":0.852702529457,"Origin_FIP":null,"ID":"33.920546--84.867288-33.453003--84.154196","Origin_F_1":13223,"Origin_Cou":"PAULDING","Dest_FIPS":13151,"Dest_Count":"HENRY","Index":"33.920546--84.867288-33.453003--84.154196"}},{"type":"LineString","arcs":[-38],"properties":{"OID_":0,"Origin_Lat":33.654235,"Origin_Lon":-84.026608,"Dest_Lat":33.555049,"Dest_Long":-83.850187,"Shape_Leng":0.202391319991,"Origin_FIP":null,"ID":"33.654235--84.026608-33.555049--83.850187","Origin_F_1":13247,"Origin_Cou":"ROCKDALE","Dest_FIPS":13217,"Dest_Count":"NEWTON","Index":"33.654235--84.026608-33.555049--83.850187"}},{"type":"LineString","arcs":[-39],"properties":{"OID_":0,"Origin_Lat":33.260868,"Origin_Lon":-84.28416,"Dest_Lat":33.920546,"Dest_Long":-84.867288,"Shape_Leng":0.880465429853,"Origin_FIP":null,"ID":"33.260868--84.28416-33.920546--84.867288","Origin_F_1":13255,"Origin_Cou":"SPALDING","Dest_FIPS":13223,"Dest_Count":"PAULDING","Index":"33.260868--84.28416-33.920546--84.867288"}},{"type":"LineString","arcs":[-40],"properties":{"OID_":0,"Origin_Lat":33.781557,"Origin_Lon":-83.733847,"Dest_Lat":33.654235,"Dest_Long":-84.026608,"Shape_Leng":0.319249080375,"Origin_FIP":null,"ID":"33.781557--83.733847-33.654235--84.026608","Origin_F_1":13297,"Origin_Cou":"WALTON","Dest_FIPS":13247,"Dest_Count":"ROCKDALE","Index":"33.781557--83.733847-33.654235--84.026608"}},{"type":"LineString","arcs":[-21],"properties":{"OID_":0,"Origin_Lat":33.993196,"Origin_Lon":-83.712763,"Dest_Lat":33.781557,"Dest_Long":-83.733847,"Shape_Leng":0.212686629314,"Origin_FIP":null,"ID":"33.993196--83.712763-33.781557--83.733847","Origin_F_1":13013,"Origin_Cou":"BARROW","Dest_FIPS":13297,"Dest_Count":"WALTON","Index":"33.993196--83.712763-33.781557--83.733847"}},{"type":"LineString","arcs":[-1],"properties":{"OID_":0,"Origin_Lat":34.237855,"Origin_Lon":-84.840499,"Dest_Lat":33.993196,"Dest_Long":-83.712763,"Shape_Leng":1.15397467186,"Origin_FIP":null,"ID":"34.237855--84.840499-33.993196--83.712763","Origin_F_1":13015,"Origin_Cou":"BARTOW","Dest_FIPS":13013,"Dest_Count":"BARROW","Index":"34.237855--84.840499-33.993196--83.712763"}},{"type":"LineString","arcs":[-2],"properties":{"OID_":0,"Origin_Lat":33.582817,"Origin_Lon":-85.079743,"Dest_Lat":34.237855,"Dest_Long":-84.840499,"Shape_Leng":0.697361861472,"Origin_FIP":null,"ID":"33.582817--85.079743-34.237855--84.840499","Origin_F_1":13045,"Origin_Cou":"CARROLL","Dest_FIPS":13015,"Dest_Count":"BARTOW","Index":"33.582817--85.079743-34.237855--84.840499"}},{"type":"LineString","arcs":[-3],"properties":{"OID_":0,"Origin_Lat":34.243933,"Origin_Lon":-84.4762,"Dest_Lat":33.582817,"Dest_Long":-85.079743,"Shape_Leng":0.895178840582,"Origin_FIP":null,"ID":"34.243933--84.4762-33.582817--85.079743","Origin_F_1":13057,"Origin_Cou":"CHEROKEE","Dest_FIPS":13045,"Dest_Count":"CARROLL","Index":"34.243933--84.4762-33.582817--85.079743"}},{"type":"LineString","arcs":[-4],"properties":{"OID_":0,"Origin_Lat":33.541885,"Origin_Lon":-84.357686,"Dest_Lat":34.243933,"Dest_Long":-84.4762,"Shape_Leng":0.711981234633,"Origin_FIP":null,"ID":"33.541885--84.357686-34.243933--84.4762","Origin_F_1":13063,"Origin_Cou":"CLAYTON","Dest_FIPS":13057,"Dest_Count":"CHEROKEE","Index":"33.541885--84.357686-34.243933--84.4762"}},{"type":"LineString","arcs":[-5],"properties":{"OID_":0,"Origin_Lat":33.94147,"Origin_Lon":-84.576672,"Dest_Lat":33.541885,"Dest_Long":-84.357686,"Shape_Leng":0.455657071705,"Origin_FIP":null,"ID":"33.94147--84.576672-33.541885--84.357686","Origin_F_1":13067,"Origin_Cou":"COBB","Dest_FIPS":13063,"Dest_Count":"CLAYTON","Index":"33.94147--84.576672-33.541885--84.357686"}},{"type":"LineString","arcs":[-6],"properties":{"OID_":0,"Origin_Lat":33.353456,"Origin_Lon":-84.763366,"Dest_Lat":33.94147,"Dest_Long":-84.576672,"Shape_Leng":0.616940551229,"Origin_FIP":null,"ID":"33.353456--84.763366-33.94147--84.576672","Origin_F_1":13077,"Origin_Cou":"COWETA","Dest_FIPS":13067,"Dest_Count":"COBB","Index":"33.353456--84.763366-33.94147--84.576672"}},{"type":"LineString","arcs":[-7],"properties":{"OID_":0,"Origin_Lat":34.444298,"Origin_Lon":-84.170636,"Dest_Lat":33.353456,"Dest_Long":-84.763366,"Shape_Leng":1.24148426272,"Origin_FIP":null,"ID":"34.444298--84.170636-33.353456--84.763366","Origin_F_1":13085,"Origin_Cou":"DAWSON","Dest_FIPS":13077,"Dest_Count":"COWETA","Index":"34.444298--84.170636-33.353456--84.763366"}},{"type":"LineString","arcs":[-8],"properties":{"OID_":0,"Origin_Lat":33.771529,"Origin_Lon":-84.226408,"Dest_Lat":34.444298,"Dest_Long":-84.170636,"Shape_Leng":0.675076817161,"Origin_FIP":null,"ID":"33.771529--84.226408-34.444298--84.170636","Origin_F_1":13089,"Origin_Cou":"DEKALB","Dest_FIPS":13085,"Dest_Count":"DAWSON","Index":"33.771529--84.226408-34.444298--84.170636"}},{"type":"LineString","arcs":[-9],"properties":{"OID_":0,"Origin_Lat":33.701821,"Origin_Lon":-84.767927,"Dest_Lat":33.771529,"Dest_Long":-84.226408,"Shape_Leng":0.545987673862,"Origin_FIP":null,"ID":"33.701821--84.767927-33.771529--84.226408","Origin_F_1":13097,"Origin_Cou":"DOUGLAS","Dest_FIPS":13089,"Dest_Count":"DEKALB","Index":"33.701821--84.767927-33.771529--84.226408"}},{"type":"LineString","arcs":[-10],"properties":{"OID_":0,"Origin_Lat":33.413943,"Origin_Lon":-84.494192,"Dest_Lat":33.701821,"Dest_Long":-84.767927,"Shape_Leng":0.397246580817,"Origin_FIP":null,"ID":"33.413943--84.494192-33.701821--84.767927","Origin_F_1":13113,"Origin_Cou":"FAYETTE","Dest_FIPS":13097,"Dest_Count":"DOUGLAS","Index":"33.413943--84.494192-33.701821--84.767927"}},{"type":"LineString","arcs":[-11],"properties":{"OID_":0,"Origin_Lat":34.225515,"Origin_Lon":-84.12502,"Dest_Lat":33.413943,"Dest_Long":-84.494192,"Shape_Leng":0.89159463145,"Origin_FIP":null,"ID":"34.225515--84.12502-33.413943--84.494192","Origin_F_1":13117,"Origin_Cou":"FORSYTH","Dest_FIPS":13113,"Dest_Count":"FAYETTE","Index":"34.225515--84.12502-33.413943--84.494192"}},{"type":"LineString","arcs":[-12],"properties":{"OID_":0,"Origin_Lat":33.790252,"Origin_Lon":-84.467018,"Dest_Lat":34.225515,"Dest_Long":-84.12502,"Shape_Leng":0.553549859029,"Origin_FIP":null,"ID":"33.790252--84.467018-34.225515--84.12502","Origin_F_1":13121,"Origin_Cou":"FULTON","Dest_FIPS":13117,"Dest_Count":"FORSYTH","Index":"33.790252--84.467018-34.225515--84.12502"}},{"type":"LineString","arcs":[-13],"properties":{"OID_":0,"Origin_Lat":33.961729,"Origin_Lon":-84.023628,"Dest_Lat":33.790252,"Dest_Long":-84.467018,"Shape_Leng":0.475393975835,"Origin_FIP":null,"ID":"33.961729--84.023628-33.790252--84.467018","Origin_F_1":13135,"Origin_Cou":"GWINNETT","Dest_FIPS":13121,"Dest_Count":"FULTON","Index":"33.961729--84.023628-33.790252--84.467018"}},{"type":"LineString","arcs":[-14],"properties":{"OID_":0,"Origin_Lat":34.316889,"Origin_Lon":-83.819681,"Dest_Lat":33.961729,"Dest_Long":-84.023628,"Shape_Leng":0.409552479668,"Origin_FIP":null,"ID":"34.316889--83.819681-33.961729--84.023628","Origin_F_1":13139,"Origin_Cou":"HALL","Dest_FIPS":13135,"Dest_Count":"GWINNETT","Index":"34.316889--83.819681-33.961729--84.023628"}},{"type":"LineString","arcs":[-15],"properties":{"OID_":0,"Origin_Lat":33.453003,"Origin_Lon":-84.154196,"Dest_Lat":34.316889,"Dest_Long":-83.819681,"Shape_Leng":0.926392466813,"Origin_FIP":null,"ID":"33.453003--84.154196-34.316889--83.819681","Origin_F_1":13151,"Origin_Cou":"HENRY","Dest_FIPS":13139,"Dest_Count":"HALL","Index":"33.453003--84.154196-34.316889--83.819681"}},{"type":"LineString","arcs":[-16],"properties":{"OID_":0,"Origin_Lat":33.555049,"Origin_Lon":-83.850187,"Dest_Lat":33.453003,"Dest_Long":-84.154196,"Shape_Leng":0.320678859765,"Origin_FIP":null,"ID":"33.555049--83.850187-33.453003--84.154196","Origin_F_1":13217,"Origin_Cou":"NEWTON","Dest_FIPS":13151,"Dest_Count":"HENRY","Index":"33.555049--83.850187-33.453003--84.154196"}},{"type":"LineString","arcs":[-17],"properties":{"OID_":0,"Origin_Lat":33.920546,"Origin_Lon":-84.867288,"Dest_Lat":33.555049,"Dest_Long":-83.850187,"Shape_Leng":1.08078316982,"Origin_FIP":null,"ID":"33.920546--84.867288-33.555049--83.850187","Origin_F_1":13223,"Origin_Cou":"PAULDING","Dest_FIPS":13217,"Dest_Count":"NEWTON","Index":"33.920546--84.867288-33.555049--83.850187"}},{"type":"LineString","arcs":[-18],"properties":{"OID_":0,"Origin_Lat":33.654235,"Origin_Lon":-84.026608,"Dest_Lat":33.920546,"Dest_Long":-84.867288,"Shape_Leng":0.881855171979,"Origin_FIP":null,"ID":"33.654235--84.026608-33.920546--84.867288","Origin_F_1":13247,"Origin_Cou":"ROCKDALE","Dest_FIPS":13223,"Dest_Count":"PAULDING","Index":"33.654235--84.026608-33.920546--84.867288"}},{"type":"LineString","arcs":[-19],"properties":{"OID_":0,"Origin_Lat":33.260868,"Origin_Lon":-84.28416,"Dest_Lat":33.654235,"Dest_Long":-84.026608,"Shape_Leng":0.470181935169,"Origin_FIP":null,"ID":"33.260868--84.28416-33.654235--84.026608","Origin_F_1":13255,"Origin_Cou":"SPALDING","Dest_FIPS":13247,"Dest_Count":"ROCKDALE","Index":"33.260868--84.28416-33.654235--84.026608"}},{"type":"LineString","arcs":[-20],"properties":{"OID_":0,"Origin_Lat":33.781557,"Origin_Lon":-83.733847,"Dest_Lat":33.260868,"Dest_Long":-84.28416,"Shape_Leng":0.757604634448,"Origin_FIP":null,"ID":"33.781557--83.733847-33.260868--84.28416","Origin_F_1":13297,"Origin_Cou":"WALTON","Dest_FIPS":13255,"Dest_Count":"SPALDING","Index":"33.781557--83.733847-33.260868--84.28416"}}]}},"arcs":[[[-83.712763,33.993196],[-83.72317507799994,33.99550878600007],[-83.73358771999995,33.99782068900004],[-83.74400092599996,34.00013171000006],[-83.75441469599997,34.002441849000036],[-83.76482902999999,34.004751105000025],[-83.77524392799995,34.00705947900008],[-83.78565938899999,34.00936697000003],[-83.79607541299998,34.01167357800006],[-83.80649200099998,34.01397930400003],[-83.81690915099995,34.01628414600003],[-83.82732686499997,34.01858810500005],[-83.83774514099997,34.020891180000035],[-83.84816397999998,34.02319337200004],[-83.85858338199995,34.025494681000055],[-83.86900334599994,34.02779510600004],[-83.87942387299995,34.030094647000055],[-83.88984496099994,34.03239330400004],[-83.90026661099995,34.03469107700005],[-83.91068882399998,34.03698796600003],[-83.92111159799998,34.03928397000004],[-83.93153493399996,34.04157909000003],[-83.94195883099997,34.04387332500005],[-83.95238328899995,34.04616667600004],[-83.96280830899997,34.04845914200007],[-83.97323388899997,34.05075072300008],[-83.98366003099994,34.05304141900007],[-83.99408673299996,34.055331230000036],[-84.00451399599996,34.05762015500005],[-84.01494181899994,34.05990819500005],[-84.02537020299997,34.062195350000025],[-84.03579914699998,34.06448161900005],[-84.04622865099998,34.06676700200006],[-84.05665871499997,34.06905149900007],[-84.06708933799996,34.071335110000064],[-84.07752052199999,34.07361783500005],[-84.08795226499996,34.07589967300004],[-84.09838456699998,34.07818062600006],[-84.10881742799995,34.08046069100004],[-84.11925084899997,34.08273987000007],[-84.12968482799994,34.08501816300003],[-84.14011936699995,34.08729556800006],[-84.15055446399998,34.08957208600003],[-84.16099011899996,34.091847718000054],[-84.17142633299994,34.09412246200003],[-84.18186310499993,34.096396318000075],[-84.19230043599998,34.098669287000064],[-84.20273832399994,34.100941369000054],[-84.21317676999996,34.10321256200007],[-84.22361577399994,34.105482868000024],[-84.23405533499994,34.10775228600005],[-84.24449545399995,34.11002081600003],[-84.25493612999998,34.112288457000034],[-84.26537736299997,34.11455521000005],[-84.27581915299999,34.116821075000075],[-84.28626149999997,34.11908605100007],[-84.29670440399997,34.121350138000025],[-84.30714786399994,34.12361333700005],[-84.31759188099994,34.125875646000054],[-84.32803645399997,34.12813706600008],[-84.33848158299998,34.13039759800006],[-84.34892726799995,34.132657239000025],[-84.35937350899997,34.13491599200006],[-84.36982030599995,34.13717385500007],[-84.38026765799998,34.13943082800006],[-84.39071556599998,34.14168691100008],[-84.40116402899997,34.143942104000075],[-84.41161304699995,34.14619640800004],[-84.42206261999996,34.14844982100004],[-84.43251274799997,34.150702343000034],[-84.44296343099995,34.15295397600005],[-84.45341466799994,34.15520471800005],[-84.46386645999996,34.15745456900004],[-84.47431880599999,34.15970352900007],[-84.48477170599995,34.16195159800003],[-84.49522516099995,34.164198777000024],[-84.50567916899996,34.16644506400007],[-84.51613372999998,34.16869046000005],[-84.52658884599998,34.170934964000026],[-84.53704451399994,34.173178578000034],[-84.54750073699995,34.17542129900005],[-84.55795751199997,34.17766312900005],[-84.56841483999995,34.17990406600006],[-84.57887272099998,34.18214411200006],[-84.58933115499997,34.184383266000054],[-84.59979014099997,34.18662152700006],[-84.61024967999998,34.188858896000056],[-84.62070977099995,34.19109537200006],[-84.63117041399994,34.19333095600007],[-84.64163160899994,34.19556564700002],[-84.65209335599997,34.19779944600003],[-84.66255565499995,34.20003235100006],[-84.67301850499996,34.20226436300004],[-84.68348190599994,34.20449548200003],[-84.69394585899994,34.20672570800008],[-84.70441036299997,34.208955040000035],[-84.71487541799996,34.211183479000056],[-84.72534102399999,34.21341102400004],[-84.73580717999994,34.21563767500004],[-84.74627388699997,34.21786343200006],[-84.75674114499998,34.22008829500004],[-84.76720895199998,34.22231226400004],[-84.77767730999994,34.224535339000056],[-84.78814621799995,34.226757519000046],[-84.79861567499995,34.228978805000054],[-84.80908568199999,34.231199196000034],[-84.81955623899995,34.23341869200004],[-84.83002734499996,34.23563729400007],[-84.840499,34.237855]],[[-84.840499,34.237855],[-84.84367086399999,34.22923956900007],[-84.84684208299996,34.22062404400003],[-84.85001265499994,34.21200842500008],[-84.85318258299998,34.20339271100005],[-84.85635186499997,34.19477690400004],[-84.85952050299994,34.18616100300005],[-84.86268849699997,34.17754500700005],[-84.86585584699998,34.16892891800006],[-84.86902255299998,34.16031273500005],[-84.87218861599996,34.15169645900005],[-84.87535403499999,34.14308008800003],[-84.87851881299997,34.134463624000034],[-84.88168294799993,34.12584706600006],[-84.88484644099998,34.11723041500005],[-84.88800929199994,34.10861366900008],[-84.89117172486908,34.099996607652045],[-84.8943333003804,34.09137967080052],[-84.8974942337378,34.0827626401351],[-84.90065452794138,34.074145516655776],[-84.90381418099103,34.06552830036249],[-84.90697319488693,34.05691099025519],[-84.91013156862908,34.04829358833376],[-84.91328930421757,34.039676091598174],[-84.91644639965234,34.03105850304846],[-84.91960285793348,34.02244082168446],[-84.92275867806107,34.01382304650619],[-84.92591386003518,34.005205179513524],[-84.92906840798007,33.9965872168269],[-84.93222232650045,33.98796915915598],[-84.93537560849443,33.979351007236886],[-84.93852825396176,33.97073276306978],[-84.94168026490237,33.96211442565465],[-84.94483164031611,33.95349599499159],[-84.94798238120288,33.944877471080645],[-84.95113248656246,33.93625885492191],[-84.95428195839474,33.92764014551549],[-84.9574307966997,33.91902134286143],[-84.96057900047703,33.91040244795973],[-84.96372657172668,33.90178345981062],[-84.96687350944855,33.89316437941403],[-84.97001981564246,33.884545205770095],[-84.97316548830827,33.875925939878805],[-84.97631053044584,33.86730658174036],[-84.97945494005508,33.858687130354724],[-84.98259871813582,33.850067586722076],[-84.98574186568796,33.84144795084236],[-84.98888438271136,33.83282822171567],[-84.99202626920581,33.82420840134217],[-84.99516752617126,33.815588487721875],[-84.99830815360751,33.80696848185481],[-85.00144814958468,33.79834838486754],[-85.0045875166212,33.78972819480267],[-85.00772625368482,33.78110791252032],[-85.01086436177557,33.772487539020574],[-85.01400184189346,33.763867073303466],[-85.01713869403838,33.7552465143691],[-85.02027491117383,33.7466258687667],[-85.02341048949633,33.73800513547141],[-85.02654544099605,33.72938431096465],[-85.02967976667303,33.720763394246404],[-85.03281346452712,33.712142386316856],[-85.0359465375583,33.703521286175956],[-85.03907898476655,33.69490009382387],[-85.04221080615183,33.6862788102606],[-85.04534200171402,33.677657435486154],[-85.0484725734532,33.66903596850071],[-85.05160252036912,33.66041441030419],[-85.0547318434619,33.65179276089679],[-85.05786054273145,33.64317101927845],[-85.06098861917769,33.63454918744933],[-85.06411607180054,33.62592726340946],[-85.06724290160005,33.617305248158864],[-85.0703691085761,33.608683141697576],[-85.07349469372865,33.60006094402574],[-85.07661965705763,33.591438655143385],[-85.07974399856306,33.582816275050554]],[[-85.07974399856306,33.582816275050554],[-85.07330355978905,33.58994106702046],[-85.06686206331558,33.59706551563185],[-85.06041950714268,33.60418962088456],[-85.05397589227042,33.61131338077864],[-85.0475312166988,33.618436797313926],[-85.04108548142793,33.625559868490456],[-85.03463868545785,33.632682596308065],[-85.02819082778865,33.63980497876674],[-85.02174190942026,33.646927015866495],[-85.0152919283529,33.654048708607135],[-85.00884088558645,33.66117005598866],[-85.00238878012111,33.668291058011015],[-84.99593560857711,33.67541171502166],[-84.98948137013976,33.68253202556465],[-84.98302606874697,33.68965199008551],[-84.97656970239878,33.696771609584296],[-84.97011227109518,33.70389088306095],[-84.9636537738361,33.71100981151558],[-84.95719421062167,33.71812839394807],[-84.95073358145186,33.72524662935843],[-84.94427188632669,33.7323645187467],[-84.93780912324605,33.739482062112884],[-84.93134529321016,33.74659925945692],[-84.92488038954642,33.753716111477615],[-84.9184144123127,33.76083261964311],[-84.9119473678789,33.767948780389354],[-84.9054792542452,33.77506459371635],[-84.89901007241171,33.782180058624],[-84.8925398213786,33.78929517611227],[-84.88606797399996,33.79641035000003],[-84.87959560299998,33.80352476100006],[-84.87312216199996,33.81063882400008],[-84.86664764899996,33.817752539000026],[-84.86017206299994,33.82486590600007],[-84.85369540499994,33.831978924000055],[-84.84721767499997,33.839091594000024],[-84.84073887099999,33.846203916000036],[-84.83425899299993,33.853315888000054],[-84.82777804099999,33.86042751200006],[-84.82129601499997,33.86753878700006],[-84.81481291299997,33.87464971300005],[-84.80832873599996,33.881760289000056],[-84.80184348399996,33.888870516000054],[-84.79535715499998,33.89598039300006],[-84.78886974999995,33.90308992100006],[-84.78238126699995,33.91019909800008],[-84.77589170699997,33.917307926000035],[-84.76940106899997,33.924416403000066],[-84.76290935299994,33.93152453000005],[-84.75641655799996,33.938632306000045],[-84.74992268399996,33.94573973200005],[-84.74342773099994,33.95284680700007],[-84.73693169699999,33.95995353100005],[-84.73043458399997,33.96705990400005],[-84.72393638899996,33.97416592600007],[-84.71743711299996,33.981271596000056],[-84.71093675599997,33.98837691500006],[-84.70443531599994,33.995481882000036],[-84.69793279399994,34.00258649700004],[-84.69142918899996,34.00969076000007],[-84.68492450099995,34.01679467100007],[-84.67841872899999,34.02389823000004],[-84.67191187299994,34.031001436000054],[-84.66540393299994,34.038104290000035],[-84.658894907,34.045206791000055],[-84.65238479699997,34.052308939000056],[-84.64587359999996,34.05941073400004],[-84.63936131699995,34.06651217600006],[-84.63284794799995,34.07361326400007],[-84.62633349099997,34.08071399900007],[-84.61981794699994,34.087814381000044],[-84.61330131499994,34.09491440800008],[-84.60678359499997,34.10201408200004],[-84.60026478599997,34.10911340200005],[-84.59374488799995,34.11621236700006],[-84.58722389999997,34.12331097800006],[-84.58070182299997,34.13040923400007],[-84.57417865499997,34.13750713600007],[-84.56765439599997,34.14460468300007],[-84.56112904599996,34.15170187500007],[-84.55460260399997,34.15879871200008],[-84.54807506999998,34.16589519400003],[-84.54154644399995,34.17299132000005],[-84.53501672399995,34.180087091000075],[-84.52848591199995,34.18718250500007],[-84.52195400499994,34.19427756400006],[-84.51542100499995,34.20137226700007],[-84.50888690999994,34.20846661400003],[-84.50235171899999,34.215560605000064],[-84.49581543399995,34.222654238000075],[-84.48927805199997,34.22974751600003],[-84.48273957499998,34.23684043600008],[-84.4762,34.243933]],[[-84.4762,34.243933],[-84.47468760199996,34.235047535000035],[-84.47317552199996,34.22616203900003],[-84.47166375899997,34.21727651100008],[-84.47015231399996,34.20839095200006],[-84.46864118499997,34.199505361000035],[-84.46713037399996,34.190619739000056],[-84.46561987999996,34.18173408500007],[-84.46410970199997,34.17284840000008],[-84.46259984099999,34.16396268300008],[-84.46109029699994,34.15507693500007],[-84.45958106799998,34.146191155000054],[-84.45807215499997,34.137305344000026],[-84.45656355899996,34.12841950200004],[-84.45505527799997,34.119533628000056],[-84.45354731199996,34.110647723000056],[-84.45203966199995,34.101761786000054],[-84.45053232699996,34.09287581800004],[-84.44902530599995,34.08398981800008],[-84.44751860099996,34.075103788000035],[-84.44601220999994,34.06621772600005],[-84.44450613399994,34.05733163200006],[-84.44300037199997,34.048445507000054],[-84.44149492399998,34.03955935100004],[-84.43998979099996,34.03067316400006],[-84.43848497099998,34.02178694500003],[-84.43698046399999,34.01290069500004],[-84.43547627099997,34.00401441400004],[-84.43397239099994,33.995128102000024],[-84.43246882499994,33.98624175800006],[-84.43096557099994,33.97735538300003],[-84.42946262999999,33.96846897700004],[-84.42796000199996,33.95958254000004],[-84.42645768599994,33.95069607100004],[-84.42495568199996,33.94180957200007],[-84.42345399099997,33.93292304100004],[-84.42195261099994,33.92403647900005],[-84.42045154399995,33.91514988600005],[-84.41895078699997,33.90626326100005],[-84.41745034299998,33.89737660600008],[-84.41595020899996,33.88848991900005],[-84.41445038699999,33.879603202000055],[-84.41295087499998,33.87071645300006],[-84.41145167399998,33.861829673000045],[-84.40995278399998,33.85294286200008],[-84.40845420399995,33.84405602100003],[-84.40695593499998,33.835169148000034],[-84.405457975,33.826282244000026],[-84.40396032599995,33.81739530900006],[-84.40246298599999,33.80850834300003],[-84.40096595599994,33.79962134600004],[-84.39946923499997,33.790734318000034],[-84.39797282399996,33.781847259000074],[-84.39647672099994,33.772960169000044],[-84.39498092799994,33.76407304800006],[-84.39348544299997,33.75518589600006],[-84.39199026699998,33.746298713000044],[-84.39049539899997,33.737411500000064],[-84.38900083899995,33.728524255000025],[-84.38750658799995,33.719636980000075],[-84.38601264399995,33.710749673000066],[-84.38451900799998,33.70186233600003],[-84.38302567999995,33.692974968000044],[-84.38153265899996,33.68408756900004],[-84.38003994599995,33.675200139000026],[-84.37854753899995,33.66631267900004],[-84.37705543999994,33.65742518700006],[-84.37556364699998,33.64853766500005],[-84.37407216099996,33.63965011200003],[-84.37258098099994,33.63076252800005],[-84.37109010699999,33.621874914000045],[-84.36959953999997,33.61298726800004],[-84.36810927799996,33.60409959200007],[-84.36661932299995,33.59521188600007],[-84.36512967299996,33.586324148000074],[-84.36364032799997,33.57743638000005],[-84.36215128799995,33.56854858100007],[-84.36066255399999,33.559660751000024],[-84.35917412499998,33.550772891000065],[-84.357686,33.541885]],[[-84.357686,33.541885],[-84.36213487799995,33.55004392200004],[-84.36658459199998,33.55820267300004],[-84.37103514299997,33.56636125400007],[-84.37548653199997,33.574519663000046],[-84.37993875699993,33.58267790200006],[-84.38439182099995,33.59083597000006],[-84.38884572399996,33.59899386700005],[-84.39330046499998,33.60715159200004],[-84.39775604499994,33.61530914700006],[-84.40221246399994,33.62346653000003],[-84.40666972399998,33.631623741000055],[-84.41112782399995,33.63978078200006],[-84.41558676499994,33.64793765100006],[-84.42004654699997,33.65609434800007],[-84.42450717099996,33.66425087300007],[-84.42896863699997,33.672407227000065],[-84.43343094499994,33.68056340900006],[-84.43789409599998,33.68871941800006],[-84.44235808999997,33.696875256000055],[-84.44682292699997,33.70503092200005],[-84.45128860899996,33.71318641500005],[-84.45575513499995,33.721341737000046],[-84.46022250599998,33.72949688600005],[-84.46469072199994,33.737651862000064],[-84.46915978399994,33.74580666600008],[-84.47362969099999,33.753961298000036],[-84.47810044599998,33.76211575600007],[-84.48257204599997,33.77027004200005],[-84.48704449499996,33.77842415600003],[-84.49151778999999,33.78657809600003],[-84.49599193399996,33.79473186300004],[-84.50046692699993,33.80288545700006],[-84.50494276799998,33.81103887900008],[-84.50941945799997,33.819192126000075],[-84.51389699799995,33.82734520100007],[-84.51837538799998,33.83549810200003],[-84.52285462899994,33.84365083000006],[-84.52733471999994,33.85180338400005],[-84.53181566299997,33.85995576400006],[-84.53629745699999,33.86810797100003],[-84.54078010399996,33.87626000400007],[-84.54526360299997,33.884411863000025],[-84.54974795499999,33.892563548000055],[-84.55423315999997,33.90071505900005],[-84.55871921899995,33.908866396000064],[-84.56320613199995,33.917017558000055],[-84.56769389999994,33.925168547000055],[-84.57218252199993,33.93331936000004],[-84.576672,33.94147]],[[-84.576672,33.94147],[-84.57943599799995,33.93282519600007],[-84.58219943799998,33.92418031700004],[-84.58496231899994,33.91553536500004],[-84.58772464299994,33.90689033800004],[-84.59048640899994,33.898245237000026],[-84.59324761699997,33.889600063000046],[-84.59600826799993,33.88095481400006],[-84.59876836299998,33.87230949100007],[-84.60152790099994,33.86366409400006],[-84.60428688299999,33.855018623000035],[-84.60704530899994,33.846373079000045],[-84.60980317999997,33.83772746000005],[-84.61256049499997,33.82908176800004],[-84.61531725499998,33.820436002000065],[-84.61807345999995,33.81179016200008],[-84.62082911099998,33.80314424900007],[-84.62358420799995,33.79449826200005],[-84.62633874999995,33.78585220100007],[-84.62909273899999,33.777206067000066],[-84.63184617499996,33.76855985900005],[-84.63459905799994,33.75991357700008],[-84.63735138799996,33.751267222000024],[-84.64010316599996,33.74262079300007],[-84.64285439099996,33.73397429100004],[-84.64560506499998,33.72532771600004],[-84.64835518699994,33.716681067000025],[-84.65110475799997,33.708034345000044],[-84.65385377699994,33.69938755000004],[-84.65660224599998,33.69074068100008],[-84.65935016499998,33.68209373900004],[-84.66209753299995,33.67344672400003],[-84.66484435199999,33.664799636000055],[-84.66759061999994,33.656152474000066],[-84.67033633999995,33.647505240000044],[-84.67308151099996,33.638857932000064],[-84.67582613199994,33.63021055100006],[-84.67857020599996,33.621563097000035],[-84.68131373099999,33.61291557100003],[-84.68405670799996,33.60426797100007],[-84.68679913799997,33.595620299000075],[-84.68954102099997,33.58697255300007],[-84.69228235599996,33.578324735000024],[-84.69502314499994,33.56967684400007],[-84.69776338699995,33.56102888000004],[-84.70050308299994,33.55238084300004],[-84.70324223299997,33.54373273400006],[-84.70598083799996,33.53508455200006],[-84.70871889699998,33.52643629700003],[-84.71145641099997,33.51778797000003],[-84.71419338099997,33.50913957000006],[-84.71692980599994,33.500491098000055],[-84.71966568699997,33.491842553000026],[-84.72240102399996,33.48319393600008],[-84.72513581699997,33.47454524600005],[-84.72787006699997,33.46589648400004],[-84.73060377399997,33.45724764900007],[-84.73333693799998,33.44859874200006],[-84.73606955899999,33.43994976300007],[-84.73880163899997,33.43130071100006],[-84.74153317599996,33.422651587000075],[-84.74426417199999,33.414002391000054],[-84.74699462599995,33.405353123000054],[-84.74972453999999,33.39670378300008],[-84.75245391199996,33.38805437000008],[-84.75518274399997,33.37940488600003],[-84.75791103599994,33.370755329000076],[-84.76063878799994,33.362105701000075],[-84.763366,33.353456]],[[-84.763366,33.353456],[-84.75896512299994,33.36166906500006],[-84.75456341799998,33.36988196400006],[-84.75016088699994,33.37809469500007],[-84.74575752699997,33.386307260000024],[-84.74135333999999,33.394519657000046],[-84.73694832399997,33.40273188700007],[-84.73254247899996,33.410943950000046],[-84.72813580499997,33.419155845000034],[-84.72372830099994,33.427367573000026],[-84.71931996799998,33.43557913300003],[-84.71491080299995,33.44379052600004],[-84.71050080799995,33.45200175100007],[-84.70608998199998,33.46021280900004],[-84.70167832299995,33.46842369800004],[-84.69726583299996,33.47663442000004],[-84.69285250999997,33.484844973000065],[-84.68843835499996,33.49305535900004],[-84.68402336599996,33.50126557600004],[-84.67960754299997,33.50947562500005],[-84.67519088699999,33.51768550600008],[-84.67077339499997,33.52589521800007],[-84.66635506899996,33.53410476200003],[-84.66193590799998,33.54231413700006],[-84.65751591099996,33.550523344000055],[-84.65309507799998,33.55873238200007],[-84.64867340799998,33.56694125100006],[-84.64425090199995,33.57514995100007],[-84.63982755799998,33.58335848300004],[-84.63540337599994,33.591566845000045],[-84.63097835699995,33.599775038000075],[-84.62655249899996,33.60798306200007],[-84.62212580199997,33.61619091700004],[-84.61769826499994,33.62439860200004],[-84.61326988899998,33.63260611800007],[-84.60884067299997,33.640813465000065],[-84.60441061599994,33.64902064100005],[-84.59997971899998,33.65722764800006],[-84.59554797999994,33.66543448600004],[-84.59111539899999,33.67364115300006],[-84.58668197599997,33.681847651000055],[-84.58224771099998,33.69005397900003],[-84.57781260299998,33.698260136000044],[-84.573376651,33.70646612300004],[-84.56893985599999,33.71467194100006],[-84.56450221599994,33.72287758700003],[-84.56006373199995,33.731083064000075],[-84.55562440299997,33.739288370000054],[-84.55118422799995,33.74749350500008],[-84.54674320799995,33.75569847000003],[-84.54230134099998,33.76390326400008],[-84.53785862799998,33.77210788700006],[-84.53341506799995,33.78031234000008],[-84.52897066099996,33.78851662100004],[-84.52452540499996,33.79672073100005],[-84.52007930199994,33.80492467100004],[-84.51563234899999,33.813128439000025],[-84.51118454799996,33.82133203500007],[-84.50673589699994,33.829535461000035],[-84.50228639699998,33.83773871500006],[-84.49783604599997,33.84594179700008],[-84.493384844,33.854144708000035],[-84.48893279199996,33.86234744700005],[-84.48447988699996,33.87055001400006],[-84.48002613099999,33.87875241000006],[-84.47557152299999,33.88695463300007],[-84.47111606199996,33.895156685000075],[-84.46665974799998,33.90335856400003],[-84.46220257999994,33.91156027100004],[-84.45774455799994,33.919761806000054],[-84.45328568199994,33.927963169000066],[-84.44882595099995,33.93616435900003],[-84.44436536499995,33.944365377000054],[-84.43990392299997,33.95256622200003],[-84.43544162499995,33.96076689500006],[-84.43097847099995,33.96896739500005],[-84.42651445999996,33.97716772100006],[-84.42204959199995,33.985367875000065],[-84.41758386599997,33.99356785700007],[-84.41311728199997,34.001767664000056],[-84.40864983999995,34.00996729900004],[-84.40418153799999,34.01816676100003],[-84.39971237799995,34.026366049000046],[-84.39524235699997,34.03456516400007],[-84.39077147699999,34.04276410500006],[-84.38629973599996,34.05096287300006],[-84.38182713399993,34.059161467000024],[-84.37735366999993,34.067359888000055],[-84.37287934499994,34.07555813400006],[-84.36840415799998,34.08375620700008],[-84.36392810799998,34.09195410600006],[-84.35945119499996,34.10015183000007],[-84.35497341799999,34.10834938100004],[-84.35049477799998,34.11654675700004],[-84.34601527299998,34.12474395900006],[-84.34153490399996,34.13294098700004],[-84.33705366899994,34.141137840000056],[-84.33257156899998,34.149334519000035],[-84.32808860299997,34.15753102300005],[-84.32360477099996,34.16572735200003],[-84.31912007199998,34.17392350700004],[-84.31463450499996,34.18211948600003],[-84.31014807199995,34.19031529100005],[-84.30566076999997,34.19851092000005],[-84.30117259899998,34.20670637500007],[-84.29668355999996,34.21490165400007],[-84.29219365099993,34.223096758000054],[-84.28770287299994,34.231291687000066],[-84.28321122499995,34.239486440000064],[-84.27871870599995,34.24768101700005],[-84.27422531599996,34.25587541900006],[-84.26973105499997,34.26406964600005],[-84.26523592199999,34.27226369600004],[-84.26073991699997,34.280457571000056],[-84.25624303899997,34.28865126900007],[-84.25174528799994,34.29684479200006],[-84.24724666399999,34.30503813800004],[-84.24274716499997,34.31323130900006],[-84.23824679299997,34.321424302000025],[-84.23374554499998,34.32961712000008],[-84.22924342299996,34.337809761000074],[-84.22474042499994,34.34600222600005],[-84.22023655099997,34.35419451400003],[-84.21573179999996,34.362386625000056],[-84.21122617299994,34.37057855900008],[-84.20671966799995,34.37877031700003],[-84.20221228599996,34.38696189800004],[-84.19770402599994,34.39515330100005],[-84.19319488699995,34.40334452800005],[-84.18868486899999,34.41153557700005],[-84.18417397199994,34.41972644900005],[-84.17966219499993,34.42791714300006],[-84.17514953799997,34.43610766000006],[-84.170636,34.444298]],[[-84.170636,34.444298],[-84.17138547299999,34.43532840100005],[-84.17213478699995,34.42635878300007],[-84.17288393999996,34.41738914800004],[-84.17363293399995,34.40841949600008],[-84.17438176699994,34.39944982500003],[-84.17513044099996,34.390480137000054],[-84.17587895499997,34.38151043100004],[-84.17662730899997,34.37254070700004],[-84.17737550399994,34.363570966000054],[-84.17812353899996,34.35460120700003],[-84.17887141499995,34.345631430000026],[-84.17961913199997,34.33666163500004],[-84.18036668999997,34.327691823000066],[-84.18111408899995,34.318721993000054],[-84.18186132799997,34.30975214500006],[-84.18260840899995,34.30078227900003],[-84.18335533099997,34.29181239600007],[-84.18410209399997,34.28284249500007],[-84.18484869799994,34.27387257600003],[-84.185595144,34.26490264000006],[-84.18634143099996,34.25593268600005],[-84.18708755999995,34.24696271400006],[-84.18783353099997,34.23799272400004],[-84.18857934399995,34.22902271700008],[-84.18932499799996,34.220052692000024],[-84.19007049399994,34.21108265000004],[-84.19081583299999,34.20211259000007],[-84.19156101299995,34.193142512000065],[-84.19230603599993,34.184172416000024],[-84.19305090099994,34.17520230300005],[-84.19379560799996,34.166232172000036],[-84.19454015799994,34.15726202400003],[-84.19528455099999,34.14829185800005],[-84.19602878599994,34.13932167400003],[-84.19677286299998,34.130351473000076],[-84.19751678399996,34.12138125400003],[-84.19826054799995,34.112411017000056],[-84.19900415399997,34.10344076300004],[-84.19974760399998,34.09447049100004],[-84.20049089699995,34.08550020100006],[-84.20123403299993,34.07652989400003],[-84.20197701199999,34.067559569000025],[-84.20271983499998,34.05858922700003],[-84.203462501,34.04961886700005],[-84.20420501099994,34.040648490000024],[-84.20494736399996,34.03167809400003],[-84.20568956199998,34.02270768200003],[-84.20643160299994,34.013737251000066],[-84.20717348799997,34.00476680300005],[-84.20791521699994,33.99579633800005],[-84.20865678999996,33.98682585500006],[-84.20939820799998,33.97785535400004],[-84.21013946999994,33.96888483600003],[-84.21088057599997,33.95991430000004],[-84.21162152599999,33.95094374700005],[-84.21236232099994,33.94197317600003],[-84.21310296099995,33.93300258800008],[-84.21384344499995,33.92403198200003],[-84.21458377399995,33.91506135800006],[-84.21532394799993,33.90609071700004],[-84.21606396699997,33.89712005900003],[-84.21680383099994,33.88814938300004],[-84.21754353999995,33.87917868900007],[-84.21828309499995,33.87020797800005],[-84.21902249399994,33.861237249000055],[-84.21976173899998,33.85226650300007],[-84.22050082999993,33.84329573900004],[-84.22123976599994,33.834324958000025],[-84.22197854699994,33.82535415900003],[-84.22271717499996,33.81638334300004],[-84.22345564799997,33.80741251000006],[-84.22419396699996,33.79844165800006],[-84.22493213199994,33.78947079000005],[-84.22567014299995,33.78049990400007],[-84.226408,33.771529]],[[-84.226408,33.771529],[-84.23703439799993,33.770185025000046],[-84.24766046499997,33.76884013500006],[-84.25828619899994,33.767494330000034],[-84.26891160099996,33.766147610000075],[-84.27953666999997,33.764799975000074],[-84.29016140699997,33.763451426000074],[-84.30078581099997,33.76210196100004],[-84.31140988199996,33.76075158200007],[-84.32203361899997,33.75940028800005],[-84.33265702299997,33.75804807900005],[-84.34328009299998,33.75669495600005],[-84.35390282999998,33.75534091800006],[-84.36452523199995,33.75398596600007],[-84.37514729999998,33.75263010000003],[-84.38576903299997,33.75127332000005],[-84.39639043199998,33.74991562500003],[-84.40701149599994,33.74855701700005],[-84.41763222399999,33.747197494000034],[-84.42825261799999,33.74583705800006],[-84.43887267599996,33.74447570700005],[-84.44949239799996,33.74311344300003],[-84.46011178499998,33.741750266000054],[-84.47073083499998,33.74038617400004],[-84.48134954899996,33.73902116900007],[-84.49196792699996,33.737655251000035],[-84.50258596799995,33.73628841900006],[-84.51320367199997,33.73492067400008],[-84.52382103899998,33.73355201600003],[-84.53443806799999,33.732182445000035],[-84.54505476099996,33.73081196000004],[-84.55567111499994,33.729440563000026],[-84.56628713199996,33.72806825200007],[-84.57690281099997,33.72669502900004],[-84.58751815199997,33.72532089300006],[-84.59813315399998,33.72394584400007],[-84.60874781699994,33.72256988300006],[-84.61936214199994,33.72119300900005],[-84.62997612699996,33.71981522300007],[-84.64058977399998,33.718436524000026],[-84.65120308099995,33.71705691300008],[-84.66181604799993,33.715676390000056],[-84.67242867599998,33.714294954000025],[-84.68304096299994,33.71291260700008],[-84.69365291099996,33.71152934700007],[-84.70426451699996,33.710145176000026],[-84.71487578399996,33.708760092000034],[-84.72548670899994,33.70737409700007],[-84.736097294,33.70598719000003],[-84.74670753699996,33.704599372000075],[-84.75731743999995,33.703210642000045],[-84.767927,33.701821]],[[-84.767927,33.701821],[-84.76122887499997,33.694806966000044],[-84.75453183899998,33.68779256100004],[-84.74783589099997,33.68077778500003],[-84.74114102999994,33.67376263800003],[-84.73444725699994,33.66674712100007],[-84.72775456999995,33.65973123300006],[-84.72106296999993,33.65271497500004],[-84.71437245499999,33.645698347000064],[-84.70768302599998,33.638681349000024],[-84.70099468199999,33.63166398100003],[-84.69430742199995,33.624646244000076],[-84.68762124699998,33.617628137000054],[-84.68093615599997,33.61060966100007],[-84.67425214799994,33.603590815000075],[-84.66756922399998,33.59657160100005],[-84.66088738199994,33.58955201800006],[-84.65420662199995,33.582532066000056],[-84.64752694399994,33.57551174500003],[-84.64084834699997,33.56849105600003],[-84.63417083199994,33.56146999900005],[-84.62749439699996,33.55444857300006],[-84.62081904199994,33.54742678000002],[-84.61414476699997,33.54040461900007],[-84.60747157099996,33.53338209000003],[-84.60079945499996,33.526359194000065],[-84.59412841699998,33.51933593000007],[-84.58745845699997,33.51231229900003],[-84.58078957499998,33.505288302000054],[-84.57412176999998,33.49826393700005],[-84.56745504199995,33.491239206000046],[-84.56078939099996,33.48421410800006],[-84.55412481599996,33.477188643000034],[-84.54746131699994,33.47016281300006],[-84.54079889299999,33.46313661600004],[-84.53413754399998,33.45611005300003],[-84.52747726899997,33.449083124000026],[-84.52081806899997,33.44205583000007],[-84.51415994199994,33.435028171000056],[-84.50750288899997,33.428000146000045],[-84.50084690799997,33.42097175500004],[-84.494192,33.413943]],[[-84.494192,33.413943],[-84.49042140399996,33.42231585900004],[-84.48665008399996,33.430688591000035],[-84.48287803999995,33.43906119800005],[-84.47910527099998,33.44743367900003],[-84.47533177699995,33.455806033000044],[-84.47155755799997,33.46417826100003],[-84.46778261299994,33.47255036300004],[-84.46400694199997,33.480922339000074],[-84.46023054499994,33.48929418900008],[-84.45645342099994,33.49766591100007],[-84.45267556899995,33.50603750800008],[-84.44889698999998,33.51440897800006],[-84.44511768299998,33.52278032100003],[-84.44133764799994,33.531151538000074],[-84.43755688499994,33.53952262800004],[-84.43377539199997,33.54789359100005],[-84.42999316999999,33.55626442700003],[-84.42621021799994,33.56463513600005],[-84.42242653599999,33.57300571900004],[-84.41864212399997,33.58137617400007],[-84.41485698099996,33.589746502000025],[-84.41107110699994,33.59811670400006],[-84.40728450099994,33.60648677700004],[-84.40349716399999,33.61485672400005],[-84.39970909399995,33.623226543000044],[-84.39592029199997,33.631596235000075],[-84.39213075699996,33.63996580000003],[-84.38834048799998,33.648335237000026],[-84.38454948599997,33.65670454600007],[-84.38075774899994,33.66507372800004],[-84.37696527799994,33.67344278200005],[-84.37317207299998,33.681811709000044],[-84.36937813199995,33.690180507000036],[-84.36558345599997,33.698549178000064],[-84.36178804399998,33.706917721000025],[-84.35799189499994,33.71528613600003],[-84.35419501099994,33.72365442200004],[-84.35039738899997,33.732022581000024],[-84.34659902899995,33.740390612000056],[-84.34279993199993,33.74875851400003],[-84.33900009699994,33.75712628800005],[-84.33519952399996,33.76549393300007],[-84.33139821199995,33.77386145100007],[-84.32759615999998,33.78222883900003],[-84.32379336899999,33.79059610000007],[-84.31998983799997,33.79896323100007],[-84.31618556699993,33.80733023400006],[-84.31238055499995,33.81569710800005],[-84.30857480299994,33.82406385400003],[-84.30476830899994,33.83243047000008],[-84.30096107299994,33.840796958000055],[-84.29715309499994,33.849163317000034],[-84.29334437399996,33.85752954700007],[-84.28953491099998,33.86589564700006],[-84.28572470399996,33.87426161900004],[-84.28191375399996,33.88262746100003],[-84.27810205999998,33.89099317400007],[-84.27428962199997,33.89935875800006],[-84.27047643899994,33.90772421300005],[-84.26666251099994,33.91608953800005],[-84.26284783699998,33.92445473300006],[-84.25903241799995,33.93281979900007],[-84.25521625199997,33.941184735000036],[-84.25139933999998,33.94954954200006],[-84.24758168099999,33.95791421800004],[-84.24376327499994,33.96627876500003],[-84.23994412099995,33.97464318300007],[-84.23612421899998,33.983007470000075],[-84.23230356899995,33.991371627000035],[-84.22848216999995,33.99973565400006],[-84.22466002199997,34.00809955100004],[-84.22083712399996,34.016463318000035],[-84.21701347699997,34.02482695500004],[-84.21318907899996,34.03319046100006],[-84.20936392999994,34.04155383700004],[-84.20553803099995,34.049917082000036],[-84.20171137999995,34.058280197000045],[-84.19788397699995,34.066643182000064],[-84.19405582299999,34.07500603600005],[-84.19022691599997,34.08336875900005],[-84.18639725499997,34.09173135100008],[-84.18256684199997,34.10009381300006],[-84.17873567499998,34.10845614400006],[-84.17490375399996,34.11681834400002],[-84.17107107899994,34.12518041200008],[-84.16723764899996,34.13354235000003],[-84.16340346399994,34.141904157000056],[-84.15956852399995,34.15026583300005],[-84.15573282699995,34.15862737700007],[-84.15189637499998,34.16698879000006],[-84.14805916499995,34.17535007200007],[-84.14422119899996,34.183711222000056],[-84.14038247599996,34.19207224100006],[-84.13654299399997,34.20043312800004],[-84.13270275499997,34.208793884000045],[-84.12886175699998,34.21715450800008],[-84.12502,34.225515]],[[-84.12502,34.225515],[-84.13094619899994,34.21801881700003],[-84.13687134799994,34.21052233900008],[-84.14279544899995,34.203025565000075],[-84.14871849999997,34.195528496000065],[-84.15464050299994,34.18803113200005],[-84.16056145799996,34.180533473000025],[-84.16648136599997,34.17303552000004],[-84.17240022699997,34.16553727100006],[-84.17831804099995,34.158038728000065],[-84.18423480899997,34.15053989100005],[-84.19015053099997,34.14304075900003],[-84.19606520799994,34.13554133300005],[-84.20197883999998,34.12804161300005],[-84.20789142799998,34.120541600000024],[-84.21380297199994,34.11304129200005],[-84.21971347299996,34.105540691000044],[-84.22562292999999,34.09803979600008],[-84.23153134499995,34.09053860800003],[-84.23743871799996,34.08303712700007],[-84.24334504899997,34.07553535200003],[-84.24925033799997,34.06803328500007],[-84.25515458699994,34.06053092500008],[-84.26105779499994,34.05302827200006],[-84.26695996299998,34.045525326000075],[-84.27286109199997,34.03802208800005],[-84.27876118199998,34.03051855700005],[-84.28466023299995,34.02301473500006],[-84.29055824499994,34.01551062000004],[-84.29645521999998,34.008006213000044],[-84.30235115799996,34.00050151500005],[-84.30824605799995,33.992996525000024],[-84.31413992199998,33.98549124300007],[-84.32003274999994,33.977985670000066],[-84.32592454299999,33.970479805000025],[-84.33181529999996,33.96297364900005],[-84.33770502199997,33.95546720300007],[-84.34359370999994,33.94796046500005],[-84.34948136499997,33.94045343700003],[-84.35536798499999,33.932946118000075],[-84.36125357299994,33.92543850800007],[-84.36713812799997,33.91793060800006],[-84.37302165099999,33.91042241800005],[-84.37890414199995,33.90291393700005],[-84.38478560199997,33.895405167000035],[-84.39066603199996,33.88789610600003],[-84.39654542999995,33.880386756000064],[-84.40242379899996,33.87287711600004],[-84.40830113799996,33.86536718700006],[-84.41417744799998,33.85785696800008],[-84.42005272999995,33.85034646100007],[-84.42592698299995,33.84283566400006],[-84.43180020799997,33.83532457800004],[-84.437672406,33.82781320300006],[-84.44354357699996,33.82030153900007],[-84.44941372099998,33.812789587000054],[-84.45528283999994,33.805277346000025],[-84.46115093299994,33.79776481700003],[-84.467018,33.790252]],[[-84.467018,33.790252],[-84.45739794199994,33.79399674700005],[-84.44777704699999,33.79774074100004],[-84.43815531299998,33.801483982000036],[-84.42853274199996,33.805226471000026],[-84.41890933399998,33.80896820700008],[-84.40928508699994,33.81270919000008],[-84.39966000299995,33.81644941900004],[-84.39003408099995,33.82018889500006],[-84.38040732099995,33.82392761800003],[-84.37077972299994,33.82766558600008],[-84.36115128699998,33.831402801000024],[-84.35152201399995,33.83513926200004],[-84.34189190199999,33.83887496800003],[-84.33226095299995,33.84260992000003],[-84.32262916499997,33.84634411700006],[-84.31299653999997,33.850077559000056],[-84.30336307599998,33.85381024600008],[-84.29372877499998,33.85754217900006],[-84.28409363499998,33.86127335600003],[-84.27445765699997,33.86500377700003],[-84.26482084199995,33.86873344300005],[-84.255183188,33.87246235300006],[-84.24554469499998,33.87619050700005],[-84.23590536499995,33.879917904000024],[-84.22626519699998,33.88364454600003],[-84.21662418999995,33.88737043100008],[-84.20698234499997,33.891095559000064],[-84.197339662,33.89481993000004],[-84.18769613999996,33.89854354500005],[-84.17805178099997,33.902266402000066],[-84.16840658299998,33.90598850200007],[-84.15876054599994,33.909709844000076],[-84.14911367099995,33.91343042800003],[-84.13946595799996,33.917150255000024],[-84.12981740699996,33.92086932400008],[-84.12016801699997,33.924587634000034],[-84.11051778799998,33.928305186000046],[-84.10086672199998,33.93202198000006],[-84.091214816,33.93573801500003],[-84.08156207199994,33.93945329100006],[-84.07190848999994,33.943167808000055],[-84.06225406899995,33.94688156500007],[-84.05259880999995,33.95059456300004],[-84.04294271199996,33.954306802000076],[-84.03328577499997,33.95801828100008],[-84.023628,33.961729]],[[-84.023628,33.961729],[-84.01901172999999,33.96980479600006],[-84.01439458799996,33.97788040800003],[-84.00977657199996,33.98595583600007],[-84.00515768199995,33.99403108000007],[-84.00053791899995,34.00210614000002],[-83.99591728099995,34.01018101600005],[-83.99129576799999,34.01825570800003],[-83.98667337999996,34.02633021500003],[-83.98205011699997,34.03440453800005],[-83.97742597699994,34.04247867700008],[-83.97280096099996,34.05055263100007],[-83.96817506799994,34.05862640000004],[-83.96354829699999,34.06669998500007],[-83.95892064899994,34.074773384000025],[-83.95429212299996,34.08284659900005],[-83.94966271799996,34.09091962900004],[-83.94503243399998,34.098992474000056],[-83.94040127099998,34.10706513300005],[-83.93576922799997,34.115137607000065],[-83.93113630499994,34.12320989600005],[-83.92650250099996,34.131282],[-83.92186781599997,34.13935391800004],[-83.91723224899994,34.14742565000006],[-83.91259580099995,34.155497197000045],[-83.90795847099997,34.163568558000065],[-83.90332025699996,34.17163973300006],[-83.89868116099996,34.17971072200004],[-83.89404118099998,34.18778152500005],[-83.88940031699997,34.195852142000035],[-83.88475856899998,34.20392257200007],[-83.88011593599998,34.211992817000066],[-83.87547241799996,34.22006287500005],[-83.87082801399998,34.22813274600003],[-83.86618272399994,34.23620243100004],[-83.86153654699996,34.244271929000035],[-83.85688948399996,34.25234124100007],[-83.85224153399997,34.26041036600003],[-83.84759269499995,34.26847930300005],[-83.84294296899998,34.276548054000045],[-83.83829235399998,34.28461661800003],[-83.83364084999994,34.29268499400007],[-83.82898845699998,34.30075318400003],[-83.82433517299995,34.308821186000046],[-83.819681,34.316889]],[[-83.819681,34.316889],[-83.82302636299994,34.30834075800004],[-83.82637104799994,34.299792414000024],[-83.82971505599994,34.291243966000025],[-83.83305838599995,34.282695414000045],[-83.83640103999994,34.274146760000065],[-83.83974301699999,34.26559800200005],[-83.84308431699998,34.25704914200003],[-83.84642494199994,34.24850017800003],[-83.84976489099995,34.23995111200003],[-83.853104165,34.23140194200005],[-83.85644276399995,34.222852670000066],[-83.859780689,34.214303295000036],[-83.86311793899995,34.20575381700007],[-83.86645451599998,34.19720423700005],[-83.86979041899997,34.18865455300005],[-83.87312564899997,34.180104767000046],[-83.876460206,34.17155487900004],[-83.87979409099995,34.163004888000046],[-83.88312730399997,34.15445479500005],[-83.88645984399994,34.14590459900006],[-83.88979171399995,34.13735430100007],[-83.89312291199997,34.12880390000004],[-83.89645343999996,34.120253398000045],[-83.89978329699994,34.11170279300006],[-83.90311248499995,34.10315208600008],[-83.90644100199995,34.09460127600005],[-83.90976885099997,34.08605036500006],[-83.91309602999996,34.077499352000075],[-83.91642253999999,34.06894823600004],[-83.91974838299996,34.06039701900005],[-83.92307355699995,34.05184570000006],[-83.92639806399995,34.043294279000065],[-83.92972190299997,34.03474275600007],[-83.93304507499994,34.026191131000076],[-83.93636758099996,34.01763940500007],[-83.93968941999998,34.00908757700006],[-83.94301059399999,34.00053564800004],[-83.94633110199999,33.99198361700007],[-83.94965094399998,33.98343148400005],[-83.95297012199995,33.97487925000007],[-83.95628863499996,33.966326915000025],[-83.95960648399995,33.95777447800003],[-83.96292366899996,33.94922194000003],[-83.96624019099994,33.940669300000025],[-83.96955604899995,33.932116560000054],[-83.97287124499996,33.923563718000025],[-83.97618577699996,33.91501077500004],[-83.97949964799994,33.906457731000046],[-83.98281285699994,33.89790458600004],[-83.98612540399995,33.889351340000076],[-83.98943728999996,33.880797993000044],[-83.99274851499996,33.87224454500006],[-83.99605907999995,33.86369099700005],[-83.999368985,33.85513734700004],[-84.00267822899997,33.84658359700006],[-84.00598681399998,33.838029746000075],[-84.00929473999997,33.829475795000064],[-84.01260200799999,33.82092174200005],[-84.015908616,33.812367590000065],[-84.01921456699995,33.803813337000065],[-84.02251985999999,33.79525898300005],[-84.02582449499994,33.786704529000076],[-84.02912847299996,33.77814997400003],[-84.032431794,33.769595320000064],[-84.03573445899997,33.76104056500003],[-84.03903646799995,33.75248570900004],[-84.042337821,33.743930754000075],[-84.04563851799998,33.73537569900003],[-84.04893856099994,33.72682054300003],[-84.05223794799997,33.718265287000065],[-84.05553668099998,33.70970993200007],[-84.05883475999997,33.701154476000056],[-84.06213218499994,33.69259892100007],[-84.06542895699994,33.68404326500007],[-84.06872507599996,33.67548751000004],[-84.07202054099997,33.66693165500004],[-84.07531535499999,33.65837570100007],[-84.07860951599997,33.649819646000026],[-84.08190302499997,33.641263492000064],[-84.08519588299998,33.63270723900007],[-84.08848808999994,33.62415088600005],[-84.09177964599996,33.61559443400006],[-84.09507055099994,33.60703788200004],[-84.09836080699995,33.59848123100005],[-84.10165041199997,33.589924480000036],[-84.10493936899996,33.581367630000045],[-84.10822767599996,33.57281068100008],[-84.11151533399999,33.56425363300008],[-84.11480234399994,33.555696485000055],[-84.11808870499993,33.547139239000046],[-84.12137441899995,33.53858189300007],[-84.12465948499994,33.53002444900005],[-84.12794390399995,33.52146690500007],[-84.13122767699997,33.51290926300004],[-84.13451080299996,33.504351521000046],[-84.13779328199996,33.495793681000066],[-84.14107511599997,33.48723574200005],[-84.14435630499997,33.47867770500005],[-84.147636848,33.47011956800003],[-84.15091674599995,33.461561334000066],[-84.154196,33.453003]],[[-84.154196,33.453003],[-84.14440039699997,33.45630646500007],[-84.13460405199999,33.45960915400008],[-84.12480696299997,33.46291106700005],[-84.11500913199995,33.466212204000044],[-84.10521055799995,33.46951256500006],[-84.09541124099997,33.47281214900005],[-84.085611181,33.47611095700006],[-84.07581037899996,33.479408989000035],[-84.06600883399994,33.48270624300005],[-84.05620654599994,33.486002721000034],[-84.04640351599994,33.48929842100006],[-84.03659974299995,33.492593345000046],[-84.02679522799997,33.49588749000003],[-84.01698996999994,33.499180859000035],[-84.00718396899998,33.502473449000036],[-83.99737722599997,33.50576526200007],[-83.98756974099996,33.50905629600004],[-83.97776151299996,33.51234655300004],[-83.96795254299997,33.51563603100004],[-83.95814282999999,33.51892473000004],[-83.94833237499995,33.522212651000075],[-83.93852117799997,33.52549979300005],[-83.92870923799995,33.528786156000024],[-83.91889655599994,33.53207174000005],[-83.90908313199998,33.53535654500007],[-83.89926896499998,33.53864057000004],[-83.88945405599998,33.541923816000065],[-83.87963840499998,33.54520628200004],[-83.86982201199999,33.548487968000074],[-83.86000487699994,33.55176887400006],[-83.850187,33.555049]],[[-83.850187,33.555049],[-83.86002029399998,33.558637748000024],[-83.86985439999995,33.56222571300003],[-83.87968932099994,33.56581289500008],[-83.88952505399999,33.56939929300006],[-83.89936160099995,33.57298490800002],[-83.90919896099996,33.576569739000035],[-83.91903713399995,33.58015378500005],[-83.92887611999998,33.583737048000046],[-83.93871591999994,33.587319526000044],[-83.94855653299999,33.590901219000045],[-83.95839795999996,33.59448212800004],[-83.96824019899998,33.598062252000034],[-83.97808325199998,33.60164159100003],[-83.98792711899995,33.60522014400004],[-83.99777179799997,33.60879791200006],[-84.00761729099997,33.61237489500007],[-84.01746359699996,33.615951092000046],[-84.02731071599999,33.61952650300003],[-84.03715864899993,33.62310112800003],[-84.04700739499998,33.62667496700004],[-84.05685695399995,33.63024801900008],[-84.06670732599997,33.63382028500007],[-84.07655851199996,33.63739176400003],[-84.08641051099994,33.64096245600007],[-84.09626332299996,33.644532361000074],[-84.10611694899995,33.64810147800006],[-84.11597138699995,33.651669809000055],[-84.12582663899997,33.65523735100004],[-84.13568270499997,33.65880410600005],[-84.14553958299996,33.662370073000034],[-84.15539727499998,33.665935252000054],[-84.16525577999994,33.66949964200006],[-84.17511509799994,33.67306324500004],[-84.18497522999996,33.67662605800007],[-84.19483617499998,33.680188083000075],[-84.20469793299998,33.68374931900007],[-84.21456050399996,33.687309765000066],[-84.224423888,33.69086942300004],[-84.23428808599994,33.694428291000065],[-84.24415309699998,33.697986369000034],[-84.25401892099995,33.70154365700006],[-84.26388555799997,33.70510015600007],[-84.27375300899996,33.708655864000036],[-84.28362127299994,33.71221078200006],[-84.29349034899997,33.715764910000075],[-84.30336023999996,33.71931824700005],[-84.31323094299995,33.72287079300003],[-84.32310245999997,33.72642254800007],[-84.332974789,33.72997351200007],[-84.34284793199998,33.73352368500008],[-84.35272188799996,33.73707306600005],[-84.36259665799997,33.74062165500004],[-84.37247223999998,33.74416945300004],[-84.38234863599996,33.74771645900006],[-84.39222584399994,33.75126267200005],[-84.40210386599995,33.754808093000065],[-84.41198270099994,33.75835272200004],[-84.42186234899998,33.761896558000046],[-84.43174281099994,33.765439601000026],[-84.44162408499994,33.768981851000035],[-84.45150617299998,33.772523308000075],[-84.46138907299996,33.77606397100004],[-84.47127278699998,33.77960384100004],[-84.48115731399997,33.78314291800007],[-84.49104265399995,33.78668120000003],[-84.50092880699998,33.79021868800004],[-84.510815773,33.793755383000075],[-84.52070355199999,33.79729128200006],[-84.53059214499996,33.800826388000075],[-84.54048154999998,33.80436069800004],[-84.55037176799993,33.807894214000044],[-84.56026279999998,33.81142693400005],[-84.57015464399996,33.81495886000005],[-84.58004730199997,33.818489990000046],[-84.58994077199998,33.82202032400005],[-84.59983505599996,33.82554986300005],[-84.60973015199994,33.82907860600005],[-84.61962606199995,33.83260655200007],[-84.62952278399996,33.83613370300003],[-84.63942031999994,33.83966005700006],[-84.64931866799998,33.84318561400005],[-84.65921782999999,33.84671037500004],[-84.66911780399994,33.85023433900005],[-84.67901859199998,33.85375750500003],[-84.68892019199996,33.857279875000074],[-84.69882260499998,33.86080144700003],[-84.70872583199997,33.864322221000066],[-84.71862987099996,33.86784219800006],[-84.72853472299994,33.87136137700003],[-84.73844038699997,33.87487975700003],[-84.74834686499997,33.87839734000005],[-84.75825415599996,33.88191412300006],[-84.76816225899995,33.885430109000026],[-84.77807117599997,33.88894529500004],[-84.78798090499998,33.89245968300003],[-84.79789144699998,33.89597327100006],[-84.80780280199997,33.89948606000007],[-84.81771496999994,33.902998050000065],[-84.82762794999996,33.90650924000005],[-84.83754174299997,33.91001963000008],[-84.84745634999996,33.91352922000004],[-84.85737176799995,33.917038010000056],[-84.867288,33.920546]],[[-84.867288,33.920546],[-84.85724931799996,33.917409475000056],[-84.84721137199995,33.91427212900004],[-84.83717416199994,33.911133964000044],[-84.82713768699995,33.90799498000007],[-84.81710194799996,33.90485517700006],[-84.80706694499997,33.90171455400008],[-84.79703267799994,33.898573112000065],[-84.78699914699996,33.89543085200006],[-84.77696635199999,33.89228777300008],[-84.76693429399995,33.88914387500006],[-84.75690297099999,33.88599915900005],[-84.74687238499996,33.88285362500005],[-84.73684253399995,33.879707272000076],[-84.72681342099997,33.87656010200004],[-84.71678504299996,33.873412114000075],[-84.70675740199994,33.87026330900005],[-84.69673049699998,33.86711368600004],[-84.68670432899995,33.863963245000036],[-84.67667889699999,33.86081198800008],[-84.66665420199996,33.85765991400007],[-84.65663024399998,33.85450702300005],[-84.64660702199996,33.85135331500004],[-84.63658453699998,33.848198790000026],[-84.626562789,33.84504345000005],[-84.61654177799994,33.84188729300007],[-84.60652150399994,33.838730320000025],[-84.59650196599995,33.83557253200007],[-84.58648316599994,33.83241392700006],[-84.57646510199999,33.82925450700003],[-84.56644777599996,33.826094272000034],[-84.55643118699999,33.82293322100003],[-84.54641533499995,33.81977135500006],[-84.53640021999996,33.816608675000055],[-84.52638584199997,33.81344517900004],[-84.51637220199996,33.81028086900005],[-84.50635929899994,33.80711574500003],[-84.49634713399996,33.80394980600005],[-84.48633570599998,33.80078305300003],[-84.47632501499999,33.79761548600004],[-84.46631506199998,33.794447105000074],[-84.45630584699995,33.791277910000076],[-84.44629736899998,33.788107902000036],[-84.43628962899999,33.784937081000066],[-84.42628262699998,33.781765446000065],[-84.41627636199996,33.77859299800008],[-84.40627083599998,33.77541973800004],[-84.39626604699998,33.772245664000025],[-84.38626199599997,33.76907077800007],[-84.37625868299995,33.765895080000064],[-84.36625610799996,33.76271856900007],[-84.35625427199994,33.759541246000026],[-84.34625317299998,33.75636311100004],[-84.33625281199994,33.75318416400006],[-84.32625318999999,33.75000440600007],[-84.31625430599996,33.74682383600003],[-84.30625615999998,33.74364245500004],[-84.29625875299996,33.740460262000056],[-84.28626208299994,33.73727725900005],[-84.27626615299994,33.73409344400005],[-84.26627096099998,33.730908819000035],[-84.25627650699994,33.72772338300007],[-84.24628279199999,33.72453713700003],[-84.23628981499996,33.721350081000026],[-84.22629757699997,33.718162214000074],[-84.21630607799995,33.71497353800004],[-84.20631531699996,33.71178405100005],[-84.19632529599994,33.70859375500004],[-84.18633601299996,33.70540265000005],[-84.17634746899995,33.70221073500005],[-84.16635966399997,33.69901801100008],[-84.15637259699997,33.69582447800008],[-84.14638626999994,33.69263013600005],[-84.13640068199999,33.68943498600004],[-84.12641583299995,33.686239027000056],[-84.11643172299995,33.68304225900005],[-84.10644835199997,33.679844684000045],[-84.09646571999997,33.67664630000007],[-84.08648382799998,33.67344710800006],[-84.07650267499997,33.67024710900006],[-84.06652226099999,33.667046302000074],[-84.05654258699997,33.66384468700005],[-84.04656365199997,33.660642265000035],[-84.03658545599995,33.65743903600003],[-84.026608,33.654235]],[[-84.026608,33.654235],[-84.03178191799998,33.646373168000025],[-84.03695489599994,33.638511110000024],[-84.04212693299996,33.63064882500004],[-84.04729803099997,33.62278631500004],[-84.05246818899997,33.61492357800006],[-84.05763740899994,33.607060614000034],[-84.06280568999995,33.59919742500006],[-84.06797303299999,33.591334010000026],[-84.07313943799994,33.58347037000004],[-84.07830490699996,33.575606503000074],[-84.08346943799995,33.56774241200003],[-84.08863303399994,33.559878094000055],[-84.09379569299995,33.55201355200006],[-84.09895741699995,33.54414878400007],[-84.10411820599995,33.53628379100007],[-84.10927805999995,33.52841857300007],[-84.11443697999994,33.52055313000005],[-84.11959496599997,33.51268746200003],[-84.12475201899997,33.50482156900006],[-84.12990813899995,33.496955452000066],[-84.13506332699995,33.489089111000055],[-84.14021758199993,33.48122254400005],[-84.14537090599998,33.47335575400007],[-84.15052329799994,33.46548874000007],[-84.15567475899996,33.45762150100006],[-84.16082529099998,33.44975403800004],[-84.16597489199995,33.44188635200004],[-84.17112356299998,33.434018441000035],[-84.17627130499994,33.42615030700006],[-84.18141811899994,33.41828194900006],[-84.186564004,33.410413368000036],[-84.19170896199995,33.40254456400004],[-84.19685299199995,33.39467553600008],[-84.20199609499997,33.386806285000034],[-84.20713827099996,33.378936811000074],[-84.21227952099997,33.37106711400003],[-84.21741984499994,33.363197194000065],[-84.22255924399997,33.355327051000074],[-84.22769771699996,33.347456686000044],[-84.23283526699998,33.33958609800004],[-84.23797189199996,33.331715288000055],[-84.243107593,33.32384425500004],[-84.24824237099995,33.315973],[-84.25337622599994,33.30810152300006],[-84.25850915899997,33.30022982300005],[-84.26364116999997,33.29235790200005],[-84.26877225899995,33.28448575900006],[-84.27390242599995,33.27661339400004],[-84.27903167299996,33.268740808000075],[-84.28416,33.260868]],[[-84.28416,33.260868],[-84.27714625499993,33.26755917000003],[-84.270131441,33.274249937000036],[-84.26311555599995,33.280940300000054],[-84.25609860099996,33.28763026100006],[-84.24908057499994,33.294319818000076],[-84.24206147799998,33.301008972000034],[-84.23504130899994,33.30769772100007],[-84.22802006799998,33.314386067000044],[-84.22099775399994,33.32107400900003],[-84.21397436799998,33.32776154700008],[-84.20694990899995,33.334448681000026],[-84.19992437699995,33.34113540900006],[-84.19289776999995,33.347821734000036],[-84.18587008999998,33.35450765300004],[-84.17884133399997,33.36119316700007],[-84.17181150399995,33.367878277000045],[-84.16478059799994,33.374562980000064],[-84.15774861699998,33.381247279000036],[-84.15071555999998,33.38793117100005],[-84.14368142599994,33.39461465800008],[-84.13664621499998,33.40129773900003],[-84.129609927,33.407980414000065],[-84.12257256199996,33.414662683000074],[-84.11553411799997,33.42134454500007],[-84.10849459599996,33.428026],[-84.10145399599998,33.43470704900005],[-84.09441231599999,33.441387690000056],[-84.08736955699999,33.44806792500003],[-84.08032571799998,33.45474775200006],[-84.07328079899997,33.46142717200007],[-84.06623479899997,33.46810618500007],[-84.05918771899996,33.47478478900007],[-84.05213955699998,33.481462986000054],[-84.04509031299995,33.488140774000044],[-84.038039987,33.494818155000075],[-84.03098857899994,33.501495127000055],[-84.02393608799997,33.50817169000004],[-84.01688251399997,33.51484784400003],[-84.00982785599996,33.52152359000007],[-84.00277211399998,33.52819892700006],[-83.99571528799999,33.53487385400007],[-83.98865737699998,33.54154837200008],[-83.98159838099997,33.54822248100004],[-83.97453829999995,33.55489618000007],[-83.96747713199994,33.56156946900006],[-83.96041487899998,33.56824234800007],[-83.95335153899998,33.574914817000035],[-83.94628711199994,33.58158687500003],[-83.93922159799996,33.588258523000036],[-83.93215499599995,33.59492976000007],[-83.92508730599997,33.601600586000075],[-83.91801852699996,33.60827100200004],[-83.91094865999997,33.61494100600004],[-83.90387770299998,33.621610599000064],[-83.89680565699996,33.62827978000007],[-83.88973252099998,33.63494855000005],[-83.88265829399995,33.64161690800006],[-83.87558297699997,33.64828485400005],[-83.86850656899998,33.65495238700004],[-83.86142906899994,33.66161950900005],[-83.85435047699997,33.66828621800005],[-83.84727079299995,33.67495251400004],[-83.84019001699994,33.68161839700008],[-83.83310814799995,33.68828386800004],[-83.82602518499993,33.69494892500006],[-83.81894112799995,33.701613569000074],[-83.81185597699994,33.708277800000076],[-83.80476973199995,33.71494161700008],[-83.79768239199996,33.72160502000003],[-83.79059395699994,33.72826800900003],[-83.78350442599998,33.73493058400004],[-83.77641379899995,33.74159274500005],[-83.76932207599998,33.74825449100007],[-83.76222925599996,33.75491582300003],[-83.75513533799995,33.761576740000066],[-83.74804032399999,33.768237242000055],[-83.74094421099994,33.774897328000065],[-83.733847,33.781557]],[[-83.733847,33.781557],[-83.73297057499997,33.79037550900006],[-83.73209396999994,33.79919399900007],[-83.73121718599998,33.80801247000005],[-83.73034022099995,33.816830922000065],[-83.72946307699993,33.82564935600004],[-83.72858575199996,33.83446777000006],[-83.72770824699995,33.84328616600004],[-83.72683056199998,33.85210454300005],[-83.72595269699997,33.86092290100004],[-83.72507465099994,33.86974124000005],[-83.72419642399996,33.87855956000004],[-83.72331801699994,33.88737786100006],[-83.72243942899996,33.896196144000044],[-83.72156065999997,33.90501440700007],[-83.72068170999995,33.913832651000064],[-83.71980257899997,33.922650877000024],[-83.718923266,33.93146908400007],[-83.71804377299998,33.940287271000045],[-83.71716409799996,33.94910544000004],[-83.71628424199997,33.957923590000064],[-83.71540420399998,33.96674172100006],[-83.71452398399998,33.975559833000034],[-83.71364358299996,33.984377926000036],[-83.712763,33.993196]],[[-83.712763,33.993196],[-83.72293663099998,33.99021215800008],[-83.73310954999994,33.987227474000065],[-83.74328175799997,33.984241947000044],[-83.75345325499995,33.98125557700007],[-83.76362403999997,33.978268366000066],[-83.77379411399994,33.97528031300004],[-83.78396347599994,33.972291417000065],[-83.79413212599997,33.96930168000006],[-83.80430006499995,33.96631110200008],[-83.81446729199996,33.963319682000076],[-83.82463380699994,33.960327421000045],[-83.83479960999995,33.95733431800005],[-83.84496470099998,33.95434037500007],[-83.85512907999998,33.95134559100006],[-83.86529274699996,33.94834996600002],[-83.87545570099996,33.945353501000056],[-83.88561794299994,33.94235619600005],[-83.89577947299995,33.93935805000007],[-83.90594029,33.936359064000044],[-83.91610039499994,33.933359239000026],[-83.92625978699994,33.930358573000035],[-83.93641846699995,33.92735706900004],[-83.94657643399995,33.92435472400007],[-83.95673368799999,33.921351541000035],[-83.96689022899994,33.918347518000076],[-83.97704605799998,33.915342656000064],[-83.98720117299996,33.91233695600005],[-83.99735557499997,33.909330417000035],[-84.00750926399996,33.90632303900003],[-84.01766223999994,33.90331482300007],[-84.02781450299995,33.900305769000056],[-84.03796605199994,33.89729587700003],[-84.04811688799998,33.89428514600007],[-84.05826701099994,33.89127357900003],[-84.06841641999995,33.888261173000046],[-84.07856511499995,33.88524793000005],[-84.08871309699998,33.882233850000034],[-84.09886036499995,33.87921893300006],[-84.10900691899997,33.876203178000026],[-84.11915275999996,33.87318658700008],[-84.12929788599996,33.870169159000056],[-84.13944229799995,33.867150895000066],[-84.14958599699997,33.86413179400006],[-84.15972898099994,33.861111857000026],[-84.16987125099996,33.85809108400008],[-84.18001280699997,33.85506947500005],[-84.19015364799998,33.85204703000005],[-84.20029377499998,33.84902375000007],[-84.21043318799997,33.845999634000066],[-84.22057188599996,33.84297468300008],[-84.23070986899995,33.839948897000056],[-84.24084713799994,33.83692227600005],[-84.25098369199998,33.83389482000007],[-84.26111953099996,33.83086652900005],[-84.27125465599994,33.827837404000036],[-84.28138906499998,33.824807444000044],[-84.29152275999996,33.82177665000006],[-84.30165573999994,33.81874502200003],[-84.31178800399994,33.815712560000065],[-84.32191955299999,33.81267926400005],[-84.33205038699998,33.80964513500004],[-84.34218050599998,33.806610172000035],[-84.35230990899998,33.80357437600003],[-84.36243859699994,33.80053774600003],[-84.37256656999995,33.79750028400008],[-84.38269382699997,33.79446198900007],[-84.39282036799995,33.79142286100006],[-84.40294619399998,33.788382900000045],[-84.41307130399997,33.785342108000066],[-84.42319569799997,33.78230048200004],[-84.43331937599999,33.77925802500005],[-84.44344233799995,33.77621473600004],[-84.45356458499998,33.773170615000026],[-84.46368611499997,33.770125662000055],[-84.47380692899998,33.76707987800006],[-84.48392702699994,33.764033263000044],[-84.49404640899996,33.76098581600007],[-84.50416507399996,33.75793753900007],[-84.51428302299996,33.75488843000005],[-84.52440025599998,33.75183849100006],[-84.53451677199996,33.74878772100004],[-84.54463257099997,33.74573612100005],[-84.55474765399998,33.742683690000035],[-84.56486202099995,33.739630430000034],[-84.57497566999996,33.73657633900007],[-84.58508860299997,33.733521419000056],[-84.59520081899996,33.73046566900007],[-84.60531231799996,33.72740908900005],[-84.61542309999999,33.72435168000004],[-84.62553316499998,33.72129344200005],[-84.63564251299994,33.718234375000065],[-84.64575114399997,33.71517447900004],[-84.65585905699999,33.712113755000075],[-84.66596625399995,33.70905220100008],[-84.67607273299996,33.70598982000007],[-84.68617849399999,33.70292661000008],[-84.69628353799999,33.69986257100004],[-84.70638786499995,33.69679770500005],[-84.71649147399995,33.693732012000055],[-84.72659436499998,33.69066549000007],[-84.73669653899998,33.687598141000024],[-84.74679799499995,33.684529965000024],[-84.75689873299996,33.68146096100003],[-84.76699875299994,33.67839113000008],[-84.77709805499995,33.675320473000056],[-84.78719664,33.672248988000035],[-84.79729450599996,33.66917667700005],[-84.80739165399996,33.66610354000005],[-84.817488084,33.66302957700003],[-84.82758379599994,33.65995478700006],[-84.83767878899994,33.65687917100007],[-84.84777306399997,33.65380273000005],[-84.85786662099997,33.650725462000025],[-84.86795945899996,33.64764737000007],[-84.87805157899999,33.644568452000044],[-84.88814297999994,33.641488708000054],[-84.89823427990265,33.63840767847279],[-84.90832426739102,33.63532627318289],[-84.9184135359096,33.63224404287791],[-84.9285020854583,33.62916098755795],[-84.93858991703718,33.62607710822301],[-84.94867702964629,33.622992404873],[-84.95876342228551,33.61990687650801],[-84.968849096955,33.61682052512801],[-84.97893405165469,33.61373334973299],[-84.98901828838464,33.610645350322905],[-84.99910180514476,33.607556526897795],[-85.00918459711282,33.60446687659192],[-85.01926666970725,33.601376402674305],[-85.02934802250583,33.598285105513035],[-85.03942865650865,33.59519298510817],[-85.0495085707157,33.59210004145953],[-85.0595877661271,33.58900627556714],[-85.06966624174284,33.58591168643081],[-85.07974399856306,33.582816275050554]],[[-84.840499,34.237855],[-84.82978509199995,34.23804921300007],[-84.81907113499994,34.23824249000006],[-84.80835712799995,34.23843483100006],[-84.79764307399995,34.23862623600007],[-84.78692897099995,34.238816704000044],[-84.77621481899996,34.23900623700007],[-84.76550061999995,34.239194833000056],[-84.75478637299994,34.23938249300005],[-84.74407207899998,34.23956921600006],[-84.73335773799994,34.239755004000074],[-84.72264334899995,34.239939855000046],[-84.71192891399994,34.240123770000025],[-84.70121443199997,34.24030674800008],[-84.69049990399998,34.24048879000003],[-84.67978533099995,34.24066989600004],[-84.66907071099996,34.240850066000064],[-84.65835604599994,34.24102929900005],[-84.64764133499995,34.24120759600004],[-84.63692657999997,34.24138495700004],[-84.62621177899996,34.24156138200004],[-84.61549693399996,34.24173686900008],[-84.60478204499998,34.241911421000054],[-84.59406711199995,34.24208503600005],[-84.58335213399994,34.24225771500005],[-84.57263711299998,34.24242945800006],[-84.56192204899997,34.24260026400003],[-84.55120694199996,34.24277013300008],[-84.54049179099997,34.242939066000076],[-84.52977659799996,34.243107063000025],[-84.51906136199995,34.24327412300005],[-84.50834608399998,34.243440247000024],[-84.49763076499994,34.24360543500006],[-84.48691540299995,34.243769686000064],[-84.4762,34.243933]],[[-85.07974399856306,33.582816275050554],[-85.06912063896051,33.58224487784628],[-85.05849742031849,33.581672568688994],[-85.0478743406369,33.581099348578995],[-85.03725140191561,33.58052521551622],[-85.02662860515456,33.579950171500876],[-85.01600594835371,33.57937421553304],[-85.00538343251291,33.57879734761288],[-84.99476105569273,33.578219565029954],[-84.98413881683861,33.5776408676769],[-84.97351672097864,33.57706125932669],[-84.96289476611278,33.5764807389793],[-84.95227295424101,33.575899307634764],[-84.9416512843633,33.57531696429301],[-84.93102975747969,33.5747337089542],[-84.92040837359013,33.574149542618166],[-84.90978713369459,33.57356446428509],[-84.89916603579309,33.5729784749548],[-84.88854448599994,33.57239203200004],[-84.87792370099999,33.57180420700007],[-84.86730305999998,33.57121547000003],[-84.85668256399998,33.57062582200007],[-84.84606221199994,33.57003526400007],[-84.83544200399996,33.56944379300006],[-84.82482194199997,33.56885141200007],[-84.81420202499999,33.56825811900006],[-84.80358225299995,33.567663915000026],[-84.79296262699995,33.56706880000007],[-84.78234314699995,33.56647277400003],[-84.77172381299994,33.56587583700008],[-84.76110462499997,33.56527798800005],[-84.75048558299994,33.564679229000035],[-84.73986668799995,33.56407955900005],[-84.72924793999994,33.563478978000035],[-84.71862933899996,33.56287748600005],[-84.70801088599995,33.56227508300003],[-84.69739257999998,33.56167176900004],[-84.68677442199998,33.561067544000025],[-84.67615641099997,33.560462409000024],[-84.66553854999995,33.55985636300005],[-84.65492083599997,33.55924940600005],[-84.64430327099996,33.558641538000074],[-84.63368585499995,33.55803276000006],[-84.62306858799997,33.55742307100007],[-84.61245146999994,33.55681247200005],[-84.60183450199997,33.55620096200005],[-84.59121768399996,33.55558854100008],[-84.58060101499996,33.554975210000066],[-84.56998449699995,33.55436096900007],[-84.55936812899995,33.55374581700005],[-84.54875191199994,33.55312975500004],[-84.53813584499994,33.552512782000065],[-84.52751992999998,33.551894900000036],[-84.51690416599996,33.551276106000046],[-84.506288553,33.55065640300006],[-84.49567309199995,33.55003579000004],[-84.48505778299995,33.54941426600004],[-84.47444262599998,33.54879183200006],[-84.46382762099995,33.548168488000044],[-84.45321276899995,33.54754423400004],[-84.44259806899998,33.54691907000006],[-84.43198352299999,33.546292996000034],[-84.42136912999996,33.54566601200003],[-84.41075488999996,33.545038118000036],[-84.40014080399999,33.54440931400006],[-84.38952687199998,33.54377960000005],[-84.37891309299994,33.543148977000044],[-84.36829946899996,33.542517443000065],[-84.357686,33.541885]],[[-84.4762,34.243933],[-84.47908057499995,34.23529255100004],[-84.48196056199998,34.22665202100006],[-84.48483996099998,34.21801141200007],[-84.48771877199994,34.20937072400005],[-84.49059699499998,34.20072995500004],[-84.49347463099997,34.19208910700007],[-84.49635167999998,34.18344817900004],[-84.49922814299998,34.174807171000054],[-84.50210401899994,34.166166084000054],[-84.50497930899996,34.157524917000046],[-84.50785401399997,34.14888367100008],[-84.51072813299999,34.14024234500005],[-84.51360166699999,34.131600940000055],[-84.51647461599998,34.122959456000046],[-84.51934698099996,34.11431789200003],[-84.52221876199997,34.105676248000066],[-84.52508995799997,34.09703452600007],[-84.52796057099994,34.08839272400007],[-84.53083060099993,34.079750843000056],[-84.53370004799996,34.07110888300008],[-84.53656891199995,34.06246684300004],[-84.53943719399996,34.05382472500003],[-84.54230489399998,34.045182527000065],[-84.54517201199997,34.03654025000003],[-84.54803854799997,34.027897895000024],[-84.55090450399996,34.01925546000007],[-84.55376987799997,34.01061294600004],[-84.55663467199997,34.001970354000036],[-84.55949888599997,33.99332768200003],[-84.56236251999997,33.98468493200005],[-84.56522557399995,33.976042103000054],[-84.56808804899998,33.96739919500004],[-84.57094994399995,33.95875620900006],[-84.57381126099995,33.950113144000056],[-84.576672,33.94147]],[[-84.357686,33.541885],[-84.36692549699995,33.53761735200004],[-84.37616408599996,33.53334901200003],[-84.38540176699996,33.52907998000006],[-84.39463853899997,33.52481025600002],[-84.40387440399996,33.52053984100007],[-84.41310936199994,33.51626873300006],[-84.42234341099999,33.51199693500007],[-84.43157655399995,33.507724445000065],[-84.44080878799997,33.503451264000034],[-84.45004011599997,33.499177393000025],[-84.45927053499997,33.49490283100005],[-84.46850004799995,33.490627578000044],[-84.47772865399997,33.48635163600005],[-84.48695635299998,33.482075003000034],[-84.49618314399999,33.47779768000004],[-84.50540902899996,33.47351966700006],[-84.51463400699998,33.46924096500004],[-84.52385807899998,33.46496157400003],[-84.53308124399996,33.46068149300004],[-84.54230350199998,33.45640072300006],[-84.55152485399998,33.45211926400003],[-84.56074529999995,33.44783711700006],[-84.56996483999995,33.44355428100005],[-84.57918347299994,33.43927075700003],[-84.58840120099995,33.43498654500007],[-84.59761802199995,33.430701645000056],[-84.60683393799997,33.42641605700004],[-84.61604894799996,33.422129781000024],[-84.62526305199998,33.417842818000054],[-84.63447625099997,33.41355516800007],[-84.64368854399999,33.409266830000035],[-84.65289993199997,33.40497780600003],[-84.66211041399998,33.40068809500008],[-84.67131999199995,33.396397697000054],[-84.68052866399995,33.39210661300007],[-84.68973643099997,33.38781484300006],[-84.69894329399995,33.38352238700003],[-84.70814925099995,33.37922924500003],[-84.71735430399997,33.374935417000074],[-84.72655845199995,33.37064090400003],[-84.73576169599994,33.36634570600006],[-84.74496403499995,33.362049822000074],[-84.75416546899999,33.357753253000055],[-84.763366,33.353456]],[[-84.576672,33.94147],[-84.57073564299998,33.94887451500006],[-84.56479825899999,33.95627873500007],[-84.55885984499997,33.963682660000075],[-84.55292040199998,33.97108628900003],[-84.54697992999996,33.97848962300003],[-84.54103842799998,33.98589266100004],[-84.53509589599997,33.99329540300005],[-84.52915233299996,34.00069784900006],[-84.52320773799994,34.008099999000024],[-84.51726211199997,34.015501853000046],[-84.51131545399994,34.022903410000026],[-84.50536776299998,34.03030467100007],[-84.49941903999996,34.037705635000066],[-84.49346928299997,34.04510630200008],[-84.48751849199994,34.05250667300004],[-84.48156666699998,34.059906746000024],[-84.47561380799993,34.067306522000024],[-84.46965991299999,34.07470600100004],[-84.46370498299996,34.08210518300007],[-84.45774901699997,34.089504067000064],[-84.45179201499997,34.09690265300003],[-84.44583397599996,34.104300941000076],[-84.43987489999995,34.111698932000024],[-84.43391478599995,34.119096624000065],[-84.42795363399995,34.12649401800007],[-84.42199144299997,34.13389111400005],[-84.41602821399994,34.14128791200005],[-84.410063945,34.148684410000044],[-84.40409863699995,34.15608061000006],[-84.39813228799994,34.163476512000045],[-84.39216489899997,34.170872114000076],[-84.38619646899997,34.17826741700003],[-84.38022699699997,34.185662421000075],[-84.37425648299995,34.19305712500005],[-84.368284927,34.200451530000066],[-84.36231232799997,34.20784563500007],[-84.35633868599996,34.21523944100005],[-84.35036400099995,34.22263294600003],[-84.34438827099996,34.23002615200005],[-84.33841149699998,34.23741905700007],[-84.33243367799997,34.244811662000075],[-84.32645481299994,34.25220396700007],[-84.320474903,34.25959597100007],[-84.31449394599997,34.26698767400006],[-84.30851194299998,34.27437907600006],[-84.30252889299999,34.281770178000045],[-84.29654479499999,34.28916097800004],[-84.29055964899999,34.296551478000026],[-84.28457345499999,34.30394167500003],[-84.27858621299998,34.31133157200003],[-84.27259791999995,34.318721166000046],[-84.26660857899998,34.32611045900006],[-84.26061818699998,34.33349945100008],[-84.25462674399995,34.34088814000006],[-84.24863425099994,34.34827652600006],[-84.24264070599997,34.355664611000066],[-84.23664610899993,34.36305239300003],[-84.23065045999994,34.370439873000066],[-84.22465375899998,34.377827050000064],[-84.21865600399997,34.38521392400003],[-84.21265719499996,34.39260049500007],[-84.20665733299995,34.39998676300007],[-84.20065641599996,34.40737272800004],[-84.19465444399998,34.41475839000003],[-84.18865141699996,34.42214374800005],[-84.18264733499996,34.42952880200005],[-84.17664219599999,34.43691355300007],[-84.170636,34.444298]],[[-84.763366,33.353456],[-84.75562083599993,33.359531796000056],[-84.74787459499998,33.36560710200007],[-84.74012727799999,33.371681919000025],[-84.73237888399996,33.377756247000036],[-84.72462941199996,33.383830085000056],[-84.71687886299998,33.38990343300003],[-84.70912723499998,33.39597629100007],[-84.70137452999995,33.40204865900006],[-84.69362074499998,33.40812053700006],[-84.68586588199997,33.41419192400008],[-84.67810993999996,33.42026282000006],[-84.67035291799994,33.426333225000064],[-84.66259481599997,33.43240313900003],[-84.65483563399994,33.43847256200007],[-84.64707537199996,33.44454149400008],[-84.63931402799994,33.45060993300007],[-84.63155160399998,33.456677881000076],[-84.62378809799998,33.46274533700006],[-84.61602351099998,33.46881230100007],[-84.60825784099995,33.47487877300006],[-84.60049108899995,33.48094475100004],[-84.59272325399996,33.48701023800004],[-84.58495433699994,33.493075231000034],[-84.57718433599996,33.49913973100007],[-84.56941325099996,33.505203738000034],[-84.56164108299998,33.51126725200004],[-84.55386782999994,33.51733027100005],[-84.54609349299994,33.52339279800003],[-84.53831807099994,33.52945483000008],[-84.53054156299999,33.53551636800006],[-84.52276397099996,33.54157741100005],[-84.51498529199995,33.54763796100008],[-84.50720552699994,33.553698015000066],[-84.499424676,33.55975757500005],[-84.49164273799994,33.56581663900005],[-84.48385971299996,33.57187520900004],[-84.47607560099993,33.57793328300005],[-84.468290401,33.583990861000075],[-84.46050411299996,33.59004794400005],[-84.45271673699995,33.59610453000005],[-84.44492827199997,33.60216062100005],[-84.43713871799997,33.60821621500003],[-84.42934807499995,33.614271313000074],[-84.42155634199997,33.620325914000034],[-84.41376351999997,33.62638001800008],[-84.40596960699997,33.63243362600008],[-84.39817460399996,33.63848673600006],[-84.39037850999995,33.64453934800002],[-84.382581325,33.65059146400006],[-84.37478304799998,33.65664308100003],[-84.36698367899999,33.66269420000003],[-84.35918321899999,33.668744822000065],[-84.35138166599995,33.67479494500003],[-84.34357902099998,33.680844569000044],[-84.33577528199999,33.68689369500004],[-84.32797044999995,33.69294232300007],[-84.32016452499994,33.69899045100004],[-84.31235750499997,33.705038080000065],[-84.30454939099997,33.71108520900003],[-84.29674018299994,33.71713183900005],[-84.28892987999996,33.72317797000005],[-84.28111848099996,33.72922360000007],[-84.27330598699996,33.73526873000003],[-84.26549239799994,33.74131336000005],[-84.25767771199997,33.74735749000007],[-84.24986192899996,33.753401119000046],[-84.24204504999994,33.75944424700003],[-84.23422707399999,33.76548687400003],[-84.226408,33.771529]],[[-84.170636,34.444298],[-84.17666085099995,34.43688815100006],[-84.18268463899994,34.42947799600006],[-84.18870736299993,34.42206753600004],[-84.19472902499996,34.41465677000008],[-84.20074962399997,34.407245698000054],[-84.20676916199994,34.39983432200006],[-84.21278763899994,34.39242264000006],[-84.21880505399997,34.38501065300005],[-84.22482140899996,34.37759836200007],[-84.23083670399996,34.37018576600008],[-84.23685093999995,34.36277286500007],[-84.24286411599996,34.35535966000003],[-84.24887623299998,34.34794615000004],[-84.25488729299997,34.34053233700007],[-84.26089729399996,34.33311821900003],[-84.266906238,34.325703797000074],[-84.27291412499994,34.31828907200003],[-84.27892095599998,34.31087404300007],[-84.28492672999994,34.30345871000003],[-84.29093144899997,34.29604307500006],[-84.29693511199997,34.28862713500007],[-84.30293772099998,34.281210893000036],[-84.30893927499994,34.273794348000024],[-84.31493977599996,34.26637750000003],[-84.32093922299998,34.25896034900006],[-84.32693761699994,34.251542896000046],[-84.33293495799995,34.24412514100004],[-84.33893124699995,34.236707083000056],[-84.34492648499997,34.229288722000035],[-84.35092067099998,34.22187006000007],[-84.35691380599997,34.21445109600006],[-84.36290589099997,34.20703183000006],[-84.36889692599993,34.19961226300006],[-84.37488691099998,34.192192394000074],[-84.38087584699997,34.18477222300004],[-84.38686373499996,34.17735175200005],[-84.39285057399997,34.16993097900007],[-84.39883636599995,34.162509905000036],[-84.40482110999994,34.15508853100005],[-84.41080480699998,34.14766685500007],[-84.41678745699994,34.14024488000007],[-84.42276906199999,34.13282260300008],[-84.42874961999996,34.12540002700007],[-84.43472913399995,34.11797715000006],[-84.44070760299996,34.11055397300004],[-84.44668502699994,34.10313049600006],[-84.45266140699994,34.09570672000007],[-84.45863674399999,34.08828264400006],[-84.46461103799999,34.08085826800004],[-84.47058428999998,34.07343359300006],[-84.47655649899997,34.06600861800007],[-84.48252766599995,34.058583345000045],[-84.48849779199998,34.05115777200007],[-84.49446687699998,34.04373190100006],[-84.50043492199995,34.03630573100003],[-84.50640192599997,34.02887926200003],[-84.51236789099994,34.02145249500006],[-84.51833281699999,34.01402542900007],[-84.52429670399994,34.00659806600004],[-84.53025955299995,33.99917040400004],[-84.53622136399997,33.99174244400007],[-84.54218213699994,33.98431418600006],[-84.54814187299996,33.97688563100007],[-84.55410057299997,33.96945677800005],[-84.56005823699996,33.962027628000044],[-84.56601486399995,33.95459818000006],[-84.57197045699996,33.94716843600003],[-84.57792501499995,33.939738394000074],[-84.58387853799996,33.93230805500008],[-84.58983102699995,33.92487742000003],[-84.59578248199995,33.91744648800005],[-84.60173290499995,33.91001525900003],[-84.60768229399997,33.902583734000075],[-84.61363065199998,33.89515191300006],[-84.61957797699995,33.887719795000066],[-84.62552427099996,33.88028738200006],[-84.63146953399996,33.87285467300006],[-84.63741376699994,33.86542166800007],[-84.64335696899997,33.857988367000075],[-84.64929914099997,33.85055477100008],[-84.65524028399994,33.84312088000007],[-84.66118039899999,33.83568669300007],[-84.66711948399995,33.82825221100006],[-84.67305754199998,33.82081743500004],[-84.67899457199997,33.81338236300007],[-84.68493057499995,33.805946997000035],[-84.69086555099994,33.79851133600005],[-84.69679950099999,33.79107538100004],[-84.70273242499997,33.783639132000076],[-84.70866432399998,33.77620258800005],[-84.71459519699994,33.76876575000006],[-84.72052504599998,33.76132861900004],[-84.72645386999994,33.75389119300007],[-84.73238167099998,33.74645347400008],[-84.73830844799994,33.739015462000054],[-84.74423420299996,33.73157715600007],[-84.75015893499994,33.72413855600007],[-84.75608264499994,33.71669966400003],[-84.762005333,33.70926047800003],[-84.767927,33.701821]],[[-84.226408,33.771529],[-84.23212861499997,33.763927058000036],[-84.23784821899994,33.75632484100004],[-84.24356681399996,33.74872235000004],[-84.24928439999996,33.741119584000046],[-84.25500097699995,33.73351654500004],[-84.26071654599997,33.72591323100005],[-84.26643110599997,33.718309644000044],[-84.27214465999998,33.71070578300004],[-84.27785720599996,33.70310164800003],[-84.28356874599996,33.695497240000066],[-84.28927927899997,33.68789255900003],[-84.29498880699998,33.68028760400006],[-84.30069732899995,33.67268237600007],[-84.30640484699995,33.66507687600006],[-84.31211135999996,33.657471102000045],[-84.31781686899996,33.64986505600007],[-84.32352137499998,33.64225873700008],[-84.32922487699994,33.634652145000075],[-84.33492737699999,33.62704528100005],[-84.34062887399995,33.61943814500006],[-84.34632936999998,33.61183073700005],[-84.35202886399998,33.60422305600002],[-84.35772735699999,33.59661510400008],[-84.36342484899995,33.589006880000056],[-84.36912134099998,33.58139838500006],[-84.37481683399994,33.573789618000035],[-84.38051132699997,33.56618057900005],[-84.38620482199997,33.558571269000026],[-84.39189731799996,33.55096168800003],[-84.39758881599994,33.543351836000056],[-84.40327931599995,33.53574171300005],[-84.40896881899994,33.52813132000006],[-84.41465732599994,33.52052065500004],[-84.42034483599997,33.51290972000004],[-84.42603134999996,33.50529851500005],[-84.43171686899996,33.49768703900003],[-84.43740139299996,33.490075293000075],[-84.44308492299996,33.48246327700008],[-84.44876745799996,33.47485099100004],[-84.45444899899996,33.46723843500007],[-84.46012954699995,33.459625610000046],[-84.46580910199998,33.452012515000035],[-84.47148766499998,33.44439915000004],[-84.47716523599996,33.43678551700003],[-84.48284181499997,33.42917161300005],[-84.48851740299995,33.42155744100006],[-84.494192,33.413943]],[[-84.767927,33.701821],[-84.760319499,33.708075364000024],[-84.75271089499995,33.71432925300007],[-84.74510118899997,33.72058266700003],[-84.73749037799996,33.726835605000076],[-84.72987846399997,33.733088069000075],[-84.72226544499995,33.73934005600006],[-84.71465132199995,33.745591568000066],[-84.70703609399999,33.751842604000046],[-84.69941975999996,33.75809316300007],[-84.69180232099995,33.764343247000056],[-84.68418377599994,33.77059285300004],[-84.67656412499997,33.77684198400004],[-84.66894336799999,33.78309063700004],[-84.66132150299995,33.78933881300003],[-84.65369853099997,33.79558651200006],[-84.64607445099995,33.80183373400007],[-84.63844926399997,33.80808047800008],[-84.63082296799996,33.81432674400003],[-84.62319556299997,33.82057253200003],[-84.61556704999998,33.82681784300007],[-84.60793742699997,33.833062675000065],[-84.60030669499997,33.839307028000064],[-84.59267485199996,33.84555090300006],[-84.58504189999996,33.85179429900006],[-84.57740783599996,33.85803721600007],[-84.56977266199993,33.86427965400003],[-84.56213637599996,33.87052161200006],[-84.55449897899996,33.87676309100004],[-84.54686046899997,33.88300409000004],[-84.53922084699997,33.88924461000005],[-84.53158011299996,33.895484649000025],[-84.52393826499997,33.901724208000076],[-84.51629530399998,33.90796328600004],[-84.50865122999994,33.91420188400008],[-84.50100604099998,33.92044000100003],[-84.49335973799998,33.92667763700007],[-84.48571231999995,33.932914792000076],[-84.47806378699994,33.939151466000055],[-84.47041413899996,33.94538765800007],[-84.46276337499995,33.95162336800007],[-84.45511149399994,33.95785859700004],[-84.44745849799995,33.96409334300006],[-84.43980438499995,33.97032760700006],[-84.43214915399994,33.97656138900004],[-84.42449280599999,33.98279468800007],[-84.41683533999998,33.989027505000024],[-84.40917675699995,33.99525983800004],[-84.40151705399995,34.001491688000044],[-84.39385623299995,34.00772305500004],[-84.38619429299996,34.01395393900003],[-84.378531233,34.020184339000025],[-84.37086705299998,34.02641425500008],[-84.36320175399999,34.03264368600003],[-84.35553533299998,34.03887263400003],[-84.34786779199999,34.04510109700004],[-84.34019912999997,34.05132907600006],[-84.33252934599994,34.05755657000003],[-84.32485843999996,34.063783579000074],[-84.31718641299994,34.07001010300007],[-84.30951326199994,34.07623614100004],[-84.30183898899998,34.082461694000074],[-84.29416359199996,34.088686762000066],[-84.28648707199994,34.094911343000035],[-84.27880942799999,34.10113543800003],[-84.27113065999998,34.107359048000035],[-84.26345076699994,34.113582171000076],[-84.25576974899997,34.11980480700004],[-84.24808760599996,34.12602695600003],[-84.24040433699997,34.13224861900005],[-84.23271994199996,34.13846979400006],[-84.22503442099998,34.144690482000044],[-84.21734777399996,34.15091068300006],[-84.20965999899994,34.15713039600007],[-84.20197109699996,34.163349621000066],[-84.19428106699996,34.16956835800005],[-84.18658990999995,34.17578660700008],[-84.17889762399994,34.18200436700005],[-84.17120420899994,34.18822163900006],[-84.16350966599998,34.194438422000076],[-84.15581399299998,34.20065471600003],[-84.14811718999994,34.20687052200003],[-84.14041925699996,34.21308583700005],[-84.13272019399994,34.21930066300007],[-84.12502,34.225515]],[[-84.494192,33.413943],[-84.49354773399995,33.42290307300004],[-84.49290333499994,33.43186313100006],[-84.49225880299997,33.440823171000034],[-84.49161413999997,33.449783196000055],[-84.49096934299996,33.45874320400003],[-84.49032441399999,33.46770319600006],[-84.48967935199994,33.47666317100004],[-84.48903415799998,33.48562313000008],[-84.48838882999996,33.49458307300006],[-84.48774336999998,33.503543],[-84.48709777599998,33.51250291000002],[-84.48645204999997,33.521462804000066],[-84.48580618999995,33.53042268100006],[-84.48516019699997,33.539382542000055],[-84.48451407099998,33.54834238700005],[-84.48386781099998,33.55730221500005],[-84.48322141799997,33.56626202700005],[-84.48257489099996,33.57522182300005],[-84.48192823099998,33.58418160200006],[-84.48128143699995,33.593141365000065],[-84.48063450899997,33.60210111200007],[-84.47998744699998,33.61106084200003],[-84.47934025199999,33.62002055600004],[-84.47869292299998,33.628980253000066],[-84.47804545899999,33.63793993400003],[-84.47739786099999,33.64689959900005],[-84.47675012999997,33.65585924700002],[-84.47610226399996,33.66481887900005],[-84.47545426299996,33.67377849400003],[-84.47480612799995,33.68273809300007],[-84.47415785899994,33.69169767600005],[-84.47350945499994,33.700657242000034],[-84.47286091699993,33.70961679200008],[-84.472212244,33.71857632500007],[-84.47156343599994,33.727535842000066],[-84.47091449299995,33.73649534200007],[-84.47026541499997,33.74545482600007],[-84.46961620199994,33.75441429400007],[-84.46896685499996,33.763373745000024],[-84.46831737199994,33.77233318000003],[-84.46766775299994,33.78129259800005],[-84.467018,33.790252]],[[-84.12502,34.225515],[-84.12173944799997,34.21700726100005],[-84.11845955499996,34.208499422000045],[-84.11518032099997,34.199991483000076],[-84.11190174499995,34.19148344600006],[-84.10862382899995,34.18297530800004],[-84.10534656999994,34.17446707200003],[-84.10206996899996,34.16595873600005],[-84.09879402599995,34.15745030100004],[-84.09551873899994,34.148941766000064],[-84.09224410899998,34.140433133000045],[-84.08897013599994,34.13192440000006],[-84.08569681899996,34.12341556800004],[-84.08242415699993,34.114906638000036],[-84.07915215099996,34.106397608000066],[-84.07588079999994,34.09788847900006],[-84.07261010399998,34.089379251000025],[-84.06934006199998,34.08086992500006],[-84.06607067399995,34.07236050000006],[-84.06280193999999,34.06385097500004],[-84.05953385899994,34.055341353000074],[-84.05626643099998,34.04683163100003],[-84.05299965599994,34.03832181100006],[-84.04973353399998,34.029811892000055],[-84.04646806299996,34.02130187500006],[-84.04320324499997,34.01279176000003],[-84.03993907699999,34.004281545000026],[-84.03667556099998,33.99577123300003],[-84.03341269499998,33.98726082200005],[-84.03015047999997,33.978750313000035],[-84.02688891499997,33.97023970600003],[-84.023628,33.961729]],[[-84.467018,33.790252],[-84.45935849799997,33.796541699000045],[-84.45169787599997,33.80283091600006],[-84.44403613299994,33.80911965100006],[-84.43637326799995,33.81540790300005],[-84.42870928299999,33.82169567300008],[-84.42104417499996,33.82798296000004],[-84.41337794499998,33.834269765000045],[-84.40571059299998,33.84055608600005],[-84.39804211799998,33.846841923000056],[-84.39037251999997,33.853127278000045],[-84.38270179799997,33.85941214800005],[-84.37502995199998,33.86569653500004],[-84.367356982,33.87198043800004],[-84.35968288699996,33.878263857000036],[-84.35200766799994,33.88454679100005],[-84.34433132299995,33.89082924100006],[-84.33665385199998,33.897111206000034],[-84.32897525599998,33.903392686000075],[-84.32129553299995,33.90967368100007],[-84.31361468399996,33.915954190000036],[-84.30593270699995,33.92223421500006],[-84.29824960299999,33.92851375300006],[-84.29056537199995,33.934792806000075],[-84.28288001199996,33.94107137200007],[-84.27519352399997,33.94734945300007],[-84.26750590799998,33.953627047000055],[-84.259817162,33.95990415400007],[-84.25212728699995,33.966180775000055],[-84.24443628199998,33.97245690900007],[-84.23674414699997,33.97873255500008],[-84.22905088099998,33.98500771500005],[-84.22135648499994,33.99128238700007],[-84.21366095699995,33.997556571000075],[-84.20596429799997,34.00383026700007],[-84.19826650699997,34.01010347600004],[-84.19056758399995,34.01637619600007],[-84.18286752799997,34.022648427000036],[-84.17516633999998,34.02892017000005],[-84.16746401799998,34.03519142500005],[-84.15976056299996,34.04146219000006],[-84.15205597299996,34.04773246600007],[-84.14435024999995,34.05400225300008],[-84.13664339099995,34.06027155100003],[-84.12893539799995,34.066540358000054],[-84.12122626999997,34.07280867600008],[-84.11351600499995,34.07907650400006],[-84.10580460499995,34.08534384200004],[-84.09809206799997,34.09161068900005],[-84.09037839499996,34.097877045000075],[-84.08266358499998,34.104142911000054],[-84.07494763699998,34.11040828600005],[-84.06723055099997,34.11667316900002],[-84.05951232799998,34.12293756100007],[-84.05179296599994,34.129201462000026],[-84.04407246499994,34.13546487100007],[-84.03635082499994,34.141727788000026],[-84.02862804499995,34.14799021300007],[-84.02090412599995,34.15425214600003],[-84.01317906599996,34.160513586000036],[-84.00545286599998,34.16677453300008],[-83.99772552499996,34.17303498800004],[-83.98999704299996,34.17929495000004],[-83.98226741899998,34.18555441800004],[-83.97453665399996,34.191813394000064],[-83.96680474599998,34.19807187500004],[-83.95907169499998,34.204329863000055],[-83.95133750199994,34.210587357000065],[-83.94360216499996,34.21684435700007],[-83.93586568399996,34.223100862000024],[-83.92812805999995,34.22935687300003],[-83.92038929099994,34.23561238900004],[-83.91264937699998,34.241867411000044],[-83.90490831899996,34.248121937000064],[-83.89716611499995,34.25437596800003],[-83.88942276499995,34.260629504000065],[-83.88167826899996,34.266882544000055],[-83.87393262599994,34.27313508800006],[-83.86618583699999,34.279387136000025],[-83.85843790099995,34.28563868900005],[-83.85068881699993,34.29188974400006],[-83.84293858599995,34.298140303000025],[-83.83518720599994,34.304390366000064],[-83.82743467699999,34.31063993200007],[-83.819681,34.316889]],[[-84.023628,33.961729],[-84.02589228099998,33.95295939300007],[-84.02815609699996,33.94418973200004],[-84.03041944899996,33.93542001700007],[-84.03268233599994,33.926650247000055],[-84.03494475999997,33.91788042400003],[-84.03720672099996,33.90911054600008],[-84.03946821799997,33.90034061400007],[-84.04172925299997,33.89157062900006],[-84.04398982399994,33.882800589000055],[-84.04624993299996,33.874030496000046],[-84.04850957999997,33.86526034800005],[-84.05076876399994,33.856490147000045],[-84.05302748699995,33.847719891000054],[-84.05528574899995,33.838949582000055],[-84.05754354899994,33.83017921900006],[-84.05980088799998,33.821408802000064],[-84.06205776599995,33.81263833200006],[-84.06431418299996,33.803867807000074],[-84.06657013999995,33.79509722900008],[-84.06882563799996,33.78632659700003],[-84.07108067499996,33.777555912000025],[-84.07333525199994,33.76878517200004],[-84.07558937099998,33.76001437900004],[-84.07784302999994,33.751243533000036],[-84.08009622999998,33.742472632000045],[-84.08234897199998,33.733701679000035],[-84.08460125499994,33.72493067100004],[-84.08685308099996,33.716159610000034],[-84.08910444799994,33.70738849600008],[-84.09135535799999,33.69861732800007],[-84.09360580999999,33.68984610700005],[-84.09585580499999,33.681074832000036],[-84.09810534299999,33.67230350300002],[-84.10035442399999,33.66353212200005],[-84.10260304899998,33.65476068700008],[-84.10485121799996,33.64598919800005],[-84.10709893099994,33.637217656000075],[-84.10934618799996,33.628446061000034],[-84.11159298999996,33.61967441300004],[-84.11383933599996,33.61090271100005],[-84.11608522799997,33.60213095600005],[-84.11833066399998,33.59335914800005],[-84.12057564599996,33.58458728700003],[-84.12282017399997,33.57581537300007],[-84.12506424799994,33.56704340500005],[-84.12730786799995,33.55827138400008],[-84.12955103499996,33.549499310000044],[-84.13179374799995,33.54072718300006],[-84.13403600799995,33.531955003000064],[-84.13627781499997,33.52318277000006],[-84.13851916999994,33.51441048400005],[-84.14076007199998,33.505638145000034],[-84.14300052199997,33.496865753000066],[-84.14524052099995,33.48809330900008],[-84.14748006699995,33.479320811000036],[-84.14971916299999,33.470548260000044],[-84.15195780699997,33.46177565600004],[-84.154196,33.453003]],[[-83.819681,34.316889],[-83.82004307699998,34.30792677100004],[-83.82040507699998,34.29896452700007],[-83.820767,34.29000226900007],[-83.82112884599997,34.28103999700005],[-83.82149061499996,34.272077711000065],[-83.82185230799996,34.26311541000007],[-83.82221392399998,34.25415309600004],[-83.82257546299996,34.245190767000054],[-83.82293692499996,34.236228424000046],[-83.82329831099997,34.22726606700007],[-83.823659621,34.21830369500003],[-83.82402085399997,34.20934131000007],[-83.82438200999997,34.20037891000004],[-83.82474308999997,34.191416496000045],[-83.82510409399998,34.18245406800003],[-83.82546502099996,34.17349162600004],[-83.82582587199994,34.16452916900005],[-83.82618664699999,34.155566699000076],[-83.82654734499994,34.146604214000035],[-83.82690796799994,34.13764171500003],[-83.82726851399997,34.12867920200006],[-83.82762898399994,34.119716674000074],[-83.82798937799998,34.11075413300006],[-83.82834969599998,34.10179157700003],[-83.82870993799997,34.092829008000024],[-83.82907010399998,34.083866424000064],[-83.82943019499999,34.074903826000025],[-83.82979020899995,34.06594121300003],[-83.83015014799997,34.05697858700006],[-83.83051000999995,34.04801594700007],[-83.83086979799998,34.03905329200006],[-83.83122950899997,34.030090623000035],[-83.83158914499995,34.02112794000004],[-83.83194870499995,34.01216524300003],[-83.83230818999994,34.003202532000046],[-83.832667599,33.99423980700004],[-83.83302693299999,33.98527706700003],[-83.83338619099999,33.976314314000035],[-83.83374537399999,33.96735154600003],[-83.83410448099994,33.95838876400006],[-83.83446351399994,33.94942596800007],[-83.83482247099994,33.94046315800006],[-83.83518135199995,33.93150033400008],[-83.83554015899995,33.92253749500003],[-83.83589888999995,33.91357464300006],[-83.83625754699995,33.90461177700007],[-83.83661612799995,33.89564889600007],[-83.83697463399994,33.886686001000044],[-83.83733306499994,33.87772309200005],[-83.83769142199998,33.86876016900004],[-83.83804970299997,33.85979723200006],[-83.83840790999994,33.85083428100006],[-83.83876604099999,33.84187131600004],[-83.83912409799996,33.83290833700005],[-83.83948208099997,33.82394534300005],[-83.83983998799994,33.81498233600007],[-83.84019782099995,33.806019314000025],[-83.84055557999994,33.79705627800007],[-83.84091326299995,33.788093229000026],[-83.84127087199994,33.779130165000026],[-83.84162840699997,33.77016708700006],[-83.84198586799994,33.76120399500007],[-83.84234325299997,33.75224088900006],[-83.84270056499997,33.74327776900003],[-83.84305780199998,33.73431463500003],[-83.84341496499997,33.72535148600008],[-83.84377205399994,33.716388324000036],[-83.84412906799997,33.70742514800003],[-83.844486008,33.69846195700006],[-83.84484287499998,33.689498753000066],[-83.84519966699997,33.68053553400006],[-83.84555638499995,33.67157230200007],[-83.84591302899997,33.662609055000075],[-83.84626959899998,33.653645794000056],[-83.84662609499998,33.64468251900007],[-83.84698251699996,33.63571923100005],[-83.84733886599997,33.62675592800008],[-83.84769513999998,33.61779261100003],[-83.84805134099997,33.608829280000066],[-83.84840746799995,33.599865935000025],[-83.84876352199996,33.590902576000076],[-83.84911950199995,33.58193920300005],[-83.84947540799999,33.57297581600005],[-83.84983124099995,33.564012415000036],[-83.850187,33.555049]],[[-84.154196,33.453003],[-84.162540574,33.45852752400003],[-84.17088620599998,33.46405148000002],[-84.17923289699996,33.46957487100008],[-84.18758064699995,33.475097694000056],[-84.19592945699998,33.48061994900007],[-84.20427932499996,33.48614163800005],[-84.21263025399998,33.491662759000064],[-84.22098224199993,33.49718331200006],[-84.22933529099998,33.50270329700004],[-84.23768939999997,33.508222714000055],[-84.24604456999998,33.51374156300005],[-84.25440079999998,33.51925984400003],[-84.26275809199996,33.52477755500007],[-84.27111644599995,33.530294698000034],[-84.27947586099998,33.535811272000046],[-84.28783633799998,33.54132727600006],[-84.29619787699994,33.54684271100007],[-84.30456047799998,33.55235757600008],[-84.31292414299998,33.55787187200008],[-84.32128886999999,33.563385597000035],[-84.32965465999996,33.56889875200005],[-84.338021514,33.57441133700007],[-84.34638943199997,33.57992335100005],[-84.35475841299996,33.585434795000026],[-84.36312845899994,33.590945668000074],[-84.37149956899998,33.59645596900003],[-84.37987174399996,33.60196569900006],[-84.38824498399998,33.607474858000046],[-84.39661928799995,33.612983444000065],[-84.40499465899995,33.61849145900004],[-84.41337109399996,33.62399890200004],[-84.42174859599999,33.62950577300006],[-84.43012716399994,33.63501207100006],[-84.43850679899998,33.64051779600004],[-84.44688749999995,33.64602294900004],[-84.45526926799994,33.65152752900008],[-84.46365210299996,33.657031535000044],[-84.47203600499995,33.662534968000045],[-84.48042097499996,33.668037827000035],[-84.48880701299998,33.67354011300006],[-84.49719411899997,33.679041824000024],[-84.50558229399996,33.684542961000034],[-84.51397153699997,33.69004352400003],[-84.52236184899994,33.695543513000075],[-84.53075322999996,33.70104292700006],[-84.53914568099998,33.706541765000054],[-84.54753920099995,33.712040029000036],[-84.55593379099997,33.71753771700003],[-84.56432945099994,33.723034830000074],[-84.57272618199994,33.72853136700007],[-84.58112398299994,33.73402732900007],[-84.58952285499998,33.73952271400003],[-84.59792279799996,33.74501752300006],[-84.60632381199997,33.75051175500005],[-84.61472589799996,33.75600541100005],[-84.62312905599998,33.761498490000065],[-84.63153328599998,33.766990992000046],[-84.63993858899994,33.77248291700005],[-84.64834496299994,33.77797426400008],[-84.65675241099996,33.78346503400007],[-84.66516093199994,33.78895522600004],[-84.67357052599993,33.79444483900005],[-84.68198119399995,33.79993387500008],[-84.69039293599997,33.805422333000024],[-84.69880575099995,33.81091021200007],[-84.70721964099994,33.81639751200004],[-84.71563460599998,33.82188423300005],[-84.72405064499998,33.827370375000044],[-84.73246775899997,33.83285593800008],[-84.74088594899996,33.838340921000054],[-84.74930521399995,33.84382532500007],[-84.75772555599997,33.84930914800003],[-84.766146973,33.854792392000036],[-84.77456946599995,33.860275055000045],[-84.78299303599994,33.86575713800005],[-84.79141768299996,33.87123864100005],[-84.79984340699997,33.87671956200006],[-84.80827020799995,33.882199902000025],[-84.81669808599997,33.88767966200004],[-84.82512704299995,33.89315883900008],[-84.83355707699997,33.89863743500007],[-84.84198818999994,33.90411545000006],[-84.85042038099994,33.90959288200003],[-84.85885365099995,33.91506973200006],[-84.867288,33.920546]],[[-83.850187,33.555049],[-83.85899845999995,33.560014307000074],[-83.86781092799998,33.56497898400005],[-83.87662440499997,33.56994302800007],[-83.88543889099998,33.57490644100005],[-83.89425438599994,33.57986922300006],[-83.90307088899993,33.58483137200005],[-83.91188840199999,33.58979288900008],[-83.920706925,33.594753774000026],[-83.92952645699995,33.59971402700006],[-83.93834699899998,33.60467364600004],[-83.94716855099995,33.60963263300005],[-83.95599111399997,33.61459098600005],[-83.96481468599995,33.619548707000035],[-83.97363926899999,33.624505793000026],[-83.98246486299996,33.62946224600006],[-83.99129146799999,33.63441806600002],[-84.00011908399995,33.63937325100005],[-84.00894771099996,33.64432780200008],[-84.01777734999996,33.649281718000054],[-84.026608,33.654235]],[[-84.867288,33.920546],[-84.86090165099995,33.91339083500003],[-84.85451636999994,33.90623533000007],[-84.84813215599996,33.89907948600006],[-84.84174900799997,33.891923303000056],[-84.83536692599995,33.88476678100005],[-84.82898590999997,33.877609920000054],[-84.82260595999998,33.87045272100005],[-84.81622707399998,33.86329518300005],[-84.80984925299998,33.85613730600005],[-84.80347249499994,33.84897909100005],[-84.79709680199994,33.841820539000025],[-84.79072217099997,33.834661648000065],[-84.78434860299996,33.82750241900004],[-84.77797609799995,33.82034285300006],[-84.77160465499998,33.813182949000065],[-84.76523427299998,33.80602270800006],[-84.75886495199995,33.79886213000003],[-84.75249669199997,33.79170121400006],[-84.74612949299996,33.78453996200005],[-84.73976335299994,33.777378372000044],[-84.73339827299998,33.77021644600006],[-84.72703425099996,33.763054184000055],[-84.72067128899994,33.75589158500003],[-84.71430938499998,33.74872865000003],[-84.70794853799998,33.741565379000065],[-84.70158874899994,33.73440177200007],[-84.69523001699997,33.727237829000046],[-84.68887234099998,33.72007355000005],[-84.68251572199995,33.712908936000076],[-84.67616015799996,33.70574398600007],[-84.66980564999994,33.69857870100003],[-84.66345219699997,33.691413081000064],[-84.657099798,33.68424712700005],[-84.65074845299995,33.67708083700006],[-84.64439816199996,33.66991421200004],[-84.63804892499996,33.66274725400007],[-84.63170073999999,33.65557996000007],[-84.62535360699997,33.64841233300007],[-84.61900752699995,33.64124437100003],[-84.61266249799996,33.63407607500005],[-84.60631852099993,33.626907446000075],[-84.59997559399994,33.61973848300005],[-84.59363371799998,33.61256918600003],[-84.58729289199994,33.605399556000066],[-84.58095311499994,33.59822959300004],[-84.57461438699994,33.591059296000026],[-84.56827670899997,33.58388866700005],[-84.56194007799996,33.57671770500008],[-84.55560449599994,33.569546410000044],[-84.54926996099994,33.56237478200006],[-84.54293647299994,33.55520282200007],[-84.53660403199996,33.54803053000006],[-84.53027263699994,33.54085790600004],[-84.52394228799994,33.533684950000065],[-84.51761298499997,33.526511662000075],[-84.51128472599999,33.51933804200007],[-84.50495751199998,33.512164090000056],[-84.49863134299994,33.50498980800006],[-84.49230621699996,33.497815194000054],[-84.48598213499997,33.490640248000034],[-84.47965909599998,33.483464972000036],[-84.47333709899993,33.47628936500007],[-84.46701614499995,33.469113427000025],[-84.46069623299996,33.46193715900006],[-84.45437736099996,33.45476056000007],[-84.44805953099996,33.44758363100004],[-84.44174274199997,33.44040637200004],[-84.43542699199998,33.43322878300006],[-84.42911228299994,33.42605086400005],[-84.42279861199995,33.418872615000055],[-84.41648598099994,33.41169403600003],[-84.41017438799997,33.40451512800007],[-84.40386383399994,33.39733589100007],[-84.39755431699996,33.39015632500008],[-84.39124583699999,33.38297642900005],[-84.38493839399996,33.37579620500003],[-84.37863198799994,33.368615652000074],[-84.37232661799999,33.36143477000007],[-84.36602228399994,33.354253560000075],[-84.35971898499997,33.34707202200008],[-84.35341671999998,33.339890155000035],[-84.34711549099995,33.33270796000005],[-84.34081529499997,33.32552543700007],[-84.33451613299997,33.318342587000075],[-84.32821800399995,33.31115940900003],[-84.32192090799998,33.30397590300004],[-84.31562484499995,33.29679207000004],[-84.30932981299998,33.28960791000003],[-84.30303581399994,33.28242342300007],[-84.29674284499998,33.27523860900004],[-84.29045090699998,33.26805346800006],[-84.28416,33.260868]],[[-84.026608,33.654235],[-84.01717758299998,33.65835302100004],[-84.00774626699996,33.66247031900008],[-83.99831405299994,33.66658689500008],[-83.98888093999994,33.67070274800005],[-83.97944692899995,33.674817879000045],[-83.97001201899997,33.67893228600008],[-83.96057620999994,33.68304597100007],[-83.951139502,33.687158932000045],[-83.94170189599998,33.69127117000005],[-83.93226339099994,33.69538268400004],[-83.92282398599997,33.699493474000064],[-83.91338368299995,33.703603540000074],[-83.90394247999996,33.707712883000056],[-83.89450037799998,33.71182150000004],[-83.88505737699995,33.71592939400006],[-83.87561347599996,33.720036562000075],[-83.86616867599997,33.72414300600008],[-83.85672297699995,33.728248724000025],[-83.84727637799995,33.732353717000024],[-83.83782887899997,33.73645798500007],[-83.82838048099995,33.74056152700007],[-83.81893118299996,33.74466434400006],[-83.80948098499994,33.74876643400006],[-83.80002988699994,33.75286779800007],[-83.79057788899996,33.75696843600008],[-83.78112499199995,33.76106834700005],[-83.77167119399996,33.76516753200008],[-83.76221649599995,33.769265990000065],[-83.75276089699997,33.77336372000008],[-83.74330439899995,33.777460724000036],[-83.733847,33.781557]],[[-84.28416,33.260868],[-84.27831830999997,33.26843158600008],[-84.27247561299998,33.27599488800007],[-84.26663190799997,33.283557907000045],[-84.26078719599997,33.29112064100008],[-84.25494147399996,33.29868309200003],[-84.249094744,33.30624525800005],[-84.24324700499994,33.31380714000005],[-84.23739825499996,33.32136873700006],[-84.23154849599996,33.328930050000054],[-84.22569772599996,33.33649107800005],[-84.21984594399999,33.34405182100005],[-84.21399315199994,33.35161227900005],[-84.20813934699999,33.35917245200005],[-84.20228452999999,33.366732340000056],[-84.19642869999996,33.37429194200007],[-84.19057185699995,33.38185125900003],[-84.18471400099997,33.38941029000006],[-84.17885512999999,33.39696903600003],[-84.17299524499998,33.404527495000025],[-84.16713434399998,33.41208566900008],[-84.16127242899995,33.41964355600004],[-84.15540949799998,33.42720115800006],[-84.14954554999997,33.434758472000055],[-84.14368058599996,33.44231550100005],[-84.13781460499996,33.449872242000026],[-84.13194760599998,33.45742869700007],[-84.12607958999996,33.464984865000076],[-84.12021055499997,33.47254074600005],[-84.11434050099996,33.480096340000046],[-84.10846942799998,33.487651647000064],[-84.10259733499998,33.49520666600006],[-84.09672422199998,33.50276139700003],[-84.09085008899996,33.51031584100008],[-84.08497493499993,33.51786999700005],[-84.07909875899998,33.52542386500005],[-84.07322156199996,33.532977446000075],[-84.06734334199996,33.54053073700004],[-84.06146409999997,33.54808374100003],[-84.05558383399995,33.55563645600006],[-84.04970254499995,33.563188883000066],[-84.04382023199997,33.57074102100006],[-84.03793689499997,33.57829287000004],[-84.03205253299996,33.585844430000066],[-84.02616714499999,33.59339570100008],[-84.02028073199995,33.600946683000075],[-84.01439329199997,33.60849737600006],[-84.00850482599998,33.61604777900004],[-84.00261533299994,33.62359789200008],[-83.99672481299996,33.631147716000044],[-83.99083326499994,33.638697250000064],[-83.98494068799994,33.646246494000025],[-83.97904708299995,33.65379544800004],[-83.97315244799995,33.66134411100006],[-83.96725678399997,33.668892484000025],[-83.96136008899998,33.67644056700004],[-83.95546236499996,33.68398835900007],[-83.94956360899994,33.691535861000034],[-83.94366382199996,33.699083071000075],[-83.93776300299999,33.70662999000007],[-83.93186115199995,33.71417661900006],[-83.92595826799999,33.721722956000065],[-83.92005435099998,33.729269001000034],[-83.91414940099997,33.73681475500007],[-83.90824341599995,33.744360218000054],[-83.90233639799999,33.75190538800007],[-83.89642834399996,33.759450267000034],[-83.89051925499996,33.766994854000075],[-83.88460912999994,33.77453914800003],[-83.87869796899997,33.78208315000006],[-83.87278577199999,33.789626860000055],[-83.86687253799994,33.79717027700008],[-83.86095826599995,33.80471340100007],[-83.85504295599998,33.81225623300003],[-83.84912660699996,33.81979877100002],[-83.84320921999995,33.82734101700004],[-83.83729079399995,33.834882969000034],[-83.83137132799999,33.84242462800006],[-83.82545082199994,33.84996599400006],[-83.81952927499998,33.85750706500005],[-83.81360668799994,33.86504784300007],[-83.80768305899994,33.87258832800006],[-83.80175838799994,33.88012851800005],[-83.79583267399994,33.887668414000075],[-83.78990591899998,33.895208016000026],[-83.78397811899998,33.90274732300003],[-83.77804927699998,33.91028633600007],[-83.77211938999994,33.91782505400005],[-83.76618845799999,33.925363477000076],[-83.76025648199999,33.93290160600003],[-83.75432345999997,33.940439439000045],[-83.74838939299997,33.94797697700005],[-83.74245427899996,33.955514220000055],[-83.73651811799994,33.96305116800005],[-83.73058091099995,33.97058781900006],[-83.72464265499997,33.97812417500006],[-83.71870335199998,33.98566023600006],[-83.712763,33.993196]],[[-83.733847,33.781557],[-83.74341908599996,33.78556767400005],[-83.75299206399995,33.789577602000065],[-83.76256593399995,33.79358678500006],[-83.77214069699994,33.79759522300003],[-83.78171635299998,33.80160291400006],[-83.79129290099996,33.80560986000006],[-83.80087034199994,33.80961606000005],[-83.81044867599996,33.813621513000044],[-83.82002790299998,33.81762622000008],[-83.82960802199995,33.82163018000006],[-83.83918903399996,33.82563339400008],[-83.84877093999995,33.82963586000005],[-83.85835373799995,33.833637579000026],[-83.86793742899994,33.837638551000055],[-83.87752201299998,33.841638775000035],[-83.88710749099994,33.84563825200007],[-83.89669386199995,33.84963698100006],[-83.90628112599995,33.85363496100007],[-83.91586928299995,33.85763219300003],[-83.92545833399998,33.861628677000056],[-83.93504827799995,33.865624412000045],[-83.94463911499997,33.869619398000054],[-83.95423084599997,33.87361363600007],[-83.96382347099996,33.877607124000065],[-83.97341698899999,33.881599863000076],[-83.98301140099994,33.88559185200006],[-83.99260670599995,33.88958309100008],[-84.00220290599998,33.893573581000055],[-84.01179999899995,33.897563320000074],[-84.02139798599995,33.901552310000056],[-84.03099686699994,33.90554054800003],[-84.04059664099998,33.90952803700003],[-84.05019730999999,33.91351477400008],[-84.05979887299998,33.91750076000005],[-84.06940132999995,33.92148599600006],[-84.07900468199995,33.92547047900007],[-84.08860892699994,33.92945421200005],[-84.09821406699996,33.93343719200004],[-84.10782010099996,33.93741942100007],[-84.11742702899994,33.94140089800004],[-84.12703485199995,33.94538162200007],[-84.13664356899994,33.94936159400004],[-84.14625318099996,33.95334081300007],[-84.15586368699996,33.957319280000036],[-84.16547508799994,33.961296994000065],[-84.17508738299995,33.965273954000054],[-84.18470057299999,33.96925016100005],[-84.19431465799994,33.97322561500005],[-84.20392963799998,33.97720031500006],[-84.21354551299999,33.981174261000035],[-84.22316228199998,33.985147452000035],[-84.23277994599994,33.98911989000004],[-84.24239850599997,33.99309157300007],[-84.25201795999999,33.99706250200006],[-84.26163830999997,34.00103267600008],[-84.27125955399998,34.005002095000066],[-84.28088169399996,34.00897075900008],[-84.29050472899996,34.01293866700007],[-84.30012865899994,34.016905820000034],[-84.30975348499999,34.02087221700003],[-84.31937920599995,34.02483785900006],[-84.32900582199994,34.028802744000075],[-84.33863333399995,34.03276687300007],[-84.34826174099999,34.03673024600005],[-84.35789104399998,34.04069286200007],[-84.36752124299994,34.04465472100003],[-84.37715233699998,34.048615823000034],[-84.38678432699999,34.05257616800003],[-84.39641721199996,34.05653575600007],[-84.40605099299995,34.06049458700005],[-84.41568566999996,34.06445265900004],[-84.42532124299998,34.068409974000076],[-84.43495771199997,34.07236653100006],[-84.44459507699997,34.07632233000004],[-84.45423333799994,34.08027737000003],[-84.46387249499998,34.08423165100004],[-84.47351254799997,34.088185174000046],[-84.48315349699999,34.092137938000064],[-84.49279534199997,34.09608994300004],[-84.50243808399995,34.100041188000034],[-84.51208172199995,34.10399167400004],[-84.52172625599997,34.10794140000007],[-84.53137168599994,34.11189036600007],[-84.54101801299998,34.115838573000076],[-84.55066523599999,34.11978601900006],[-84.56031335599994,34.123732705000066],[-84.56996237299995,34.12767863000005],[-84.57961228599999,34.13162379400006],[-84.58926309499998,34.135568197000055],[-84.59891480099998,34.13951184000007],[-84.60856740399998,34.14345472100007],[-84.61822090399994,34.147396840000056],[-84.62787530099996,34.151338198000076],[-84.63753059399994,34.155278794000026],[-84.64718678399998,34.159218628000076],[-84.65684387099998,34.163157700000056],[-84.66650185499998,34.16709600900003],[-84.67616073699998,34.171033556000054],[-84.68582051499999,34.17497034000007],[-84.69548118999995,34.17890636100003],[-84.70514276299997,34.182841619000044],[-84.71480523199995,34.186776113000064],[-84.72446859899998,34.190709844000025],[-84.73413286299996,34.19464281200004],[-84.743798025,34.19857501600006],[-84.75346408299998,34.20250645500005],[-84.76313103999996,34.20643713000004],[-84.77279889299996,34.21036704100004],[-84.78246764399995,34.21429618800005],[-84.79213729299994,34.218224570000075],[-84.80180783899993,34.22215218600007],[-84.81147928299998,34.22607903800008],[-84.82115162399998,34.23000512400006],[-84.83082486299998,34.233930445000055],[-84.840499,34.237855]],[[-83.712763,33.993196],[-83.72277894999996,33.99652597200003],[-83.73279568099997,33.99985512600006],[-83.74281319399995,34.00318346300003],[-83.75283148799997,34.006510982000066],[-83.76285056399996,34.00983768300006],[-83.77287042099994,34.01316356700005],[-83.78289105899995,34.01648863200006],[-83.79291247899994,34.01981287900003],[-83.80293467999996,34.02313630800006],[-83.81295766199997,34.02645891800006],[-83.82298142499997,34.02978070900008],[-83.83300596899994,34.03310168100006],[-83.84303129499995,34.036421835000056],[-83.853057402,34.039741169000024],[-83.86308428899997,34.043059683000024],[-83.87311195799998,34.046377378000045],[-83.88314040799997,34.04969425300004],[-83.89316963899995,34.05301030800007],[-83.90319964999998,34.05632554400006],[-83.91323044299997,34.05963995900004],[-83.92326201599997,34.06295355300006],[-83.93329437099999,34.06626632700005],[-83.94332750599995,34.06957828000003],[-83.95336142099995,34.07288941200005],[-83.96339611799993,34.07619972300006],[-83.97343159499997,34.07950921300005],[-83.98346785299998,34.08281788200003],[-83.99350489099999,34.08612572900006],[-84.00354270999998,34.08943275400003],[-84.01358130999995,34.09273895700005],[-84.02362068999997,34.09604433900006],[-84.03366085,34.09934889800007],[-84.04370179099999,34.10265263400004],[-84.05374351199998,34.10595554900004],[-84.06378601399996,34.10925764000007],[-84.07382929599999,34.11255890900003],[-84.08387335799995,34.115859354000065],[-84.09391820099995,34.11915897600005],[-84.10396382399995,34.12245777500004],[-84.11401022599995,34.12575575000005],[-84.12405740899999,34.12905290200007],[-84.13410537299995,34.132349230000045],[-84.14415411599998,34.13564473400004],[-84.15420363899995,34.13893941300006],[-84.16425394199996,34.14223326800004],[-84.17430502499997,34.14552629900004],[-84.18435688799997,34.148818505000065],[-84.19440953099996,34.15210988600006],[-84.20446295399995,34.15540044200003],[-84.21451715599994,34.158690173000025],[-84.22457213899997,34.16197907900005],[-84.23462790099995,34.16526715900005],[-84.24468444199994,34.16855441300004],[-84.25474176399996,34.17184084200005],[-84.26479986399994,34.17512644400006],[-84.27485874499996,34.17841122100003],[-84.28491840499998,34.18169517100006],[-84.29497884399996,34.184978294000075],[-84.30504006299998,34.18826059100007],[-84.31510206099995,34.191542061000064],[-84.32516483899997,34.194822704000046],[-84.33522839599993,34.19810252000008],[-84.34529273199996,34.20138150900004],[-84.35535784799998,34.20465967000007],[-84.36542374299995,34.20793700300004],[-84.37549041599993,34.21121350900006],[-84.38555786899997,34.21448918700003],[-84.39562610099995,34.21776403600006],[-84.40569511299998,34.221038057000044],[-84.41576490299997,34.22431125000003],[-84.42583547199996,34.227583614000025],[-84.43590681999996,34.230855150000025],[-84.44597894699996,34.23412585600005],[-84.45605185199997,34.23739573300003],[-84.46612553699998,34.24066478100008],[-84.4762,34.243933]],[[-84.840499,34.237855],[-84.83509104499996,34.23013289900007],[-84.82968407799996,34.222410549000074],[-84.824278097,34.21468795200008],[-84.81887310199994,34.20696510700003],[-84.81346909299998,34.19924201300006],[-84.80806606999994,34.19151867200003],[-84.80266403099995,34.18379508400005],[-84.79726297799994,34.17607124800003],[-84.79186290799998,34.16834716400007],[-84.78646382199997,34.16062283300005],[-84.78106571899997,34.152898255000025],[-84.77566859899997,34.14517343000006],[-84.77027246199998,34.13744835800003],[-84.76487730599996,34.129723040000044],[-84.75948313199996,34.12199747400007],[-84.75408993899998,34.11427166200008],[-84.74869772699998,34.10654560300003],[-84.74330649499996,34.09881929800002],[-84.73791624299997,34.09109274700006],[-84.73252696999998,34.08336594900004],[-84.72713867599998,34.07563890600005],[-84.72175136099997,34.06791161600006],[-84.71636502299998,34.060184081000045],[-84.71097966299999,34.052456300000074],[-84.70559528099994,34.04472827300003],[-84.70021187499998,34.037000001000024],[-84.69482944599997,34.02927148300006],[-84.68944799199994,34.02154272000007],[-84.68406751399993,34.01381371200006],[-84.67868801099996,34.00608445900008],[-84.67330948299997,33.998354961000075],[-84.66793192799997,33.99062521800005],[-84.66255534799996,33.98289523100004],[-84.65717974099994,33.97516499900007],[-84.65180510699997,33.967434522000076],[-84.64643144499996,33.959703801000046],[-84.64105875499996,33.95197283600004],[-84.63568703699997,33.944241626000064],[-84.63031628999994,33.936510173000045],[-84.62494651399999,33.92877847500006],[-84.61957770799995,33.92104653400003],[-84.61420987199995,33.913314349000075],[-84.60884300599997,33.90558192000003],[-84.60347710799994,33.89784924800006],[-84.59811217999999,33.89011633200005],[-84.59274821899999,33.88238317300005],[-84.58738522599998,33.874649771000065],[-84.58202320099997,33.866916126000035],[-84.57666214199998,33.85918223800007],[-84.57130204999999,33.85144810700007],[-84.56594292399996,33.84371373400006],[-84.56058476299995,33.83597911700008],[-84.55522756799996,33.82824425900003],[-84.54987133799995,33.82050915700006],[-84.54451607099998,33.812773814000025],[-84.53916176899997,33.80503822800006],[-84.53380842999997,33.797302401000024],[-84.52845605499994,33.78956633100006],[-84.52310464199996,33.78183002000003],[-84.51775419099994,33.77409346600007],[-84.51240470199997,33.76635667100004],[-84.50705617399996,33.75861963500006],[-84.50170860799994,33.75088235700008],[-84.49636200199996,33.743144838000035],[-84.49101635599999,33.73540707800004],[-84.48567166899994,33.72766907600004],[-84.48032794199997,33.719930834000024],[-84.47498517399998,33.712192351000056],[-84.46964336399998,33.70445362700008],[-84.46430251199996,33.69671466200003],[-84.45896261799999,33.688975457000026],[-84.45362368099995,33.68123601100007],[-84.44828569999999,33.67349632500003],[-84.44294867599996,33.66575639900003],[-84.43761260799994,33.65801623300007],[-84.43227749499994,33.65027582600004],[-84.42694333699995,33.64253518000004],[-84.42161013399993,33.63479429400007],[-84.41627788399995,33.62705316900008],[-84.41094658899993,33.61931180400006],[-84.40561624699995,33.61157019900003],[-84.40028685799996,33.603828355000076],[-84.39495842099996,33.596086272000036],[-84.38963093699994,33.588343950000024],[-84.38430440399998,33.58060138800005],[-84.37897882299995,33.57285858800003],[-84.37365419199995,33.56511554900004],[-84.36833051099995,33.55737227100008],[-84.36300778099996,33.54962875500007],[-84.357686,33.541885]],[[-85.07974399856306,33.582816275050554],[-85.07166309836258,33.58861739320272],[-85.06358111746911,33.594417978988524],[-85.05549805388273,33.600218030407916],[-85.04741390860347,33.60601754746091],[-85.03932868163135,33.61181653014744],[-85.03124237196633,33.61761497946759],[-85.02315497860845,33.62341289342123],[-85.01506650355776,33.62921027300835],[-85.00697694381425,33.63500711822901],[-84.99888630055871,33.640803427762584],[-84.99079456833313,33.64659920011935],[-84.98270175115303,33.65239443745349],[-84.9746078490184,33.6581891387651],[-84.96651286192927,33.66398330505413],[-84.95841678988567,33.669776936320645],[-84.95031963188755,33.675570031564575],[-84.94222138793491,33.681362589786],[-84.93412205802773,33.68715461298478],[-84.92602164116613,33.69294609916105],[-84.91792013835,33.69873704931473],[-84.90981754757931,33.70452746244585],[-84.90171386985422,33.7103173375544],[-84.89360910517458,33.71610667664043],[-84.88550266699997,33.72189591600005],[-84.87739574499994,33.72768417000003],[-84.86928773299996,33.733471886000075],[-84.86117863399994,33.739259065000056],[-84.85306844499996,33.74504570500005],[-84.84495716599997,33.750831807000054],[-84.83684479799996,33.75661737100006],[-84.82873134,33.76240239600003],[-84.82061679199995,33.768186882000066],[-84.81250115399996,33.77397083000005],[-84.80438442399998,33.779754238000066],[-84.79626660399998,33.78553710700004],[-84.78814769199994,33.79131943600004],[-84.78002768899995,33.79710122500006],[-84.77190659399997,33.80288247500005],[-84.76378440599996,33.80866318400007],[-84.75566112699994,33.81444335400005],[-84.74753675399995,33.820222982000075],[-84.73941128799999,33.82600207000007],[-84.73128472899998,33.83178061800004],[-84.72315707699994,33.83755862400005],[-84.71502832999994,33.84333608800006],[-84.70689848999996,33.84911301200003],[-84.69876755399997,33.854889394000054],[-84.69063552499995,33.86066523400007],[-84.68250239999998,33.86644053200007],[-84.67436817999999,33.87221528800006],[-84.66623286399994,33.87798950100006],[-84.65809645199994,33.883763172000045],[-84.64995894399993,33.88953630000003],[-84.64182033999998,33.895308886000066],[-84.63368063899998,33.901080928000056],[-84.62553984099998,33.90685242700005],[-84.61739794599998,33.91262338200005],[-84.60925495299995,33.91839379400005],[-84.60111086199998,33.92416366200007],[-84.59296567299998,33.92993298500005],[-84.58481938599994,33.93570176500003],[-84.576672,33.94147]],[[-84.4762,34.243933],[-84.47901686299997,34.23529145400005],[-84.48183315099999,34.22664983100003],[-84.48464886399995,34.21800813200008],[-84.48746400099998,34.20936635500004],[-84.49027856399994,34.20072450200007],[-84.49309255299994,34.19208257200006],[-84.49590596699994,34.18344056500007],[-84.49871880799998,34.17479848100004],[-84.50153107599994,34.166156321000074],[-84.50434276999994,34.15751408500006],[-84.50715389199996,34.148871771000074],[-84.50996444099997,34.14022938200003],[-84.51277441799994,34.13158691500007],[-84.51558382299999,34.12294437200006],[-84.51839265599995,34.11430175300006],[-84.52120091799998,34.105659057000025],[-84.52400860899996,34.09701628500005],[-84.52681572899996,34.08837343700003],[-84.52962227899997,34.079730512000026],[-84.53242825799998,34.07108751100003],[-84.53523366799999,34.06244443400004],[-84.53803850799994,34.05380128100006],[-84.54084277899995,34.045158051000044],[-84.54364648099994,34.03651474600008],[-84.54644961499997,34.02787136400008],[-84.54925217999994,34.019227906000026],[-84.55205417599996,34.01058437200004],[-84.55485560499994,34.00194076300005],[-84.55765646699996,33.99329707700008],[-84.56045676199994,33.98465331500006],[-84.56325648899997,33.97600947800004],[-84.56605564999995,33.96736556400003],[-84.56885424499995,33.95872157500003],[-84.57165227299998,33.95007751000003],[-84.57444973599996,33.94143337000003],[-84.57724663399995,33.932789153000044],[-84.58004296599995,33.92414486100006],[-84.58283873299996,33.915500493000025],[-84.58563393599997,33.906856050000044],[-84.58842857499997,33.89821153100007],[-84.59122264999996,33.88956693700004],[-84.59401616099996,33.880922267000074],[-84.59680910899993,33.87227752200005],[-84.59960149399996,33.86363270100003],[-84.60239331499997,33.854987805000064],[-84.60518457499995,33.84634283300005],[-84.60797527199998,33.837697786000035],[-84.61076540699997,33.82905266400007],[-84.61355498099994,33.82040746700005],[-84.61634399399998,33.81176219400004],[-84.61913244499993,33.80311684600008],[-84.62192033599996,33.79447142300006],[-84.62470766599995,33.78582592500004],[-84.62749443599995,33.77718035200007],[-84.63028064599996,33.76853470400005],[-84.63306629699997,33.75988898000003],[-84.63585138799994,33.75124318200005],[-84.63863591999996,33.742597309000075],[-84.64141989399997,33.73395136100004],[-84.64420330899998,33.725305338000055],[-84.64698616599998,33.71665924000007],[-84.64976846499997,33.708013067000024],[-84.652550207,33.69936682000008],[-84.65533139199994,33.690720498000076],[-84.65811201899999,33.68207410100007],[-84.66089208999995,33.67342763000005],[-84.66367160399994,33.66478108300004],[-84.66645056299996,33.65613446300006],[-84.66922896499995,33.64748776700003],[-84.67200681199995,33.638840997000045],[-84.67478410399997,33.63019415300005],[-84.67756084099994,33.62154723400005],[-84.68033702299994,33.612900241000034],[-84.68311265099999,33.604253173000075],[-84.68588772499999,33.595606031000045],[-84.68866224499999,33.58695881500006],[-84.69143621099994,33.57831152400007],[-84.69420962499998,33.56966415900007],[-84.69698248499998,33.561016720000055],[-84.69975479299995,33.55236920700003],[-84.70252654799998,33.54372161900005],[-84.70529775099999,33.535073958000055],[-84.70806840299997,33.526426222000055],[-84.71083850299993,33.51777841200004],[-84.71360805199998,33.50913052800007],[-84.71637704999995,33.50048257100008],[-84.71914549699994,33.491834539000024],[-84.72191339399996,33.48318643300007],[-84.72468074099999,33.47453825400004],[-84.72744753799998,33.46589],[-84.73021378499999,33.457241673000055],[-84.73297948399994,33.44859327200004],[-84.73574463299997,33.43994479700007],[-84.73850923399993,33.43129624900007],[-84.74127328699996,33.42264762600007],[-84.74403679099998,33.41399893100004],[-84.74679974799994,33.40535016100006],[-84.74956215699996,33.396701318000055],[-84.75232401899996,33.38805240100004],[-84.75508533399994,33.379403411000055],[-84.75784610199997,33.37075434800005],[-84.76060632399998,33.36210521000004],[-84.763366,33.353456]],[[-84.357686,33.541885],[-84.35587120299994,33.550734197000054],[-84.35405603599997,33.55958335400004],[-84.35224049899995,33.56843247200004],[-84.35042459099998,33.577281551000056],[-84.34860831299994,33.58613059000004],[-84.34679166399997,33.59497959000004],[-84.344974644,33.60382855100005],[-84.34315725199997,33.61267747200003],[-84.34133948999994,33.621526354000025],[-84.33952135499999,33.630375197000035],[-84.33770284899998,33.639224],[-84.33588396999994,33.64807276400006],[-84.33406471999996,33.65692148800008],[-84.33224509599995,33.665770173000055],[-84.33042510099995,33.674618818000056],[-84.32860473199997,33.68346742400007],[-84.32678398999997,33.692315990000054],[-84.32496287499998,33.70116451700005],[-84.32314138699996,33.710013004000075],[-84.32131952499998,33.718861452000056],[-84.31949728899997,33.72770986000006],[-84.31767467899994,33.736558228000035],[-84.31585169499994,33.745406557000024],[-84.31402833699997,33.75425484600004],[-84.31220460299994,33.763103096000066],[-84.31038049499995,33.77195130600006],[-84.30855601199994,33.78079947600003],[-84.30673115399998,33.78964760700006],[-84.30490591999995,33.79849569800007],[-84.30308030999998,33.80734374900004],[-84.30125432499995,33.81619176000004],[-84.29942796299997,33.82503973200005],[-84.29760122599998,33.83388766400003],[-84.29577411199995,33.84273555600004],[-84.29394662099998,33.85158340900006],[-84.29211875299995,33.860431221000056],[-84.29029050799994,33.86927899400007],[-84.28846188599994,33.87812672700005],[-84.28663288699994,33.88697442000006],[-84.28480350999996,33.89582207300003],[-84.28297375399995,33.904669686000034],[-84.28114362099996,33.91351725900006],[-84.27931310999998,33.92236479300004],[-84.27748221999997,33.93121228600006],[-84.27565095099999,33.94005973900005],[-84.27381930399997,33.94890715300005],[-84.27198727699994,33.95775452600003],[-84.27015487099999,33.966601860000026],[-84.26832208599996,33.975449153000056],[-84.26648892099996,33.984296407000045],[-84.26465537599995,33.99314362000007],[-84.26282145099998,34.00199079300006],[-84.26098714499994,34.01083792600008],[-84.25915245899995,34.019685019000065],[-84.25731739199995,34.028532072000075],[-84.25548194499999,34.037379085000055],[-84.25364611599997,34.04622605800006],[-84.25180990599995,34.05507299000004],[-84.24997331399999,34.06391988300004],[-84.24813634099996,34.07276673500007],[-84.24629898499995,34.081613547000075],[-84.24446124799994,34.090460318000055],[-84.24262312799993,34.09930704900006],[-84.24078462499995,34.108153741000024],[-84.23894573999996,34.11700039100003],[-84.23710647199994,34.12584700200006],[-84.23526681999994,34.13469357200006],[-84.23342678499995,34.14354010200003],[-84.23158636699998,34.15238659100004],[-84.22974556399998,34.16123304100006],[-84.22790437799995,34.17007944900007],[-84.22606280799994,34.17892581800004],[-84.22422085299996,34.18777214600004],[-84.22237851299997,34.196618433000026],[-84.22053578899994,34.205464680000034],[-84.21869267899996,34.21431088700007],[-84.21684918399995,34.22315705300008],[-84.21500530399999,34.23200317800007],[-84.21316103799995,34.24084926300003],[-84.21131638699995,34.24969530800007],[-84.20947134899995,34.258541312000034],[-84.20762592499995,34.26738727500003],[-84.20578011399994,34.27623319800006],[-84.20393391699997,34.28507908000006],[-84.20208733199996,34.29392492200003],[-84.20024036099994,34.30277072300004],[-84.19839300199999,34.31161648300008],[-84.19654525599998,34.320462203000034],[-84.19469712199998,34.32930788200008],[-84.1928486,34.33815352000005],[-84.19099968999996,34.34699911800004],[-84.18915039199999,34.35584467500007],[-84.18730070499998,34.36469019100008],[-84.18545062899994,34.373535666000066],[-84.18360016399998,34.38238110100008],[-84.18174930999999,34.39122649500007],[-84.17989806599996,34.40007184800004],[-84.17804643299996,34.408917160000044],[-84.17619440999994,34.41776243100003],[-84.17434199699994,34.42660766200004],[-84.17248919399998,34.435452851000036],[-84.170636,34.444298]],[[-84.576672,33.94147],[-84.56743673799997,33.93701070000003],[-84.55820243799997,33.93255070400005],[-84.54896910199994,33.92809001300003],[-84.53973672799998,33.92362862600004],[-84.53050531699995,33.91916654400006],[-84.52127486799998,33.91470376700005],[-84.51204538099995,33.91024029400006],[-84.50281685699997,33.90577612800007],[-84.49358929499994,33.90131126600005],[-84.48436269499996,33.896845710000036],[-84.47513705699998,33.89237946000003],[-84.46591237999996,33.88791251600003],[-84.45668866499994,33.883444879000024],[-84.44746591199998,33.878976547000036],[-84.43824411999998,33.874507523000034],[-84.42902328899999,33.87003780500004],[-84.41980341999994,33.86556739400004],[-84.41058451199996,33.861096290000035],[-84.40136656499999,33.85662449300003],[-84.39214957799999,33.85215200400006],[-84.38293355299999,33.847678823000024],[-84.37371848799995,33.84320494900004],[-84.36450438299994,33.83873038400003],[-84.35529123899994,33.83425512700006],[-84.34607905499996,33.829779178000024],[-84.33686783099995,33.825302538000074],[-84.32765756799995,33.82082520700004],[-84.31844826399998,33.81634718500004],[-84.30923991999998,33.81186847200007],[-84.30003253599995,33.80738906900007],[-84.290826112,33.80290897500004],[-84.28162064699995,33.79842819000004],[-84.27241614099995,33.79394671600005],[-84.26321259499997,33.78946455200003],[-84.25401000799997,33.784981698000024],[-84.24480837999994,33.78049815400004],[-84.23560770999995,33.77601392200006],[-84.226408,33.771529]],[[-84.763366,33.353456],[-84.76348249299997,33.36238868300006],[-84.76359900999995,33.37132135300004],[-84.76371555099996,33.380254010000044],[-84.76383211599995,33.38918665400007],[-84.76394870499996,33.398119285000064],[-84.76406531699996,33.407051903000024],[-84.76418195399998,33.415984508000065],[-84.76429861399998,33.42491710000007],[-84.76441529799996,33.43384967900005],[-84.76453200599997,33.442782245000046],[-84.76464873799995,33.45171479800007],[-84.76476549399996,33.46064733800006],[-84.76488227399994,33.46957986500007],[-84.76499907799996,33.47851237900005],[-84.76511590599995,33.487444881000044],[-84.76523275699998,33.49637736900007],[-84.76534963299997,33.50530984400007],[-84.76546653299994,33.51424230600003],[-84.76558345699993,33.52317475500007],[-84.76570040499996,33.53210719100008],[-84.76581737699996,33.541039614000056],[-84.76593437299994,33.549972024000056],[-84.76605139299994,33.55890442100008],[-84.76616843699998,33.56783680500007],[-84.76628550499998,33.57676917500004],[-84.76640259799996,33.585701533000076],[-84.76651971399997,33.594633878000025],[-84.76663685499994,33.603566210000054],[-84.76675401999995,33.61249852900005],[-84.76687120899999,33.62143083500007],[-84.76698842199994,33.63036312700007],[-84.76710565899998,33.63929540700008],[-84.76722292099998,33.648227674000054],[-84.76734020699996,33.657159927000066],[-84.76745751699997,33.666092168000034],[-84.76757485099995,33.675024396000026],[-84.76769220999995,33.68395661000005],[-84.76780959299998,33.692888812000035],[-84.767927,33.701821]],[[-84.170636,34.444298],[-84.17338775699994,34.435643854000034],[-84.17613894699997,34.42698963400005],[-84.17888956899998,34.418335340000056],[-84.18163962499995,34.40968097200005],[-84.18438911499999,34.401026529000035],[-84.187138039,34.392372013000056],[-84.18988639599996,34.383717423000064],[-84.19263418799994,34.37506275800007],[-84.19538141499999,34.36640802000005],[-84.19812807799997,34.35775320800008],[-84.20087417499997,34.34909832200003],[-84.20361970799996,34.34044336200003],[-84.20636467699995,34.33178832800007],[-84.20910908299999,34.323133220000045],[-84.21185292399997,34.31447803900005],[-84.21459620299999,34.30582278400004],[-84.21733891899999,34.29716745600007],[-84.22008107199997,34.288512053000034],[-84.22282266299999,34.27985657700003],[-84.22556369199998,34.271201028000064],[-84.22830415999994,34.262545405000026],[-84.23104406599998,34.25388970900008],[-84.233783411,34.24523393900006],[-84.23652219499996,34.23657809500003],[-84.23926041799996,34.227922179000075],[-84.24199808199995,34.21926618800006],[-84.24473518499997,34.21061012500007],[-84.24747172899998,34.20195398800007],[-84.25020771299995,34.193297778000044],[-84.25294313899997,34.18464149500005],[-84.25567800599998,34.175985138000044],[-84.25841231399994,34.16732870900006],[-84.26114606399994,34.15867220600006],[-84.26387925599994,34.15001563000004],[-84.26661188999998,34.14135898100005],[-84.26934396799999,34.13270225900004],[-84.27207548799998,34.12404546400006],[-84.27480645099996,34.11538859600006],[-84.27753685799996,34.10673165500003],[-84.28026670899999,34.09807464200003],[-84.28299600399998,34.08941755500007],[-84.28572474399994,34.08076039600007],[-84.28845292799997,34.072103163000065],[-84.29118055699996,34.06344585800008],[-84.29390763199996,34.05478848000007],[-84.29663415199997,34.046131030000026],[-84.29936011799998,34.03747350700007],[-84.30208552999994,34.02881591100004],[-84.30481038899995,34.020158243000026],[-84.30753469399997,34.01150050200005],[-84.31025844699997,34.002842688000044],[-84.31298164599997,33.99418480200006],[-84.31570429399994,33.98552684400005],[-84.31842638899997,33.97686881300007],[-84.32114793199997,33.96821071000005],[-84.32386892399995,33.95955253400007],[-84.32658936499996,33.95089428600005],[-84.32930925499994,33.942235966000055],[-84.33202859399995,33.933577573000036],[-84.33474738299998,33.92491910800004],[-84.33746562099998,33.916260571000066],[-84.34018330999999,33.90760196200006],[-84.34290044999995,33.89894328100007],[-84.34561703999998,33.89028452700006],[-84.34833308099996,33.881625702000065],[-84.35104857299996,33.87296680400004],[-84.35376351799994,33.864307835000034],[-84.35647791399998,33.85564879300006],[-84.35919176199997,33.846989680000036],[-84.36190506299994,33.83833049400005],[-84.36461781599996,33.82967123700007],[-84.36733002299997,33.82101190800006],[-84.37004168299995,33.81235250700007],[-84.37275279599999,33.80369303400005],[-84.37546336399998,33.79503349000004],[-84.37817338599996,33.78637387400005],[-84.38088286199996,33.777714186000026],[-84.38359179299994,33.76905442700007],[-84.38630017899999,33.76039459500004],[-84.38900801999995,33.75173469300006],[-84.39171531699998,33.74307471900005],[-84.39442206999996,33.73441467300006],[-84.39712827899996,33.72575455600003],[-84.39983394399997,33.71709436700007],[-84.40253906699996,33.70843410700007],[-84.40524364599997,33.69977377500004],[-84.40794768199999,33.691113373000064],[-84.41065117699998,33.682452898000065],[-84.41335412899997,33.67379235300007],[-84.41605653899995,33.665131736000035],[-84.41875840799997,33.65647104800007],[-84.42145973499998,33.64781028900006],[-84.42416052099998,33.639149459000066],[-84.42686076699994,33.630488557000035],[-84.42956047199993,33.62182758500006],[-84.43225963799995,33.613166541000055],[-84.43495826299994,33.60450542700005],[-84.43765634899995,33.595844241000066],[-84.44035389499999,33.58718298500003],[-84.44305090199998,33.57852165700007],[-84.44574737099998,33.56986025900005],[-84.44844330099994,33.56119878900006],[-84.45113869299996,33.55253724900007],[-84.45383354699999,33.54387563800003],[-84.45652786399995,33.53521395700005],[-84.45922164299998,33.52655220400004],[-84.46191488499994,33.51789038100003],[-84.46460758999996,33.50922848700003],[-84.46729975899996,33.50056652300003],[-84.46999139099995,33.491904488000046],[-84.47268248799998,33.48324238200007],[-84.47537304899998,33.47458020600004],[-84.47806307399998,33.46591795900002],[-84.48075256499999,33.457255642000064],[-84.48344151999999,33.44859325400006],[-84.48612994099994,33.439930796000056],[-84.48881782799998,33.43126826800005],[-84.49150518099998,33.42260566900006],[-84.494192,33.413943]],[[-84.226408,33.771529],[-84.22446835899996,33.780260601000066],[-84.22252832299995,33.78899215900003],[-84.22058789499994,33.797723673000064],[-84.21864707099996,33.80645514500003],[-84.21670585399994,33.81518657500004],[-84.21476424199994,33.82391796100006],[-84.21282223599997,33.83264930400003],[-84.21087983399997,33.84138060400005],[-84.20893703699994,33.85011186100007],[-84.20699384499994,33.85884307600003],[-84.20505025799997,33.86757424700005],[-84.20310627499998,33.87630537500007],[-84.20116189499998,33.88503646000004],[-84.19921711999996,33.89376750200006],[-84.19727194799998,33.902498501000025],[-84.19532637999998,33.91122945700005],[-84.19338041399999,33.91996037000007],[-84.19143405199998,33.928691239000045],[-84.18948729199997,33.93742206500008],[-84.18754013599994,33.94615284900004],[-84.18559258099998,33.954883589000076],[-84.18364462799997,33.96361428500006],[-84.18169627799995,33.97234493900004],[-84.17974752899994,33.981075549000025],[-84.17779838199993,33.98980611600007],[-84.17584883599994,33.998536640000054],[-84.17389889099996,34.00726712000005],[-84.17194854699994,34.01599755700005],[-84.16999780299994,34.024727951000045],[-84.16804665999996,34.03345830100005],[-84.16609511799999,34.04218860800006],[-84.16414317499994,34.05091887100008],[-84.16219083199996,34.05964909200003],[-84.16023808899996,34.06837926800006],[-84.15828494499993,34.07710940100003],[-84.15633139999994,34.08583949100006],[-84.15437745499997,34.09456953700004],[-84.15242310799994,34.10329954000008],[-84.15046835899994,34.11202949900007],[-84.14851320899999,34.120759415000066],[-84.14655765699996,34.12948928700007],[-84.14460170299998,34.13821911600007],[-84.14264534699998,34.14694890100003],[-84.14068858799999,34.155678642000055],[-84.13873142599994,34.16440834000008],[-84.13677386099994,34.17313799400006],[-84.13481589399998,34.18186760400005],[-84.13285752299998,34.190597171000036],[-84.13089874799994,34.199326694000035],[-84.12893956899995,34.208056173000045],[-84.12697998699997,34.216785608000066],[-84.12502,34.225515]],[[-84.767927,33.701821],[-84.75790665599999,33.704780526000036],[-84.74788562399993,33.707739238000045],[-84.73786390599997,33.71069713600008],[-84.72784149999995,33.713654219000034],[-84.71781840799997,33.716610487000025],[-84.70779462799999,33.71956594000005],[-84.69777016099994,33.72252057900005],[-84.68774500799998,33.72547440200003],[-84.67771916799995,33.72842741000005],[-84.66769264099997,33.73137960300005],[-84.65766542799997,33.73433098000004],[-84.64763752799996,33.73728154200006],[-84.63760894099994,33.740231288000075],[-84.62757966799995,33.74318021700003],[-84.61754970899995,33.74612833100008],[-84.60751906299998,33.74907562800007],[-84.59748773099994,33.75202210900005],[-84.58745571299994,33.75496777300003],[-84.57742300899997,33.75791262100006],[-84.56738961899998,33.76085665200003],[-84.55735554299997,33.76379986500007],[-84.54732078099994,33.76674226200004],[-84.53728533299994,33.769683841000074],[-84.52724919899998,33.772624603000054],[-84.51721237999999,33.775564547000045],[-84.50717487499998,33.778503674000035],[-84.49713668399994,33.781441983000036],[-84.48709780799999,33.78437947300006],[-84.47705824699995,33.78731614600002],[-84.467018,33.790252]],[[-84.494192,33.413943],[-84.48795689299999,33.421258857000055],[-84.48172073999996,33.42857439200003],[-84.47548354099996,33.43588960400007],[-84.46924529599994,33.44320449500003],[-84.46300600299998,33.45051906200007],[-84.45676566199995,33.45783330800003],[-84.45052427399997,33.46514723000007],[-84.44428183699995,33.472460829000056],[-84.43803835099999,33.479774106000036],[-84.43179381599998,33.48708705900003],[-84.42554823099994,33.49439968900003],[-84.41930159599997,33.50171199500005],[-84.41305390999997,33.50902397800007],[-84.40680517399994,33.516335637000054],[-84.40055538599995,33.52364697200005],[-84.39430454599994,33.530957983000064],[-84.38805265399998,33.53826866900005],[-84.38179970999994,33.545579032000035],[-84.37554571199996,33.55288907000005],[-84.36929066099998,33.56019878300003],[-84.36303455599995,33.56750817200003],[-84.35677739599998,33.57481723600006],[-84.35051918199997,33.582125975000054],[-84.34425991199998,33.58943438800003],[-84.33799958699996,33.59674247600003],[-84.33173820599995,33.60405023900006],[-84.32547576899998,33.61135767700006],[-84.31921227399994,33.618664788000046],[-84.312947722,33.62597157400006],[-84.30668211299997,33.63327803300007],[-84.30041544499994,33.64058416700004],[-84.29414771899997,33.647889974000066],[-84.28787893299994,33.65519545500007],[-84.28160908899997,33.66250060900006],[-84.27533818399996,33.669805437000036],[-84.26906621899997,33.67710993700007],[-84.26279319299994,33.684414111000024],[-84.25651910599998,33.69171795700004],[-84.25024395799994,33.69902147700003],[-84.24396774699994,33.706324668000036],[-84.23769047499997,33.71362753300008],[-84.23141213899999,33.720930069000076],[-84.22513273999994,33.728232278000064],[-84.21885227699994,33.73553415900005],[-84.21257074999994,33.742835711000055],[-84.20628815899994,33.75013693500006],[-84.20000450299995,33.75743783100006],[-84.19371978099997,33.764738399000066],[-84.18743399299996,33.77203863700004],[-84.18114713899996,33.779338547000066],[-84.17485921899998,33.78663812800005],[-84.168570231,33.793937379000056],[-84.16228017599997,33.80123630200006],[-84.15598905199994,33.80853489500004],[-84.14969686099994,33.81583315800003],[-84.14340359999994,33.82313109200004],[-84.13710927099999,33.83042869600007],[-84.13081387099999,33.837725970000065],[-84.12451740099993,33.84502291300004],[-84.11821986099994,33.85231952700008],[-84.11192124999997,33.85961581000004],[-84.10562156799995,33.866911763000076],[-84.09932081299996,33.874207384000044],[-84.09301898599995,33.881502675000036],[-84.08671608699996,33.88879763500006],[-84.08041211499994,33.89609226400006],[-84.07410706799999,33.90338656200004],[-84.06780094799996,33.91068052800006],[-84.06149375399997,33.91797416300005],[-84.05518548499998,33.92526746600004],[-84.04887613999995,33.93256043700006],[-84.04256571999997,33.93985307600008],[-84.03625422299996,33.94714538300008],[-84.02994164999996,33.954437358000064],[-84.023628,33.961729]],[[-84.12502,34.225515],[-84.11485268099995,34.22857306700007],[-84.10468462599994,34.231630290000055],[-84.09451583699996,34.23468666700006],[-84.08434631399996,34.23774220000007],[-84.07417605499995,34.240796888000034],[-84.06400506199998,34.243850731000066],[-84.05383333399999,34.24690372900005],[-84.04366087099999,34.24995588100006],[-84.03348767499995,34.25300718700004],[-84.02331374299996,34.256057647000034],[-84.01313907799994,34.25910726200004],[-84.00296367799996,34.26215603000003],[-83.99278754399995,34.265203953000025],[-83.98261067599998,34.268251028000066],[-83.97243307399998,34.27129725800006],[-83.96225473799996,34.27434264000004],[-83.95207566799996,34.27738717600005],[-83.94189586399995,34.28043086400004],[-83.93171532599996,34.28347370500006],[-83.92153405399995,34.28651569900006],[-83.91135204899996,34.28955684600004],[-83.901169311,34.29259714500006],[-83.89098583799995,34.295636596000065],[-83.88080163299998,34.29867519900006],[-83.87061669399998,34.30171295300005],[-83.86043102099995,34.30474986000007],[-83.85024461599994,34.307785918000036],[-83.84005747699996,34.31082112800004],[-83.82986960499994,34.31385548800006],[-83.819681,34.316889]],[[-84.467018,33.790252],[-84.46047594299995,33.783234263000054],[-84.45393495199994,33.776216172000034],[-84.44739502899995,33.769197725000026],[-84.44085617099995,33.76217892500006],[-84.43431837999998,33.755159770000034],[-84.42778165399994,33.74814026000007],[-84.42124599299996,33.74112039700003],[-84.41471139699996,33.73410018000004],[-84.40817786599996,33.72707960900004],[-84.40164539799997,33.720058685000026],[-84.39511399299994,33.71303740700006],[-84.38858365199997,33.70601577600007],[-84.38205437399995,33.69899379200007],[-84.37552615699997,33.691971454000054],[-84.36899900299994,33.68494876400007],[-84.36247290999995,33.677925721000065],[-84.35594787799994,33.67090232600003],[-84.34942390699996,33.66387857800004],[-84.34290099599997,33.65685447800007],[-84.33637914499997,33.649830026000075],[-84.32985835399995,33.64280522200005],[-84.32333862099995,33.63578006600005],[-84.31681994699994,33.628754558000026],[-84.31030233199994,33.62172869900007],[-84.30378577399995,33.614702488000034],[-84.29727027399997,33.60767592600007],[-84.29075583099996,33.600649013000066],[-84.28424244499996,33.59362175000007],[-84.27773011399995,33.58659413500004],[-84.27121883999996,33.57956617000008],[-84.26470862099995,33.572537854000075],[-84.25819945699999,33.56550918800008],[-84.25169134799995,33.55848017100004],[-84.24518429299997,33.55145080500006],[-84.23867829299996,33.544421089000025],[-84.23217334499998,33.537391023000055],[-84.22566945099999,33.530360607000034],[-84.21916660899996,33.52332984200007],[-84.21266481899994,33.51629872700005],[-84.20616408199999,33.50926726300003],[-84.19966439499996,33.50223545100005],[-84.19316575999994,33.495203289000074],[-84.18666817599996,33.48817077800004],[-84.18017164199995,33.48113791900005],[-84.17367615799998,33.47410471200004],[-84.16718172299994,33.46707115600003],[-84.16068833699995,33.46003725200006],[-84.154196,33.453003]],[[-84.023628,33.961729],[-84.01999787399996,33.95325926900006],[-84.01636846599996,33.94478942000006],[-84.01273977799997,33.93631945200008],[-84.00911180799994,33.92784936500004],[-84.00548455699999,33.91937916000006],[-84.00185802299995,33.91090883700008],[-83.99823220699994,33.90243839400006],[-83.99460710699998,33.89396783400008],[-83.99098272499998,33.88549715500005],[-83.98735905799998,33.87702635800008],[-83.98373610799996,33.86855544300005],[-83.98011387299994,33.86008441000007],[-83.97649235399996,33.85161325900003],[-83.972871549,33.84314198900006],[-83.96925145899996,33.834670602000074],[-83.96563208299995,33.82619909600004],[-83.96201342099994,33.81772747300005],[-83.95839547299994,33.809255732000054],[-83.95477823799996,33.80078387400005],[-83.95116171499996,33.79231189700005],[-83.94754590499997,33.783839803000035],[-83.94393080599997,33.775367592000066],[-83.94031641999999,33.76689526200005],[-83.93670274399994,33.75842281600006],[-83.93308977999999,33.749950252000076],[-83.92947752599997,33.74147757000003],[-83.92586598299994,33.73300477200007],[-83.92225514899997,33.724531856000056],[-83.91864502499999,33.716058823000026],[-83.91503560999996,33.70758567200005],[-83.91142690399994,33.69911240500005],[-83.90781890599999,33.69063902100004],[-83.90421161599994,33.68216551900008],[-83.90060503399997,33.67369190100004],[-83.89699915999995,33.665218166000045],[-83.89339399199997,33.656744314000036],[-83.88978953099996,33.64827034500007],[-83.88618577699998,33.639796260000026],[-83.88258272799999,33.63132205800002],[-83.87898038499998,33.622847739000065],[-83.87537874699996,33.614373304000026],[-83.87177781499997,33.60589875200003],[-83.86817758599994,33.59742408400007],[-83.86457806199996,33.588949300000024],[-83.86097924199998,33.580474399000025],[-83.85738112499996,33.57199938200006],[-83.85378371099995,33.56352424900007],[-83.850187,33.555049]],[[-83.819681,34.316889],[-83.82951698099998,34.31322650800007],[-83.83935210799996,34.309563223000055],[-83.84918637999994,34.30589914700005],[-83.85901979799996,34.30223428000005],[-83.86885236199998,34.298568620000026],[-83.87868407199994,34.29490217000006],[-83.88851492699996,34.29123492900004],[-83.89834492799997,34.287566896000044],[-83.90817407399999,34.283898073000046],[-83.91800236699999,34.280228460000046],[-83.92782980499999,34.276558056000056],[-83.93765638799994,34.272886862000064],[-83.94748211799998,34.26921487800007],[-83.95730699299997,34.265542104000076],[-83.96713101399996,34.26186854000008],[-83.97695418099994,34.25819418700007],[-83.98677649299998,34.25451904400006],[-83.99659795099996,34.25084311300003],[-84.00641855499998,34.247166392000054],[-84.01623830499994,34.243488883000055],[-84.02605720099996,34.23981058500004],[-84.03587524199997,34.23613149900007],[-84.04569242999997,34.23245162400008],[-84.05550876299998,34.228770961000066],[-84.06532424199997,34.22508951000003],[-84.07513886699996,34.22140727200008],[-84.08495263699996,34.217724246000046],[-84.09476555399993,34.21404043300004],[-84.10457761599997,34.21035583200006],[-84.11438882499993,34.20667044500004],[-84.12419917899996,34.20298427000006],[-84.13400867899998,34.19929730900003],[-84.14381732499999,34.195609561000026],[-84.153625117,34.191921027000035],[-84.16343205499999,34.18823170700006],[-84.17323813899998,34.184541601000035],[-84.18304336899996,34.180850709000026],[-84.19284774499994,34.17715903200008],[-84.20265126699996,34.17346656900003],[-84.21245393499998,34.16977332000005],[-84.22225574899994,34.16607928700006],[-84.23205670899995,34.162384469000074],[-84.24185681499995,34.158688866000034],[-84.25165606699994,34.154992478000054],[-84.26145446499999,34.151295306000065],[-84.27125200899997,34.14759735000007],[-84.28104869999999,34.143898609000075],[-84.29084453599995,34.14019908500006],[-84.30063951899996,34.13649877700004],[-84.31043364699997,34.13279768600006],[-84.32022692199996,34.12909581100007],[-84.33001934299995,34.12539315300006],[-84.33981090999998,34.121689712000034],[-84.34960162399994,34.117985488000045],[-84.35939148299997,34.11428048200003],[-84.36918048899997,34.110574693000046],[-84.37896864099997,34.10686812200004],[-84.38875593899996,34.103160768000066],[-84.39854238299995,34.099452633000055],[-84.40832797399997,34.09574371600007],[-84.41811271099994,34.09203401700006],[-84.42789659399995,34.088323537000065],[-84.43767962399994,34.08461227600003],[-84.44746179999999,34.08090023400007],[-84.45724312199997,34.07718741000008],[-84.46702358999994,34.07347380600004],[-84.47680320499995,34.06975942200006],[-84.48658196699995,34.066044257000044],[-84.49635987399995,34.062328312000034],[-84.50613692799999,34.05861158600004],[-84.51591312899996,34.05489408100004],[-84.52568847599997,34.05117579700004],[-84.53546296899998,34.04745673300005],[-84.54523660899997,34.04373688900006],[-84.55500939499996,34.040016266000066],[-84.56478132799998,34.03629486500006],[-84.57455240699994,34.03257268400006],[-84.58432263299994,34.02884972500004],[-84.59409200599998,34.02512598800007],[-84.60386052499996,34.021401472000036],[-84.61362818999999,34.017676178000045],[-84.62339500299998,34.01395010600004],[-84.63316096099999,34.010223257000064],[-84.64292606699996,34.006495630000074],[-84.65269031899999,34.00276722500007],[-84.66245371699995,33.99903804400003],[-84.67221626299994,33.99530808500003],[-84.68197795499998,33.99157734900007],[-84.69173879399995,33.987845837000066],[-84.70149877899996,33.98411354800004],[-84.71125791099996,33.98038048300003],[-84.721016191,33.97664664200005],[-84.73077361599996,33.97291202400004],[-84.74053018899997,33.96917663100004],[-84.75028590799997,33.96544046200006],[-84.76004077499994,33.961703518000036],[-84.76979478799996,33.95796579800003],[-84.77954794799996,33.95422730400003],[-84.78930025499994,33.950488034000045],[-84.79905170799998,33.94674799000006],[-84.80880230899999,33.94300717100003],[-84.81855205699998,33.93926557700007],[-84.82830095099996,33.93552321000004],[-84.83804899299997,33.93178006800008],[-84.84779618199997,33.92803615200006],[-84.85754251699996,33.92429146300003],[-84.867288,33.920546]],[[-84.154196,33.453003],[-84.14929968999996,33.46074524000005],[-84.14440250899997,33.468487277000065],[-84.13950445699999,33.476229111000066],[-84.13460553399995,33.483970741000064],[-84.12970573899997,33.49171216900004],[-84.12480507299995,33.49945339200008],[-84.11990353299996,33.507194413000036],[-84.11500112099998,33.51493522900006],[-84.11009783599997,33.52267584200007],[-84.10519367699999,33.53041625100008],[-84.10028864399999,33.538156456000024],[-84.09538273599998,33.545896457000026],[-84.09047595399994,33.553636254000025],[-84.08556829699995,33.56137584700008],[-84.08065976399996,33.56911523500003],[-84.07575035499997,33.576854420000075],[-84.07084006899998,33.58459339900003],[-84.06592890699994,33.592332174000035],[-84.06101686799997,33.60007074500004],[-84.05610395099995,33.60780911000006],[-84.05119015599996,33.615547271000025],[-84.04627548299999,33.62328522700005],[-84.04135993199998,33.63102297800003],[-84.03644350099995,33.63876052400008],[-84.03152618999997,33.64649786500007],[-84.026608,33.654235]],[[-83.850187,33.555049],[-83.85856028099994,33.549406160000046],[-83.86693247299996,33.54376274900005],[-83.87530357699995,33.53811876700007],[-83.88367359299997,33.53247421300006],[-83.89204252199994,33.526829089000046],[-83.90041036199995,33.52118339500004],[-83.90877711599995,33.51553713000004],[-83.91714278199998,33.50989029400006],[-83.92550736199996,33.50424288900007],[-83.93387085499995,33.49859491400008],[-83.94223326199995,33.49294637000003],[-83.95059458299994,33.48729725600003],[-83.95895481899998,33.48164757300003],[-83.96731396899997,33.47599732100008],[-83.97567203299997,33.47034650000006],[-83.98402901299994,33.46469511000004],[-83.99238490899995,33.45904315200005],[-84.00073971999996,33.45339062600004],[-84.00909344699994,33.447737532000076],[-84.01744608999996,33.442083869000044],[-84.02579764999996,33.43642964000003],[-84.03414812599993,33.43077484200006],[-84.04249751899994,33.425119478000056],[-84.05084582999996,33.41946354600003],[-84.05919305799995,33.413807047000034],[-84.06753920299997,33.408149982000054],[-84.07588426699994,33.402492350000045],[-84.08422824899998,33.396834152000054],[-84.09257114999997,33.39117538800008],[-84.10091296999997,33.385516058000064],[-84.10925370799998,33.37985616200007],[-84.11759336599994,33.37419570000003],[-84.12593194399994,33.368534674000045],[-84.13426944099996,33.36287308200008],[-84.14260585899996,33.35721092500006],[-84.15094119699995,33.35154820300005],[-84.15927545599999,33.345884916000045],[-84.16760863499997,33.340221066000026],[-84.17594073599997,33.33455665100007],[-84.18427175899996,33.328891672000054],[-84.19260170299998,33.323226129000034],[-84.20093056899998,33.317560023000055],[-84.20925835799994,33.31189335300007],[-84.21758506899994,33.30622611900003],[-84.22591070199996,33.300558323000075],[-84.23423525899995,33.29488996400005],[-84.24255873999994,33.289221042000065],[-84.25088114299996,33.283551558000056],[-84.25920247099998,33.27788151200008],[-84.26752272299996,33.27221090300003],[-84.27584189899994,33.26653973200007],[-84.28416,33.260868]],[[-84.867288,33.920546],[-84.85667828299995,33.919295360000035],[-84.84606887699994,33.918043805000025],[-84.83545977999995,33.91679133700006],[-84.82485099499996,33.91553795400006],[-84.81424251999994,33.914283657000055],[-84.80363435499999,33.913028447000045],[-84.79302650299996,33.91177232200005],[-84.78241896099996,33.91051528400004],[-84.77181173099996,33.90925733200004],[-84.76120481299995,33.90799846600004],[-84.75059820599995,33.90673868700003],[-84.73999191199994,33.90547799400008],[-84.72938593099997,33.904216388000066],[-84.71878026099995,33.902953868000054],[-84.70817490499996,33.901690436000024],[-84.69756986099998,33.900426089000064],[-84.68696513099997,33.89916083000003],[-84.67636071399994,33.89789465800004],[-84.66575661099995,33.89662757200006],[-84.65515282099994,33.895359574000054],[-84.64454934599996,33.89409066300004],[-84.63394618399997,33.892820839000024],[-84.62334333699994,33.89155010200005],[-84.61274080499999,33.890278453000064],[-84.60213858699996,33.88900589100007],[-84.59153668399995,33.88773241600006],[-84.58093509699995,33.88645802900004],[-84.57033382499998,33.885182730000054],[-84.55973286799997,33.88390651800006],[-84.54913222799996,33.88262939400005],[-84.53853190299998,33.881351358000074],[-84.52793189399995,33.880072410000025],[-84.51733220199998,33.878792549000025],[-84.50673282699995,33.87751177700005],[-84.49613376799994,33.87623009300006],[-84.48553502599998,33.87494749700005],[-84.47493660199996,33.87366398900008],[-84.46433849499994,33.87237957000008],[-84.45374070499997,33.87109423900006],[-84.44314323299994,33.86980799600008],[-84.43254607899996,33.868520842000066],[-84.42194924399996,33.86723277700003],[-84.41135272699995,33.865943800000025],[-84.40075652799999,33.86465391200005],[-84.39016064799995,33.86336311200006],[-84.37956508699995,33.862071402000026],[-84.36896984599997,33.86077878100008],[-84.35837492399997,33.859485248000055],[-84.34778032099996,33.85819080500005],[-84.33718603799997,33.85689545100007],[-84.32659207599994,33.85559918600006],[-84.31599843299995,33.854302010000026],[-84.30540511099997,33.85300392400006],[-84.29481210899996,33.85170492700007],[-84.28421942799997,33.85040502000004],[-84.27362706799994,33.849104203000024],[-84.26303502999997,33.84780247500004],[-84.25244331299996,33.84649983700007],[-84.24185191699996,33.84519628800007],[-84.23126084299997,33.843891830000075],[-84.22067009099999,33.84258646100005],[-84.21007966199994,33.84128018300004],[-84.19948955399997,33.83997299400005],[-84.18889976999998,33.83866489600007],[-84.17831030799994,33.83735588800005],[-84.16772116899995,33.83604597000004],[-84.15713235299995,33.834735143000046],[-84.14654385999995,33.833423406000065],[-84.13595569199998,33.832110760000035],[-84.12536784699995,33.83079720400008],[-84.11478032599996,33.82948273900007],[-84.10419312899995,33.82816736500007],[-84.09360625599999,33.82685108100003],[-84.08301970799994,33.82553388800005],[-84.07243348499998,33.82421578700007],[-84.06184758699999,33.82289677600005],[-84.05126201399997,33.821576857000025],[-84.040676766,33.82025602900006],[-84.03009184399997,33.81893429100006],[-84.01950724699998,33.817611646000046],[-84.00892297699994,33.81628809100005],[-83.99833903299998,33.81496362900003],[-83.98775541499998,33.813638257000036],[-83.97717212299995,33.812311978000025],[-83.96658915899997,33.81098479000008],[-83.95600652099995,33.80965669300008],[-83.94542420999994,33.808327689000066],[-83.934842227,33.80699777700005],[-83.924260571,33.80566695600004],[-83.913679243,33.80433522800007],[-83.90309824299999,33.80300259100005],[-83.89251757099998,33.801669047000075],[-83.88193722799997,33.80033459500004],[-83.87135721299995,33.79899923600004],[-83.86077752599994,33.797662969000044],[-83.85019816899995,33.79632579400004],[-83.83961913999997,33.79498771200008],[-83.82904044099996,33.79364872300005],[-83.81846207199999,33.79230882600007],[-83.80788403199995,33.79096802300006],[-83.79730632199994,33.78962631200005],[-83.78672894199997,33.78828369400003],[-83.77615189199997,33.78694016900005],[-83.76557517299995,33.78559573700005],[-83.75499878399995,33.78425039800004],[-83.74442272699997,33.78290415200007],[-83.733847,33.781557]],[[-84.026608,33.654235],[-84.02009474999994,33.66130499700006],[-84.01358043299996,33.66837464300005],[-84.00706505199997,33.67544393800006],[-84.00054860299997,33.68251288000005],[-83.99403108799999,33.68958147200004],[-83.98751250599997,33.69664971100008],[-83.98099285599994,33.703717598000026],[-83.97447213899994,33.71078513300006],[-83.96795035299994,33.71785231500007],[-83.96142749799998,33.72491914500006],[-83.95490357399996,33.731985622000025],[-83.94837857999994,33.739051747000076],[-83.94185251599998,33.74611751800006],[-83.93532538199997,33.753182937000076],[-83.92879717699998,33.760248002000026],[-83.92226790099994,33.767312713000024],[-83.91573755299999,33.77437707200005],[-83.90920613399999,33.78144107600008],[-83.90267364099998,33.78850472700003],[-83.89614007599994,33.795568023000044],[-83.889605438,33.80263096600004],[-83.88306972599997,33.809693554000035],[-83.87653293899996,33.81675578800008],[-83.86999507899998,33.82381766700007],[-83.86345614299995,33.830879191000065],[-83.85691613199998,33.83794036100005],[-83.85037504499996,33.84500117500005],[-83.84383288199996,33.85206163400005],[-83.83728964299996,33.859121738000056],[-83.83074532599994,33.86618148700006],[-83.82419993299999,33.873240880000026],[-83.81765346099996,33.88029991700006],[-83.81110591099997,33.88735859800005],[-83.80455728299995,33.89441692300005],[-83.79800757499999,33.90147489200007],[-83.79145678899994,33.90853250400005],[-83.78490492199995,33.915589760000046],[-83.77835197499996,33.922646659000065],[-83.77179794699998,33.92970320100005],[-83.76524283799995,33.93675938700005],[-83.75868664799998,33.94381521500003],[-83.75212937599997,33.95087068600003],[-83.74557102199998,33.957925799000066],[-83.73901158399997,33.96498055500007],[-83.73245106399997,33.97203495300005],[-83.72588945999996,33.97908899400005],[-83.71932677199999,33.98614267600004],[-83.712763,33.993196]],[[-84.28416,33.260868],[-84.28870660999996,33.26895308100006],[-84.29325405899993,33.27703798500005],[-84.29780234499998,33.28512271200003],[-84.30235147099995,33.29320726200007],[-84.30690143499999,33.30129163500004],[-84.31145223999994,33.30937583100007],[-84.31600388399994,33.317459850000034],[-84.32055636799998,33.325543691000064],[-84.32510969399993,33.33362735500003],[-84.32966385999998,33.341710842000055],[-84.33421886799994,33.349794151000026],[-84.33877471799997,33.35787728200006],[-84.34333141099995,33.365960236000035],[-84.34788894599996,33.37404301200007],[-84.35244732399997,33.38212560900007],[-84.35700654599998,33.390208029000064],[-84.361566612,33.398290271000064],[-84.36612752199994,33.40637233500007],[-84.37068927699994,33.41445422000004],[-84.37525187699998,33.42253592800006],[-84.37981532199996,33.43061745600005],[-84.38437961399995,33.43869880700004],[-84.38894475199999,33.44677997800005],[-84.39351073599994,33.45486097100007],[-84.39807756799996,33.462941786000044],[-84.40264524699995,33.47102242100004],[-84.40721377399996,33.47910287800005],[-84.41178314899997,33.48718315600007],[-84.41635337399998,33.495263254000065],[-84.42092444699995,33.503343174000065],[-84.42549636999996,33.511422914000036],[-84.43006914199998,33.519502475000024],[-84.43464276499998,33.52758185700003],[-84.43921723899996,33.53566105900006],[-84.44379256399998,33.54374008100007],[-84.44836873999998,33.55181892400003],[-84.45294576899994,33.55989758700008],[-84.45752364899994,33.56797607100003],[-84.46210238299994,33.57605437400008],[-84.46668196899998,33.58413249800003],[-84.47126240899996,33.59221044100008],[-84.47584370299995,33.60028820400004],[-84.48042585199994,33.608365787000025],[-84.485008855,33.61644319000004],[-84.48959271299998,33.62452041200004],[-84.49417742699995,33.63259745400006],[-84.49876299699997,33.64067431500007],[-84.50334942299997,33.64875099600005],[-84.50793670499996,33.65682749600006],[-84.51252484499997,33.66490381500006],[-84.51711384299995,33.67297995300004],[-84.52170369799995,33.681055910000055],[-84.52629441199997,33.68913168600005],[-84.53088598499994,33.69720728100003],[-84.53547841699998,33.70528269500005],[-84.54007170799997,33.71335792700006],[-84.54466585999995,33.72143297800005],[-84.54926087099994,33.729507848000026],[-84.55385674399997,33.73758253600005],[-84.558453478,33.74565704200006],[-84.56305107299994,33.75373136600007],[-84.56764953099997,33.761805509000055],[-84.57224885099998,33.769879470000035],[-84.57684903299997,33.777953248000074],[-84.58145007899998,33.78602684500004],[-84.58605198899994,33.79410025900006],[-84.59065476199999,33.802173491000076],[-84.59525839999998,33.810246541000026],[-84.59986290299997,33.818319409000026],[-84.60446827199996,33.82639209400003],[-84.60907450499997,33.83446459600003],[-84.61368160499995,33.84253691500004],[-84.61828957199998,33.85060905200004],[-84.62289840499994,33.85868100600004],[-84.62750810599994,33.866752777000045],[-84.63211867399997,33.87482436500005],[-84.63673011099996,33.88289577000006],[-84.64134241599999,33.890966992000074],[-84.64595558999997,33.89903803000004],[-84.65056963299998,33.90710888500007],[-84.65518454599999,33.915179557000044],[-84.65980032899995,33.92325004500003],[-84.66441698299997,33.93132034900003],[-84.66903450799998,33.939390470000035],[-84.67365290399994,33.94746040700005],[-84.67827217199994,33.95553016000002],[-84.68289231299997,33.963599729000066],[-84.68751332599999,33.971669114000065],[-84.69213521199998,33.97973831500008],[-84.69675797099995,33.987807332000045],[-84.70138160399995,33.99587616400004],[-84.70600611199995,34.00394481200004],[-84.71063149399998,34.01201327500007],[-84.71525775199996,34.02008155400006],[-84.71988488399995,34.02814964800007],[-84.72451289299994,34.03621755800003],[-84.72914177799998,34.04428528300008],[-84.73377153999996,34.052352822000046],[-84.738402179,34.060420177000026],[-84.74303369599994,34.06848734700003],[-84.74766609099999,34.07655433100007],[-84.75229936399995,34.08462113000007],[-84.75693351499996,34.092687744000045],[-84.76156854699997,34.10075417300004],[-84.76620445699996,34.108820415000025],[-84.77084124799995,34.11688647300008],[-84.77547891899997,34.124952344000064],[-84.78011747199997,34.13301803000007],[-84.78475690499994,34.14108353000006],[-84.78939721999996,34.149148844000024],[-84.79403841799996,34.15721397200008],[-84.79868049699996,34.165278914000055],[-84.80332345999994,34.173343669000076],[-84.80796730699996,34.18140823900006],[-84.81261203699995,34.18947262200004],[-84.81725765099998,34.19753681800006],[-84.82190414999997,34.20560082800006],[-84.82655153399998,34.213664651000045],[-84.83119980299995,34.221728288000065],[-84.83584895799999,34.22979173700003],[-84.840499,34.237855]],[[-83.733847,33.781557],[-83.74446855399998,33.78004951200006],[-83.75508973599995,33.77854111000005],[-83.76571054599998,33.77703179300005],[-83.77633098299998,33.77552156200005],[-83.78695104699995,33.77401041600007],[-83.79757073899998,33.77249835600003],[-83.80819005599994,33.77098538200005],[-83.81880900099998,33.76947149400007],[-83.82942757199999,33.76795669300003],[-83.84004576899997,33.76644097700006],[-83.85066359199999,33.76492434700003],[-83.86128104099998,33.763406804000056],[-83.87189811599995,33.761888347000024],[-83.88251481599997,33.76036897700004],[-83.89313114199996,33.75884869300006],[-83.90374709199995,33.75732749500003],[-83.91436266699998,33.75580538500003],[-83.92497786699994,33.75428236100004],[-83.93559269199994,33.752758424000035],[-83.94620714099995,33.751233574000025],[-83.95682121399994,33.749707811000064],[-83.96743491099994,33.74818113600003],[-83.97804823099995,33.74665354700005],[-83.98866117599994,33.745125046000055],[-83.99927374299995,33.74359563200005],[-84.00988593399995,33.74206530600003],[-84.02049774799997,33.740534067000056],[-84.03110918399994,33.73900191600006],[-84.04172024299999,33.73746885200006],[-84.05233092499998,33.735934877000034],[-84.06294122799994,33.73439998900005],[-84.07355115399997,33.732864189000054],[-84.08416070199996,33.731327477000036],[-84.09476987099998,33.729789854000046],[-84.10537866199996,33.72825131800005],[-84.11598707399997,33.72671187100008],[-84.12659510699996,33.72517151300008],[-84.13720276099997,33.72363024200007],[-84.14781003599995,33.72208806100008],[-84.15841693099998,33.72054496800007],[-84.16902344699997,33.71900096400003],[-84.17962958199996,33.71745604800003],[-84.19023533799998,33.71591022200005],[-84.20084071399998,33.714363484000046],[-84.21144570899997,33.71281583600006],[-84.22205032299996,33.71126727700005],[-84.23265455699999,33.70971780700006],[-84.24325840999995,33.708167426000045],[-84.25386188099998,33.70661613500005],[-84.26446497099994,33.705063933000076],[-84.27506767999995,33.703510821000066],[-84.28567000699996,33.70195679900007],[-84.29627195199998,33.70040186600005],[-84.30687351499995,33.698846023000044],[-84.31747469499999,33.697289270000056],[-84.32807549399996,33.69573160700003],[-84.33867590899996,33.69417303500006],[-84.34927594199996,33.69261355200007],[-84.35987559099993,33.691053160000024],[-84.37047485799997,33.68949185800005],[-84.38107373999998,33.68792964600004],[-84.39167223999993,33.68636652500004],[-84.40227035499998,33.68480249500004],[-84.41286808699994,33.68323755500006],[-84.42346543399998,33.68167170600003],[-84.43406239699993,33.680104948000064],[-84.44465897599997,33.67853728100005],[-84.45525516999999,33.676968705000036],[-84.46585097899998,33.67539922000003],[-84.47644640299995,33.67382882700008],[-84.48704144099997,33.67225752400003],[-84.49763609399997,33.670685314000025],[-84.50823036199995,33.669112194000036],[-84.51882424299998,33.66753816600004],[-84.52941773899994,33.665963230000045],[-84.54001084799995,33.664387386000044],[-84.55060357099995,33.66281063300005],[-84.56119590799995,33.66123297200005],[-84.57178785699995,33.65965440300005],[-84.58237941999994,33.65807492700003],[-84.59297059599999,33.656494542000075],[-84.60356138399999,33.65491325000005],[-84.614151785,33.65333105000008],[-84.62474179799995,33.65174794300003],[-84.63533142299997,33.65016392800004],[-84.64592065999994,33.648579005000045],[-84.65650950899999,33.646993176000024],[-84.66709796999999,33.645406439000055],[-84.67768604199995,33.64381879500007],[-84.68827372499999,33.642230244000075],[-84.69886101899993,33.64064078600006],[-84.70944792399996,33.639050421000036],[-84.72003443899996,33.63745914900005],[-84.73062056499998,33.63586697100004],[-84.74120630199997,33.634273886000074],[-84.75179164799994,33.632679894000034],[-84.76237660499999,33.63108499700007],[-84.77296117099996,33.62948919200005],[-84.78354534599998,33.62789248200005],[-84.79412913099998,33.626294865000034],[-84.80471252599995,33.62469634200005],[-84.81529552899997,33.62309691300004],[-84.82587814099998,33.62149657900005],[-84.83646036199997,33.61989533800005],[-84.84704219099996,33.61829319200007],[-84.85762362799994,33.61669014000006],[-84.86820467399997,33.61508618200003],[-84.87878532699995,33.61348131900007],[-84.88936558799998,33.611875551000026],[-84.89994607905051,33.61026841025328],[-84.91052557975698,33.60866081947853],[-84.92110468747993,33.607052322695495],[-84.9316834022194,33.605442920904274],[-84.94226172397543,33.60383261410469],[-84.95283965274804,33.602221402296905],[-84.96341718753722,33.6006092854808],[-84.97399432834294,33.59899626465642],[-84.98457107516529,33.5973823388237],[-84.99514742900425,33.59576750898269],[-85.00572338439609,33.5941517715079],[-85.0162989419404,33.5925351277015],[-85.0268741055968,33.59091757876138],[-85.03744887436535,33.58929912668733],[-85.04802324824612,33.587679769479344],[-85.05859722723933,33.58605950913729],[-85.06917081034493,33.58443834366109],[-85.07974399856306,33.582816275050554]],[[-83.712763,33.993196],[-83.72107417199999,33.98743159000003],[-83.72938422099998,33.98166661400006],[-83.73769314899994,33.97590107100007],[-83.74600095499994,33.97013496100004],[-83.754307639,33.964368286000024],[-83.76261320299994,33.958601044000034],[-83.77091764499994,33.95283323700005],[-83.77922096799995,33.947064864000026],[-83.78752316899994,33.941295926000066],[-83.79582425099994,33.935526423000056],[-83.80412421299997,33.92975635400006],[-83.81242305599994,33.923985721000065],[-83.82072077999999,33.918214524000064],[-83.82901738399994,33.91244276200007],[-83.83731287099994,33.906670435000024],[-83.84560723899995,33.90089754500008],[-83.85390048899995,33.89512409100007],[-83.86219262099996,33.88935007400005],[-83.87048363599996,33.88357549300002],[-83.87877353399995,33.87780034900004],[-83.88706231499998,33.87202464100005],[-83.89534997899995,33.86624837100004],[-83.90363652799994,33.86047153900006],[-83.91192195999997,33.854694144000064],[-83.92020627699998,33.848916186000054],[-83.92848947799996,33.843137667000065],[-83.93677156399997,33.83735858600005],[-83.94505253499995,33.83157894300007],[-83.95333239199994,33.82579873900005],[-83.96161113399995,33.82001797400005],[-83.96988876199998,33.81423664700003],[-83.97816527699996,33.808454760000075],[-83.98644067899994,33.80267231200003],[-83.99471496699994,33.79688930300006],[-84.00298814199994,33.79110573400004],[-84.01126020499999,33.785321605000036],[-84.01953115599997,33.77953691600004],[-84.02780099399996,33.773751668000045],[-84.036069721,33.76796586000006],[-84.04433733699994,33.762179493000076],[-84.05260384099995,33.756392566000045],[-84.06086923499998,33.75060508100006],[-84.06913351799994,33.744817037000075],[-84.077396691,33.73902843400003],[-84.08565875399995,33.73323927300004],[-84.09391970699994,33.72744955400003],[-84.10217954999996,33.72165927700007],[-84.11043828499999,33.715868442000044],[-84.11869591099997,33.71007705000005],[-84.12695242799998,33.70428510000005],[-84.13520783699994,33.698492593000026],[-84.14346213799996,33.69269952900004],[-84.15171533099993,33.686905909000075],[-84.15996741699996,33.681111731000044],[-84.16821839599999,33.67531699800003],[-84.17646826799995,33.66952170800005],[-84.18471703299997,33.663725862000035],[-84.19296469299996,33.65792946000005],[-84.20121124599996,33.652132503000075],[-84.20945669299994,33.64633499000007],[-84.21770103499995,33.640536922000024],[-84.22594427199994,33.63473829900005],[-84.23418640399996,33.62893912100003],[-84.24242743199994,33.62313938800003],[-84.25066735499996,33.61733910100003],[-84.25890617399995,33.61153826000003],[-84.26714388999994,33.60573686400005],[-84.27538050199996,33.59993491500006],[-84.28361601099994,33.59413241200008],[-84.29185041799997,33.58832935600003],[-84.30008372099996,33.582525746000044],[-84.30831592299995,33.57672158300005],[-84.31654702199995,33.57091686700005],[-84.32477701999994,33.565111598000044],[-84.333005916,33.55930577700008],[-84.34123371199996,33.553499403000046],[-84.34946040599993,33.547692478000045],[-84.357686,33.541885]],[[-84.840499,34.237855],[-84.83404226099998,34.23063302700007],[-84.82758662499998,34.22341070600004],[-84.82113209099998,34.21618803700005],[-84.81467865799993,34.20896501900006],[-84.80822632599995,34.201741654000045],[-84.80177509499998,34.19451794100007],[-84.79532496399997,34.18729388000003],[-84.78887593199994,34.180069471000024],[-84.782428,34.17284471500005],[-84.77598116699994,34.16561961200006],[-84.76953543199994,34.158394162000036],[-84.76309079499998,34.151168365000046],[-84.75664725499996,34.14394222100003],[-84.75020481299998,34.13671573000005],[-84.74376346699995,34.12948889300003],[-84.73732321799997,34.12226171000003],[-84.73088406399995,34.115034180000066],[-84.72444600599994,34.107806305000054],[-84.71800904299994,34.10057808300007],[-84.71157317399997,34.093349516000046],[-84.70513839999995,34.08612060300004],[-84.69870471899998,34.078891345000045],[-84.69227213099998,34.07166174100007],[-84.68584063599997,34.06443179300004],[-84.67941023299994,34.05720149900003],[-84.67298092199997,34.04997086000003],[-84.66655270299998,34.04273987700003],[-84.66012557499994,34.03550854900004],[-84.65369953799996,34.02827687700005],[-84.64727458999994,34.021044861000064],[-84.64085073299998,34.01381250000003],[-84.63442796399994,34.00657979500005],[-84.62800628499997,33.99934674700006],[-84.62158569399998,33.99211335500007],[-84.61516619199995,33.984879619000026],[-84.60874777599997,33.977645540000026],[-84.60233044799998,33.97041111800007],[-84.59591420699996,33.96317635300005],[-84.58949905199995,33.955941245000076],[-84.58308498299994,33.948705794000034],[-84.576672,33.94147]],[[-85.07974399856306,33.582816275050554],[-85.07161090111327,33.57694544938887],[-85.06347890435116,33.571074085099795],[-85.05534800827672,33.56520218118336],[-85.04721821188994,33.55932973763948],[-85.03908951619088,33.55345675546819],[-85.03096192017956,33.547583233669464],[-85.02283542285599,33.54170917424327],[-85.01471002622019,33.53583457518954],[-85.00658572727217,33.52995943850829],[-84.99846252638075,33.52408376309794],[-84.99034042163349,33.51820754513754],[-84.98221941484012,33.51233078819991],[-84.97409950600063,33.506453494285005],[-84.96598069511498,33.50057566139295],[-84.95786299045787,33.49469728310294],[-84.949746383221,33.488818366078824],[-84.94163087236859,33.48293891235806],[-84.93351645790055,33.47705892194075],[-84.925403138817,33.471178394826815],[-84.91729091411797,33.46529733201623],[-84.90917978580357,33.45941573250898],[-84.90106975187366,33.45353359730504],[-84.89296081232847,33.44765092740444],[-84.88485229699995,33.44176827900003],[-84.87674555999996,33.43588453600006],[-84.86863991799999,33.430000257000074],[-84.860535369,33.42411544400005],[-84.85243191399996,33.41823009500007],[-84.84432955199998,33.41234421100006],[-84.83622828299997,33.40645779300007],[-84.82812810699994,33.40057084000006],[-84.82002902299996,33.39468335300006],[-84.81193103099997,33.38879533200003],[-84.80383413199996,33.38290677700007],[-84.79573832299997,33.377017688000024],[-84.78764360599996,33.37112806600004],[-84.77954997999996,33.365237910000076],[-84.77145744499995,33.35934722200005],[-84.763366,33.353456]],[[-84.4762,34.243933],[-84.46773171299998,34.24950906000004],[-84.45926230899994,34.25508453100008],[-84.45079178699996,34.26065941100006],[-84.44232014799996,34.26623370100003],[-84.43384739099997,34.27180739900007],[-84.42537351599998,34.27738050800008],[-84.41689852199994,34.28295302400005],[-84.40842240999996,34.28852495000007],[-84.39994517799994,34.294096284000034],[-84.39146682799998,34.299667027000055],[-84.38298735799998,34.30523717700004],[-84.37450676799995,34.310806736000075],[-84.36602505799993,34.31637570200007],[-84.35754222799994,34.32194407600008],[-84.34905827699998,34.32751185700005],[-84.34057320499994,34.333079045000034]],[[-84.34057320499994,34.333079045000034],[-84.33208701299998,34.33864564000004],[-84.32359969899994,34.34421164200006]],[[-84.32359969899994,34.34421164200006],[-84.31511126299995,34.349777051000046],[-84.30662170599999,34.35534186600006],[-84.29813102699995,34.36090608600006],[-84.28963922499997,34.36646971300007],[-84.28114629999999,34.37203274600006],[-84.272652253,34.37759518400003],[-84.26415708199994,34.38315702700004],[-84.25566078799994,34.38871827600008],[-84.24716336999995,34.39427892900005],[-84.23866482799997,34.399838988000056],[-84.23016516199993,34.405398450000064],[-84.22166437199996,34.410957317000054],[-84.21316245699995,34.41651558900003],[-84.20465941599997,34.42207326400006],[-84.19615525099994,34.42763034300003],[-84.18764995999999,34.433186825000064],[-84.17914354299995,34.43874271100003],[-84.170636,34.444298]],[[-84.357686,33.541885],[-84.35317075799998,33.549806216000036],[-84.34865469199997,33.55772725800006],[-84.34413780199998,33.56564812500005],[-84.33962008599997,33.57356881700008],[-84.33510154599998,33.581489333000036],[-84.33058217899998,33.58940967500007],[-84.32606198699995,33.59732984100003],[-84.32154096899995,33.60524983200003],[-84.31701912299997,33.61316964700006],[-84.31249644999997,33.621089287000075],[-84.30797294999996,33.62900875200006],[-84.30344862199996,33.63692804100003],[-84.29892346599996,33.64484715400005],[-84.29439748099998,33.652766091000046],[-84.28987066599996,33.66068485300008],[-84.28534302299994,33.66860343800005],[-84.28081454899996,33.67652184700006],[-84.27628524599999,33.68444008100005],[-84.27175511099995,33.69235813800003],[-84.267224146,33.70027601900006],[-84.26269234899996,33.70819372300008],[-84.25815972099997,33.71611125100003],[-84.25362625999998,33.72402860300008],[-84.24909196699997,33.73194577800007],[-84.24455684099996,33.73986277600005],[-84.24002088199995,33.74777959700003],[-84.23548408899995,33.755696242000056],[-84.23094646199996,33.76361270900003],[-84.226408,33.771529]],[[-84.576672,33.94147],[-84.58266490299997,33.933985610000036],[-84.58865675699997,33.926500918000045],[-84.59464756299997,33.91901592700003],[-84.60063732199995,33.91153063400003],[-84.60662603399999,33.904045042000064],[-84.61261369799996,33.89655914900004],[-84.61860031699996,33.889072956000064],[-84.62458588899995,33.881586463000076],[-84.63057041599996,33.87409967100007],[-84.63655389799999,33.86661257900005],[-84.64253633599998,33.859125187000075],[-84.64851772899993,33.85163749600002],[-84.65449807899995,33.844149505000075],[-84.66047738499998,33.83666121500005],[-84.66645564899994,33.82917262700005],[-84.67243286999997,33.821683739000036],[-84.67840904999997,33.81419455300005],[-84.68438418699998,33.80670506800004],[-84.69035828399996,33.79921528500006],[-84.69633133999997,33.791725203000055],[-84.70230335599996,33.78423482300008],[-84.70827433199997,33.776744145000066],[-84.71424426899995,33.769253169000024],[-84.72021316599995,33.76176189600005],[-84.72618102599995,33.75427032400006],[-84.73214784699996,33.746778455000026],[-84.73811363099998,33.73928628900006],[-84.74407837699994,33.73179382500007],[-84.75004208699994,33.72430106400003],[-84.75600475999994,33.716808006000065],[-84.76196639799997,33.709314652000046],[-84.767927,33.701821]],[[-84.763366,33.353456],[-84.75302005299994,33.355793222000045],[-84.74267355299997,33.35812958100007],[-84.73232649999994,33.36046507700007],[-84.72197889499995,33.36279971000005],[-84.71163073699995,33.365133480000054],[-84.70128202599994,33.367466386000046],[-84.69093276399997,33.369798428000024],[-84.68058294899998,33.37212960700003],[-84.67023258199998,33.37445992200003],[-84.65988166299996,33.376789373000065],[-84.64953019199999,33.37911796000003],[-84.639178169,33.38144568300004],[-84.62882559499997,33.38377254200003],[-84.61847246999997,33.38609853600008],[-84.60811879299996,33.38842366600005],[-84.59776456499998,33.39074793100008],[-84.58740978599997,33.393071331000044],[-84.57705445699997,33.39539386700005],[-84.56669857599996,33.39771553700007],[-84.55634214499997,33.40003634300007],[-84.54598516299995,33.402356283000074],[-84.53562763099995,33.40467535700003],[-84.52526954799998,33.40699356700003],[-84.51491091499997,33.409310910000045],[-84.50455173299997,33.411627388000056],[-84.494192,33.413943]],[[-84.170636,34.444298],[-84.16880680299994,34.43554715700003],[-84.16697798699994,34.42679627500007],[-84.16514955299994,34.418045352000036],[-84.16332149899995,34.40929439000007],[-84.16149382599997,34.400543388000074],[-84.15966653299995,34.391792346000045],[-84.15783962099994,34.38304126400004],[-84.15601308899994,34.37429014200006],[-84.15418693599997,34.36553898100004],[-84.15236116399996,34.35678778000005],[-84.15053577099997,34.34803653900008],[-84.14871075699995,34.339285258000075],[-84.14688612199996,34.33053393800003],[-84.14506186599993,34.32178257800007],[-84.14323798899994,34.313031178000074],[-84.14141448999999,34.30427973800005],[-84.13959136999995,34.29552825900004],[-84.13776862699996,34.28677674000005],[-84.13594626299994,34.27802518200008],[-84.13412427599997,34.269273584000075],[-84.13230266699998,34.26052194600004],[-84.13048143499998,34.251770269000076],[-84.12866057999997,34.243018552000024],[-84.12684010099997,34.23426679600004],[-84.12502,34.225515]],[[-84.226408,33.771529],[-84.23686711899995,33.77235279800004],[-84.24732643799996,33.77317571000003],[-84.25778595699995,33.77399773500008],[-84.26824567599994,33.77481887400006],[-84.27870559499996,33.775639126000044],[-84.28916571199994,33.77645849100003],[-84.29962602899997,33.77727697000006],[-84.31008654399994,33.778094562000035],[-84.32054725799998,33.77891126700007],[-84.33100817099995,33.77972708500005],[-84.34146928199993,33.78054201600003],[-84.35193059099998,33.781356061000054],[-84.36239209699994,33.782169218000035],[-84.37285380199995,33.782981489000065],[-84.38331570399998,33.78379287200005],[-84.39377780199999,33.784603368000035],[-84.40424009799995,33.78541297800007],[-84.41470259099998,33.786221700000056],[-84.42516528099998,33.787029534000055],[-84.43562816599996,33.787836482000046],[-84.44609124799996,33.78864254200005],[-84.456554526,33.78944771500005],[-84.467018,33.790252]],[[-84.767927,33.701821],[-84.75803265299999,33.70531598700006],[-84.74813750499999,33.70881018000006],[-84.73824155499995,33.712303579000036],[-84.72834480399996,33.715796182000076],[-84.71844725099999,33.719287990000055],[-84.70854889699996,33.722779004000074],[-84.69864974199999,33.72626922200004],[-84.68874978599996,33.72975864400007],[-84.67884902799995,33.73324727100004],[-84.66894746899999,33.73673510100008],[-84.65904510799999,33.74022213600006],[-84.64914194699998,33.74370837500004],[-84.63923798399998,33.74719381700004],[-84.62933321899999,33.75067846300004],[-84.61942765399994,33.75416231200006],[-84.60952128699995,33.75764536500003],[-84.59961411899997,33.761127620000025],[-84.58970614999998,33.764609078000035],[-84.57979737999995,33.76808973900006],[-84.56988780799998,33.771569602000056],[-84.55997743599994,33.77504866700008],[-84.55006626199997,33.77852693500006],[-84.54015428699995,33.782004405000066],[-84.53024151099999,33.78548107600005],[-84.52032793399997,33.78895694900007],[-84.51041355599995,33.79243202400005],[-84.50049837599994,33.79590630000007],[-84.49058239599998,33.79937977700007],[-84.48066561499996,33.80285245500005],[-84.47074803199996,33.80632433400007],[-84.46082964899995,33.809795413000074],[-84.45091046399995,33.81326569300006],[-84.44099047799995,33.81673517300004],[-84.43106969199994,33.820203854000056],[-84.42114810499999,33.82367173400007],[-84.411225716,33.82713881400008],[-84.40130252699998,33.83060509400008],[-84.391378536,33.834070573000076],[-84.38145374499999,33.837535252000066],[-84.37152815299999,33.84099913000006],[-84.36160175999999,33.84446220600006],[-84.35167456699998,33.84792448200005],[-84.34174657199998,33.85138595600006],[-84.33181777599998,33.854846628000075],[-84.32188817999997,33.85830649900004],[-84.31195778299997,33.86176556800007],[-84.30202658499996,33.86522383500005],[-84.29209458699995,33.86868130000005],[-84.28216178699995,33.87213796200007],[-84.27222818699994,33.87559382200004],[-84.26229378599999,33.87904887900004],[-84.25235858499997,33.88250313300006],[-84.24242258299995,33.88595658400004],[-84.23248578,33.88940923200005],[-84.22254817699996,33.89286107700008],[-84.21260977299994,33.896312118000026],[-84.20267056799997,33.899762355000064],[-84.19273056299994,33.90321178800008],[-84.18278975699997,33.90666041800006],[-84.17284814999994,33.910108243000025],[-84.16290574299995,33.913555264000024],[-84.15296253599996,33.91700148000007],[-84.14301852799997,33.92044689100004],[-84.13307371899998,33.923891498000046],[-84.12312811099997,33.92733530000004],[-84.11318170099997,33.93077829600003],[-84.10323449099997,33.93422048700006],[-84.09328648099995,33.937661872000035],[-84.08333767099998,33.94110245200005],[-84.07338805999996,33.94454222600007],[-84.063437648,33.94798119300003],[-84.05348643699995,33.95141935500004],[-84.04353442499996,33.95485671000006],[-84.03358161299997,33.958293258000026],[-84.023628,33.961729]],[[-84.494192,33.413943],[-84.48858251899998,33.421546575000036],[-84.48297205999995,33.42914988600006],[-84.47736062299998,33.43675293500007],[-84.47174820599997,33.44435572000003],[-84.46613481099996,33.45195824100006],[-84.46052043599997,33.459560500000066],[-84.45490507999995,33.467162494000036],[-84.449288745,33.47476422500006],[-84.44367142799996,33.48236569200003],[-84.43805312999996,33.489966895000066],[-84.43243384999994,33.49756783400005],[-84.42681358799996,33.50516850900004],[-84.42119234299997,33.51276891900005],[-84.41557011599997,33.52036906500007],[-84.40994690399998,33.527968946000044],[-84.40432270899998,33.53556856300003],[-84.39869752999994,33.543167915000026],[-84.39307136599996,33.55076700200004],[-84.38744421699994,33.55836582400008],[-84.38181608199994,33.56596438100007],[-84.37618696099997,33.57356267200004],[-84.37055685399997,33.581160698000076],[-84.36492575999995,33.588758459000076],[-84.35929367899996,33.596355954000046],[-84.35366060999996,33.603953183000044],[-84.34802655299995,33.61155014600007],[-84.34239150699995,33.619146844000056],[-84.33675547199994,33.626743275000024],[-84.33111844799998,33.634339440000076],[-84.32548043499997,33.64193533800005],[-84.31984143099999,33.64953097100005],[-84.31420143599996,33.65712633600003],[-84.30856044999996,33.66472143500005],[-84.30291847299998,33.67231626700004],[-84.29727550399997,33.679910832000076],[-84.29163154199995,33.687505130000034],[-84.28598658799996,33.69509916100003],[-84.28034063999996,33.702692925000065],[-84.27469369899995,33.710286421000035],[-84.26904576399994,33.71787965000004],[-84.26339683399993,33.72547261100004],[-84.25774690999998,33.733065304000036],[-84.25209598999999,33.74065772900008],[-84.24644407399995,33.74824988600005],[-84.24079116199994,33.75584177600007],[-84.23513725299995,33.76343339600004],[-84.22948234799998,33.77102474900005],[-84.22382644499999,33.77861583300006],[-84.21816954399998,33.786206648000075],[-84.21251164399996,33.793797195000025],[-84.20685274599998,33.801387473000034],[-84.20119284899994,33.808977482000046],[-84.19553195199995,33.81656722200006],[-84.18987005499997,33.82415669200003],[-84.18420715799994,33.83174589300006],[-84.17854325899998,33.83933482500004],[-84.17287835999997,33.846923487000026],[-84.16721245799994,33.854511880000075],[-84.16154555499998,33.862100002000034],[-84.155877649,33.86968785500005],[-84.15020873899994,33.87727543800003],[-84.14453882699996,33.884862750000025],[-84.13886790999999,33.892449792000036],[-84.13319598899994,33.90003656400006],[-84.12752306299996,33.90762306500005],[-84.12184913199997,33.91520929600006],[-84.11617419599997,33.92279525500004],[-84.11049825299995,33.930380944000035],[-84.10482130399998,33.937966362000054],[-84.09914334799998,33.94555150900004],[-84.09346438499995,33.95313638400006],[-84.08778441399994,33.96072098800005],[-84.08210343399998,33.96830532000007],[-84.07642144599998,33.97588938100006],[-84.07073844899998,33.983473170000025],[-84.06505444199996,33.99105668800007],[-84.05936942599999,33.99863993300005],[-84.05368339899996,34.00622290600006],[-84.04799636099995,34.01380560700005],[-84.04230831199999,34.02138803500003],[-84.03661925199998,34.02897019100004],[-84.03092917899994,34.03655207500003],[-84.02523809399997,34.04413368500008],[-84.01954599499999,34.05171502300004],[-84.01385288399996,34.05929608800005],[-84.00815875799998,34.06687688000005],[-84.00246361799998,34.07445739800005],[-83.99676746399996,34.082037644000025],[-83.99107029399994,34.089617615000066],[-83.98537210899997,34.09719731300004],[-83.97967290799994,34.104776738000055],[-83.97397268999998,34.11235588900007],[-83.96827145499998,34.11993476500004],[-83.96256920299999,34.12751336800005],[-83.95686593399995,34.135091696000075],[-83.95116164599995,34.14266975000004],[-83.94545633899997,34.15024753000006],[-83.93975001399997,34.15782503500003],[-83.93404266899995,34.16540226600006],[-83.92833430399997,34.17297922100005],[-83.92262491799994,34.18055590200004],[-83.91691451199995,34.188132307000046],[-83.91120308499995,34.195708438000054],[-83.90549063599997,34.203284293000024],[-83.89977716499999,34.21085987300006],[-83.89406267099997,34.21843517700006],[-83.88834715399997,34.22601020500008],[-83.88263061399994,34.23358495800005],[-83.87691304999998,34.24115943500004],[-83.87119446099996,34.248733636000054],[-83.86547484799996,34.25630756000004],[-83.85975420999995,34.26388120800004],[-83.85403254599998,34.27145458000007],[-83.84830985599996,34.279027676000055],[-83.84258613999998,34.28660049400003],[-83.83686139599996,34.294173036000075],[-83.83113562499994,34.30174530100004],[-83.825408827,34.309317289000035],[-83.819681,34.316889]],[[-84.12502,34.225515],[-84.12536229599993,34.21653290000006],[-84.12570451999994,34.20755078700006],[-84.12604666999994,34.198568659000045],[-84.12638874899994,34.189586517000066],[-84.12673075499998,34.180604361000064],[-84.12707268799994,34.17162219000005],[-84.12741454899998,34.16264000600006],[-84.12775633699994,34.15365780800005],[-84.12809805299997,34.144675595000024],[-84.12843969699998,34.135693368000034],[-84.12878126899994,34.12671112700008],[-84.12912276799995,34.11772887300003],[-84.12946419499997,34.10874660400003],[-84.12980554999996,34.09976432000008],[-84.13014683299997,34.09078202300003],[-84.13048804299996,34.08179971200008],[-84.13082918199996,34.072817386000054],[-84.13117024899998,34.063835047000055],[-84.13151124299998,34.05485269300004],[-84.13185216599999,34.04587032500007],[-84.13219301699996,34.03688794300007],[-84.13253379599996,34.027905548000035],[-84.13287450299998,34.01892313800005],[-84.13321513899996,34.00994071300005],[-84.13355570299996,34.00095827500007],[-84.13389619499998,33.991975823000075],[-84.13423661499996,33.982993357000055],[-84.13457696399996,33.97401087600008],[-84.13491724099998,33.96502838200007],[-84.13525744699996,33.95604587300005],[-84.13559758099996,33.947063350000064],[-84.13593764399997,33.938080814000045],[-84.13627763499994,33.92909826300007],[-84.13661755499999,33.920115698000075],[-84.13695740399999,33.911133119000056],[-84.13729718099995,33.90215052600007],[-84.13763688699999,33.893167919000064],[-84.13797652199997,33.884185298000034],[-84.13831608599997,33.87520266300004],[-84.13865557799994,33.86622001400008],[-84.13899499899998,33.85723735100004],[-84.13933434999996,33.84825467300004],[-84.13967362899996,33.83927198200007],[-84.14001283699997,33.83028927700008],[-84.14035197499999,33.82130655700007],[-84.14069104099997,33.81232382400003],[-84.14103003699995,33.80334107600004],[-84.14136896199994,33.79435831500007],[-84.14170781599995,33.78537553900003],[-84.14204659899997,33.77639275000007],[-84.14238531199999,33.76740994600004],[-84.14272395299997,33.75842712800005],[-84.14306252499995,33.749444297000025],[-84.14340102499995,33.740461451000044],[-84.14373945499995,33.73147859100004],[-84.14407781499995,33.72249571800006],[-84.14441610399996,33.71351283000007],[-84.14475432299997,33.704529928000056],[-84.14509247099994,33.695547013000066],[-84.14543054899997,33.686564083000064],[-84.14576855599995,33.67758113900004],[-84.146106493,33.66859818100005],[-84.14644435999998,33.65961521000003],[-84.14678215699996,33.65063222400005],[-84.14711988399995,33.64164922400005],[-84.14745753999995,33.632666210000025],[-84.14779512699994,33.623683183000026],[-84.14813264299994,33.61470014100007],[-84.14847008899994,33.60571708500004],[-84.14880746599994,33.59673401500004],[-84.14914477199994,33.58775093200006],[-84.14948200799995,33.578767834000075],[-84.14981917499995,33.569784722000065],[-84.15015627199995,33.56080159700008],[-84.15049329899995,33.551818457000024],[-84.15083025599995,33.54283530400005],[-84.15116714299995,33.533852136000064],[-84.15150396099995,33.524868955000045],[-84.15184070899994,33.51588575900007],[-84.15217738799998,33.50690255000006],[-84.15251399699997,33.497919326000044],[-84.15285053699995,33.48893608900005],[-84.15318700699999,33.47995283800003],[-84.15352340699997,33.47096957200006],[-84.15385973799994,33.46198629300005],[-84.154196,33.453003]],[[-84.467018,33.790252],[-84.45720079699998,33.786542789000066],[-84.44738443999995,33.78283279400006],[-84.43756892899995,33.77912201600003],[-84.42775426599997,33.77541045600003],[-84.41794044899996,33.77169811300007],[-84.40812747799998,33.767984987000034],[-84.39831535399998,33.764271079000025],[-84.38850407599995,33.760556389000044],[-84.37869364499994,33.756840916000044],[-84.36888406099996,33.75312466200006],[-84.35907532299996,33.74940762600005],[-84.34926743099999,33.745689809000055],[-84.33946038599998,33.74197121100008],[-84.32965418699996,33.73825183100007],[-84.31984883499996,33.734531670000024],[-84.31004432899994,33.73081072900004],[-84.30024066999994,33.727089007000075],[-84.29043785699997,33.72336650500006],[-84.28063588999999,33.71964322200006],[-84.27083476899998,33.715919159000066],[-84.261034495,33.71219431700007],[-84.25123506799997,33.70846869400003],[-84.24143648599994,33.70474229300004],[-84.23163875099993,33.70101511100006],[-84.22184186199996,33.69728715100007],[-84.21204581899997,33.693558411000026],[-84.20225062299994,33.689828893000026],[-84.19245627299995,33.68609859600008],[-84.182662769,33.68236752100006],[-84.17287011099995,33.67863566700004],[-84.16307829899995,33.67490303500006],[-84.15328733399997,33.67116962500006],[-84.14349721399998,33.66743543700005],[-84.13370794099995,33.66370047200007],[-84.12391951399997,33.65996472900002],[-84.11413193299995,33.65622820900006],[-84.10434519799998,33.652490912000076],[-84.09455930899998,33.648752838000064],[-84.08477426599995,33.64501398700003],[-84.07499006899997,33.64127436000007],[-84.06520671799996,33.63753395600003],[-84.05542421299998,33.633792776000064],[-84.04564255399998,33.630050820000065],[-84.03586174099996,33.62630808800003],[-84.02608177399998,33.62256458100006],[-84.01630265299997,33.61882029800006],[-84.00652437799994,33.61507523900008],[-83.99674694899994,33.61132940600004],[-83.986970365,33.60758279700008],[-83.97719462699996,33.60383541400006],[-83.96741973599995,33.60008725500006],[-83.95764568899995,33.596338323000055],[-83.94787248899996,33.59258861600006],[-83.93810013499996,33.58883813500006],[-83.92832862599994,33.58508688000006],[-83.91855796299996,33.581334852000055],[-83.90878814499996,33.57758204900006],[-83.89901917399999,33.57382847400004],[-83.88925104799995,33.570074125000076],[-83.87948376699995,33.56631900300005],[-83.86971733299998,33.56256310800006],[-83.85995174399994,33.55880644000007],[-83.850187,33.555049]],[[-84.023628,33.961729],[-84.03431220399995,33.96124383800003],[-84.04499628599996,33.96075774800005],[-84.05568024699994,33.96027073100004],[-84.06636408599996,33.95978278600006],[-84.07704780299997,33.959293915000046],[-84.08773139699997,33.95880411500008],[-84.09841486899995,33.95831338900007],[-84.10909821799999,33.95782173500004],[-84.11978144499994,33.957329154000035],[-84.13046454699997,33.95683564600006],[-84.14114752699999,33.95634121100005],[-84.15183038299995,33.955845848000024],[-84.16251311399998,33.95534955900007],[-84.17319572199995,33.95485234200004],[-84.18387820499998,33.95435419800003],[-84.19456056399997,33.953855127000054],[-84.20524279799997,33.953355129000045],[-84.21592490599994,33.95285420500005],[-84.22660688999997,33.95235235300004],[-84.23728874799997,33.95184957400005],[-84.24797047999994,33.95134586800003],[-84.25865208599998,33.95084123600003],[-84.26933356599994,33.950335676000066],[-84.28001491899994,33.94982919000006],[-84.29069614599996,33.94932177700008],[-84.30137724599996,33.94881343800006],[-84.31205821899994,33.948304171000075],[-84.32273906399996,33.94779397800005],[-84.33341978199996,33.94728285800005],[-84.34410037199996,33.94677081200007],[-84.35478083399994,33.946257838000065],[-84.36546116799997,33.94574393900007],[-84.37614137399999,33.94522911200005],[-84.38682144999996,33.94471336000004],[-84.39750139799997,33.94419668000006],[-84.40818121599995,33.943679075000034],[-84.41886090499997,33.943160542000044],[-84.42954046499995,33.94264108400006],[-84.44021989499998,33.94212069900004],[-84.45089919399999,33.94159938700005],[-84.46157836299994,33.94107714900008],[-84.47225740199997,33.940553985000065],[-84.48293630999996,33.940029895000066],[-84.49361508699997,33.939504879000026],[-84.50429373299994,33.93897893600007],[-84.51497224699995,33.93845206700007],[-84.52565062999997,33.93792427200003],[-84.53632888099997,33.937395551000066],[-84.54700699899996,33.93686590300007],[-84.55768498599997,33.93633533000008],[-84.56836283999996,33.935803831000044],[-84.57904056099994,33.93527140500004],[-84.58971814799997,33.934738054000036],[-84.60039560299998,33.93420377600006],[-84.61107292399998,33.933668573000034],[-84.62175011199997,33.93313244400008],[-84.63242716499997,33.93259538900003],[-84.64310408499995,33.93205740800005],[-84.65378086999993,33.931518502000074],[-84.66445751999998,33.93097866900007],[-84.67513403599997,33.93043791100007],[-84.68581041599998,33.929896228000075],[-84.69648666099994,33.92935361800005],[-84.70716277099996,33.92881008300003],[-84.71783874499994,33.928265622000026],[-84.72851458299994,33.92772023600003],[-84.73919028499995,33.927173924000044],[-84.74986584999994,33.926626687000066],[-84.76054127899994,33.92607852400005],[-84.77121657099997,33.92552943600003],[-84.78189172499998,33.924979422000035],[-84.79256674299995,33.92442848300004],[-84.80324162199997,33.923876618000065],[-84.81391636499995,33.923323828000036],[-84.82459096899998,33.92277011300007],[-84.83526543399995,33.92221547300005],[-84.84593976199994,33.92165990700005],[-84.85661394999994,33.92110341600005],[-84.867288,33.920546]],[[-83.819681,34.316889],[-83.82242471199999,34.308172607000074],[-83.82516785799999,34.299456141000064],[-83.82791043599997,34.29073960000005],[-83.83065244799997,34.28202298600007],[-83.83339389499997,34.27330629800008],[-83.83613477499995,34.264589536000074],[-83.83887508999999,34.255872701000044],[-83.84161483999998,34.24715579200006],[-83.84435402399998,34.23843880900006],[-83.84709264499998,34.229721753000035],[-83.84983069999998,34.221004623000056],[-83.85256819199998,34.21228742000005],[-83.85530512099996,34.203570143000036],[-83.85804148499994,34.19485279200006],[-83.86077728699996,34.186135369000056],[-83.86351252599997,34.177417872000035],[-83.86624720199995,34.16870030100006],[-83.86898131699996,34.15998265700006],[-83.87171486899996,34.15126494000003],[-83.87444785899999,34.14254715000004],[-83.87718028899997,34.13382928600004],[-83.87991215699998,34.125111349000065],[-83.88264346399995,34.11639333900007],[-83.88537421099994,34.10767525600005],[-83.88810439799994,34.098957100000064],[-83.89083402499995,34.090238871000054],[-83.89356309199997,34.08152056900008],[-83.89629160099997,34.07280219300003],[-83.89901954999993,34.06408374500006],[-83.90174693999995,34.05536522400007],[-83.90447377199996,34.046646630000055],[-83.90720004599996,34.03792796300007],[-83.90992576199994,34.029209224000056],[-83.91265092099997,34.020490411000026],[-83.91537552199998,34.011771526000075],[-83.91809956699996,34.003052568000044],[-83.92082305499997,33.994333537000045],[-83.92354598599997,33.98561443400007],[-83.92626836099998,33.97689525800007],[-83.92899018099996,33.968176010000036],[-83.93171144499996,33.959456689000035],[-83.93443215399998,33.95073729500007],[-83.93715230799995,33.942017829000065],[-83.93987190799999,33.93329829100003],[-83.94259095299998,33.924578680000025],[-83.94530944399997,33.915858996000054],[-83.94802738199996,33.90713924100004],[-83.95074476599996,33.898419413000056],[-83.95346159699994,33.88969951200005],[-83.95617787499998,33.880979540000055],[-83.95889359999995,33.87225949500004],[-83.96160877399996,33.86353937800004],[-83.96432339499995,33.85481918900007],[-83.96703746399999,33.84609892800006],[-83.96975098199994,33.83737859400003],[-83.97246394899997,33.828658189000066],[-83.97517636599997,33.81993771200007],[-83.97788823099995,33.81121716200005],[-83.98059954699994,33.80249654100004],[-83.98331031199996,33.79377584800005],[-83.98602052799998,33.78505508200004],[-83.98873019399997,33.776334245000044],[-83.99143931199995,33.76761333700006],[-83.99414787999996,33.75889235600005],[-83.99685589999996,33.75017130300006],[-83.99956337199995,33.741450179000026],[-84.00227029599995,33.73272898300007],[-84.00497667199994,33.724007716000074],[-84.00768250099998,33.71528637700004],[-84.01038778199995,33.70656496600003],[-84.01309251699996,33.69784348400003],[-84.01579670599995,33.689121930000056],[-84.01850034799998,33.680400305000035],[-84.02120344399998,33.671678608000036],[-84.02390599499995,33.66295684000005],[-84.026608,33.654235]],[[-84.154196,33.453003],[-84.15940554399998,33.44532033100006],[-84.16461416899995,33.43763743300008],[-84.16982187699995,33.42995430700006],[-84.17502866699994,33.422270953000066],[-84.18023453999996,33.41458737100004],[-84.18543949499997,33.406903561000036],[-84.19064353499994,33.399219524000046],[-84.19584665799994,33.39153525800003],[-84.20104886599995,33.383850765000034],[-84.20625015899998,33.37616604400006],[-84.21145053699996,33.36848109600004],[-84.21665000099995,33.36079592100003],[-84.22184854999995,33.35311051800005],[-84.22704618599994,33.345424888000025],[-84.23224290899998,33.33773903200006],[-84.23743871899995,33.33005294800006],[-84.24263361699997,33.32236663700007],[-84.24782760199997,33.31468010000003],[-84.25302067599995,33.30699333600006],[-84.25821283899995,33.29930634600004],[-84.26340409099998,33.291619129000026],[-84.26859443299998,33.283931686000074],[-84.27378386499998,33.27624401700007],[-84.27897238699995,33.268556121000074],[-84.28416,33.260868]],[[-83.850187,33.555049],[-83.84604247999994,33.56314059600004],[-83.84189718699997,33.571232043000066],[-83.83775112099994,33.57932334000003],[-83.83360428099996,33.587414488000036],[-83.82945666599994,33.595505486000036],[-83.82530827699998,33.60359633500008],[-83.82115911399995,33.611687034000056],[-83.81700917399996,33.61977758300003],[-83.81285845899998,33.627867982000055],[-83.80870696799997,33.635958231000075],[-83.80455470099997,33.64404833000003],[-83.80040165599996,33.65213827900004],[-83.79624783499997,33.660228078000046],[-83.79209323599997,33.668317727000044],[-83.78793785899995,33.67640722600004],[-83.78378170399998,33.684496574000036],[-83.77962476999994,33.69258577200003],[-83.77546705699996,33.70067481900003],[-83.77130856499997,33.70876371600008],[-83.76714929299999,33.71685246200008],[-83.76298923999997,33.724941057000024],[-83.75882840799994,33.73302950200008],[-83.75466679399995,33.741117796000026],[-83.75050439899996,33.749205939000035],[-83.74634122299994,33.75729393100005],[-83.74217726399996,33.76538177200007],[-83.73801252399994,33.77346946100005],[-83.733847,33.781557]],[[-84.867288,33.920546],[-84.85660716799998,33.92126832100007],[-84.84592615599996,33.92198971600004],[-84.83524496399997,33.92271018500003],[-84.82456359299994,33.92342972700004],[-84.81388204199999,33.924148342000024],[-84.80320031099996,33.92486603100008],[-84.79251840199998,33.925582794000036],[-84.78183631399997,33.926298630000076],[-84.77115404699998,33.92701353900003],[-84.76047160199994,33.927727521000065],[-84.74978897799997,33.92844057700006],[-84.73910617699994,33.929152705000035],[-84.72842319799997,33.929863907000026],[-84.71774004199995,33.93057418200004],[-84.70705670799998,33.931283531000076],[-84.69637319699996,33.93199195200003],[-84.68568950999997,33.93269944600007],[-84.67500564599999,33.933406013000024],[-84.66432160499994,33.93411165300006],[-84.65363738899998,33.934816366000064],[-84.64295299599996,33.93552015200004],[-84.63226842799997,33.93622301100004],[-84.62158368399997,33.936924942000076],[-84.61089876599993,33.937625946000026],[-84.60021367199994,33.93832602300006],[-84.58952840299997,33.93902517200007],[-84.57884295999997,33.939723394000055],[-84.56815734199995,33.940420689000064],[-84.55747154999995,33.94111705600005],[-84.54678558499995,33.94181249600007],[-84.536099445,33.942507008000064],[-84.52541313299997,33.94320059200004],[-84.51472664699997,33.94389324900004],[-84.50403998799999,33.94458497800008],[-84.49335315599996,33.94527578000003],[-84.48266615199998,33.94596565400008],[-84.47197897499996,33.946654599000055],[-84.46129162699998,33.94734261800005],[-84.45060410599996,33.948029708000035],[-84.43991641399998,33.94871587000006],[-84.42922854999995,33.94940110500005],[-84.41854051599995,33.95008541100003],[-84.40785230999995,33.95076879000004],[-84.39716393299994,33.95145124000004],[-84.38647538599997,33.952132762000076],[-84.37578666899998,33.952813357000025],[-84.36509778099997,33.95349302300008],[-84.35440872399994,33.954171760000065],[-84.34371949699994,33.95484957000008],[-84.33303010099996,33.955526451000026],[-84.32234053499997,33.95620240400007],[-84.31165080099998,33.95687742900003],[-84.30096089799997,33.95755152500004],[-84.29027082599998,33.958224693000034],[-84.27958058599995,33.95889693200007],[-84.26889017799994,33.959568243000035],[-84.25819960299998,33.960238625000045],[-84.24750885899994,33.960908079000035],[-84.23681794899994,33.96157660400007],[-84.22612687099996,33.96224420000004],[-84.21543562599999,33.96291086800005],[-84.20474421399996,33.96357660700005],[-84.19405263599998,33.96424141700004],[-84.18336089199994,33.964905299000065],[-84.17266898199995,33.965568251000036],[-84.16197690599995,33.96623027500004],[-84.15128466499993,33.96689137000004],[-84.14059225799997,33.96755153500004],[-84.12989968599999,33.96821077200008],[-84.11920694899999,33.96886908000005],[-84.10851404699997,33.969526458000075],[-84.09782098099998,33.97018290800003],[-84.08712775099997,33.970838428000036],[-84.07643435699998,33.971493020000025],[-84.06574079899997,33.97214668200007],[-84.05504707699998,33.972799415000054],[-84.04435319199996,33.97345121800004],[-84.03365914499994,33.97410209200007],[-84.02296493399996,33.97475203700003],[-84.01227056099998,33.97540105200005],[-84.00157602499996,33.976049138000064],[-83.99088132699995,33.97669629500007],[-83.98018646699995,33.97734252200007],[-83.96949144499996,33.97798781900008],[-83.95879626199996,33.97863218700007],[-83.94810091799997,33.97927562500007],[-83.93740541299996,33.97991813400006],[-83.92670974599997,33.98055971300005],[-83.91601391999995,33.98120036200004],[-83.90531793199995,33.98184008100003],[-83.89462178499997,33.98247887100007],[-83.88392547799998,33.98311673100005],[-83.87322901099998,33.98375366000005],[-83.86253238499995,33.98438966000003],[-83.85183559899997,33.98502473100007],[-83.84113865399996,33.985658871000055],[-83.83044155099998,33.986292081000045],[-83.81974428899997,33.986924361000035],[-83.80904686899999,33.98755571100003],[-83.79834929099997,33.98818613000003],[-83.78765155399998,33.988815620000025],[-83.77695366099994,33.98944417900003],[-83.76625560899998,33.99007180900003],[-83.75555740099998,33.99069850800004],[-83.74485903599998,33.99132427600006],[-83.73416051399994,33.99194911500007],[-83.72346183499997,33.992573022000045],[-83.712763,33.993196]],[[-84.026608,33.654235],[-84.03469215299998,33.66009795400004],[-84.04277740199996,33.665960375000054],[-84.05086374899997,33.671822260000056],[-84.05895119299998,33.67768361100008],[-84.06703973399993,33.68354442700007],[-84.07512937299998,33.68940470800004],[-84.08322010999996,33.69526445400004],[-84.09131194599996,33.70112366400008],[-84.09940487999995,33.706982339000035],[-84.10749891299997,33.71284047800003],[-84.11559404499997,33.71869808100007],[-84.12369027699998,33.724555147000046],[-84.13178760899996,33.73041167800005],[-84.13988604099995,33.736267671000064],[-84.14798557399996,33.74212312800006],[-84.15608620699999,33.74797804800005],[-84.16418794099997,33.753832431000035],[-84.17229077599995,33.75968627700007],[-84.18039471399999,33.765539585000056],[-84.18849975299997,33.771392355000046],[-84.19660589399996,33.77724458700004],[-84.20471313799999,33.78309628200003],[-84.21282148399996,33.78894743800004],[-84.22093093399997,33.79479805500006],[-84.22904148699996,33.80064813400003],[-84.23715314299994,33.80649767400007],[-84.24526590399995,33.81234667600006],[-84.25337976899993,33.81819513700003],[-84.26149473799995,33.824043060000065],[-84.26961081199994,33.82989044300007],[-84.27772799099995,33.83573728600004],[-84.28584627599997,33.84158358900004],[-84.29396566699995,33.84742935200006],[-84.30208616299996,33.85327457500006],[-84.31020776599996,33.85911925700003],[-84.31833047499998,33.86496339800004],[-84.32645429099995,33.870806998000035],[-84.33457921499996,33.87665005800005],[-84.34270524599998,33.88249257600006],[-84.35083238399994,33.88833455200006],[-84.35896063099995,33.89417598700004],[-84.36708998599994,33.90001688000007],[-84.37522044999997,33.90585723100003],[-84.38335202199994,33.911697039000046],[-84.39148470399994,33.917536306000045],[-84.39961849499997,33.923375029000056],[-84.40775339699996,33.92921321000006],[-84.41588940799994,33.93505084800006],[-84.42402652999994,33.940887942000074],[-84.43216476199996,33.94672449300003],[-84.44030410499994,33.95256050100005],[-84.44844455999998,33.95839596500008],[-84.456586126,33.964230884000074],[-84.46472880399995,33.97006526000007],[-84.47287259499996,33.97589909100003],[-84.48101749699998,33.98173237800006],[-84.48916351299994,33.987565120000056],[-84.49731064099996,33.993397317000074],[-84.50545888299996,33.99922896900006],[-84.51360823899995,34.00506007600006],[-84.52175870799994,34.010890637000045],[-84.52991029199995,34.01672065300005],[-84.53806298999996,34.02255012300003],[-84.54621680299994,34.028379046000055],[-84.55437173099995,34.034207424000044],[-84.56252777399999,34.04003525400003],[-84.57068493299994,34.04586253900004],[-84.57884320799997,34.05168927600005],[-84.58700259999995,34.05751546700003],[-84.59516310799995,34.06334111000007],[-84.60332473199998,34.069166206000034],[-84.61148747399994,34.074990754000055],[-84.61965133399997,34.08081475400007],[-84.62781631099995,34.08663820700008],[-84.63598240599998,34.092461111000034],[-84.64414961899996,34.098283467000044],[-84.65231795099999,34.10410527400006],[-84.66048740199994,34.10992653300008],[-84.66865797199995,34.115747243000044],[-84.67682966199999,34.12156740300003],[-84.68500247099996,34.12738701400008],[-84.69317640099996,34.13320607600008],[-84.70135145099994,34.13902458800004],[-84.70952762099995,34.14484255000008],[-84.71770491299998,34.15065996200008],[-84.72588332499998,34.15647682400004],[-84.73406285999994,34.16229313500003],[-84.74224351599997,34.168108896000035],[-84.75042529399997,34.173924105000026],[-84.75860819499997,34.179738764000035],[-84.76679221799998,34.18555287100003],[-84.77497736499998,34.19136642700005],[-84.78316363399995,34.19717943200004],[-84.79135102799995,34.20299188400003],[-84.79953954499996,34.20880378500004],[-84.80772918699995,34.21461513300005],[-84.81591995199994,34.220425929000044],[-84.82411184299997,34.22623617200003],[-84.83230485899998,34.23204586300005],[-84.840499,34.237855]],[[-84.28416,33.260868],[-84.29371040699994,33.26477727400004],[-84.303261664,33.26868581300005],[-84.31281377299996,33.27259361500006],[-84.32236673299997,33.27650068100007],[-84.33192054299997,33.28040701000003],[-84.34147520499994,33.28431260200006],[-84.35103071699996,33.28821745800008],[-84.36058708099995,33.292121576000056],[-84.37014429599998,33.29602495700004],[-84.37970236199999,33.299927601000036],[-84.38926127999997,33.303829507000046],[-84.39882104899993,33.30773067500007],[-84.40838166899994,33.31163110500006],[-84.41794313999998,33.315530797000065],[-84.42750546299999,33.31942975100003],[-84.43706863699998,33.32332796600008],[-84.44663266299995,33.32722544300003],[-84.45619753999995,33.33112218000008],[-84.46576326899998,33.33501817900003],[-84.47532984999998,33.33891343800008],[-84.48489728199996,33.34280795800004],[-84.49446556599997,33.346701739000025],[-84.50403470199996,33.35059478000005],[-84.51360468899998,33.35448708100006],[-84.52317552799997,33.35837864200005],[-84.53274721999998,33.362269463000075],[-84.54231976299997,33.36615954300004],[-84.55189315799998,33.37004888300004],[-84.56146740499997,33.37393748100004],[-84.57104250299994,33.37782534000007],[-84.58061845499998,33.38171245600006],[-84.59019525799994,33.38559883200003],[-84.59977291299998,33.389484466000056],[-84.60935141999994,33.393369359000076],[-84.61893077999997,33.39725351000004],[-84.62851099199997,33.401136919000066],[-84.63809205599995,33.40501958500005],[-84.64767397299994,33.40890151000008],[-84.65725674199996,33.412782692000064],[-84.66684036299995,33.416663131000064],[-84.67642483699996,33.42054282700008],[-84.68601016299993,33.424421781000035],[-84.69559634199999,33.428299991000074],[-84.70518337399994,33.43217745800007],[-84.71477125799998,33.43605418100003],[-84.72435999399994,33.43993016100006],[-84.73394958399996,33.44380539700006],[-84.74354002599995,33.44767988800004],[-84.75313132099996,33.45155363600003],[-84.762723468,33.45542663900005],[-84.77231646899997,33.45929889800004],[-84.78191032199999,33.46317041100008],[-84.79150502799996,33.467041180000024],[-84.80110058799994,33.47091120400006],[-84.810697,33.474780483000075],[-84.82029426499997,33.47864901600008],[-84.82989238299996,33.48251680300007],[-84.83949135499995,33.486383845000034],[-84.84909117899997,33.49025014100005],[-84.85869185699994,33.49411569000006],[-84.86829338799998,33.497980494000046],[-84.87789577199999,33.50184455100003],[-84.88749900899995,33.505707861000076],[-84.8971037195359,33.509569949274265],[-84.90670868621507,33.513431755045936],[-84.91631450585841,33.517292812835336],[-84.9259211794659,33.52115312364234],[-84.93552870603752,33.52501268646703],[-84.9451370865733,33.52887150230938],[-84.95474632107333,33.5327295691694],[-84.9643564085375,33.53658688904707],[-84.97396734896581,33.54044346094241],[-84.98357914335836,33.544299283855366],[-84.99319179171508,33.548154357785975],[-85.00280529166734,33.552008682013685],[-85.0124196431272,33.555862253256784],[-85.02203484734473,33.55971507578895],[-85.03165090531999,33.563567148610204],[-85.04126781605294,33.567418472720426],[-85.05088558154372,33.571269048119625],[-85.06050419979229,33.57511887380774],[-85.07012367279873,33.578967948784744],[-85.07974399856306,33.582816275050554]],[[-83.733847,33.781557],[-83.74243290199996,33.78695929400004],[-83.75101988299997,33.79236098600006],[-83.75960794199995,33.79776207500004],[-83.76819707999994,33.80316256200007],[-83.77678729699994,33.80856244600005],[-83.78537859399995,33.81396172700005],[-83.79397096899999,33.819360405000054],[-83.80256442499996,33.824758479000025],[-83.811158961,33.83015595000006],[-83.81975457599998,33.835552817000064],[-83.82835127299995,33.84094908000003],[-83.83694904999999,33.846344739000074],[-83.84554790799996,33.851739793000036],[-83.85414784699998,33.857134243000075],[-83.86274886699994,33.86252808800003],[-83.87135096899993,33.86792132800008],[-83.87995415299997,33.873313962000054],[-83.88855841999998,33.87870599200005],[-83.89716376799998,33.88409741600003],[-83.90577019899996,33.889488234000055],[-83.91437771299996,33.894878446000064],[-83.92298630999994,33.90026805200006],[-83.93159598999995,33.90565705200004],[-83.94020675399997,33.91104544500007],[-83.94881860099997,33.91643323100004],[-83.95743153299998,33.921820410000066],[-83.96604554899994,33.927206983000076],[-83.97466064899999,33.932592948000035],[-83.98327683399998,33.93797830500006],[-83.99189410299994,33.94336305500008],[-84.00051245799995,33.948747196000056],[-84.00913189899995,33.95413073000003],[-84.01775242499997,33.95951365500002],[-84.02637403699998,33.96489597200008],[-84.03499673499994,33.97027768000004],[-84.04362051899994,33.97565877900007],[-84.05224538999994,33.981039269000064],[-84.06087134799998,33.986419150000074],[-84.06949839199996,33.991798421000055],[-84.07812652399997,33.997177083000054],[-84.08675574399996,34.00255513400003],[-84.09538605099993,34.00793257600003],[-84.104017447,34.013309407000065],[-84.11264992999998,34.01868562800007],[-84.12128350199998,34.02406123800006],[-84.12991816299996,34.02943623700003],[-84.13855391199996,34.034810625000034],[-84.14719075099998,34.04018440200008],[-84.15582867899997,34.04555756700006],[-84.16446769699996,34.05093012000003],[-84.17310780499997,34.05630206200004],[-84.18174900199995,34.061673392000046],[-84.19039128999998,34.06704410900005],[-84.19903466899996,34.07241421400005],[-84.20767913799995,34.07778370600005],[-84.21632469899998,34.08315258600004],[-84.22497134999998,34.088520852000045],[-84.23361909399995,34.09388850500005],[-84.24226792899998,34.09925554500006],[-84.25091785499995,34.10462197100003],[-84.25956887399997,34.109987783000065],[-84.26822098599996,34.11535298100006],[-84.27687418999994,34.120717565000064],[-84.28552848699997,34.126081534000036],[-84.29418387699997,34.13144488900008],[-84.30284036099994,34.13680762800004],[-84.31149793799995,34.142169753000076],[-84.32015660899998,34.147531263000076],[-84.32881637399998,34.15289215700005],[-84.33747723399995,34.158252435000065],[-84.34613918799994,34.163612098000044],[-84.35480223599995,34.16897114400007],[-84.36346637999998,34.17432957500006],[-84.37213161899996,34.17968738800005],[-84.38079795299996,34.18504458600006],[-84.38946538399995,34.19040116600007],[-84.39813390999996,34.19575712900007],[-84.40680353199997,34.20111247600005],[-84.41547425099998,34.206467204000035],[-84.42414606599993,34.211821315000066],[-84.43281897799994,34.21717480800004],[-84.44149298699995,34.222527684000056],[-84.45016809399993,34.227879941000026],[-84.45884429799997,34.23323157900006],[-84.46752159999994,34.23858259900004],[-84.4762,34.243933]],[[-83.712763,33.993196],[-83.72343480199999,33.99259439900004],[-83.73410645299998,33.99199187200003],[-83.74477795399997,33.99138842000008],[-83.75544930399997,33.99078404200003],[-83.76612050199998,33.990178738000054],[-83.77679154899994,33.98957250900003],[-83.78746244399997,33.98896535400007],[-83.79813318799995,33.988357274000066],[-83.80880377899996,33.987748268000075],[-83.81947421799998,33.98713833700003],[-83.83014450399997,33.98652748100005],[-83.84081463799998,33.98591569900003],[-83.85148461899996,33.98530299200007],[-83.86215444599998,33.98468935900007],[-83.87282411999996,33.98407480100008],[-83.88349363999998,33.98345931800003],[-83.89416300599999,33.982842910000045],[-83.90483221799997,33.982225577000065],[-83.91550127599999,33.981607318000044],[-83.92617017899994,33.980988135000075],[-83.93683892699994,33.980368026000065],[-83.94750752099998,33.97974699200006],[-83.95817595899996,33.97912503400005],[-83.96884424099994,33.978502150000054],[-83.97951236799997,33.977878342000054],[-83.99018033899995,33.97725360800007],[-84.00084815299994,33.97662795000008],[-84.01151581199997,33.97600136700004],[-84.02218331299997,33.97537385900006],[-84.03285065799997,33.97474542700007],[-84.04351784599999,33.97411606900005],[-84.05418487599997,33.97348578700007],[-84.06485174899996,33.972854581000036],[-84.07551846399997,33.97222245000006],[-84.08618502099995,33.971589394000034],[-84.09685141999995,33.97095541400006],[-84.10751766099997,33.97032050900003],[-84.11818374299997,33.96968468000006],[-84.12884966599995,33.96904792600003],[-84.13951542899997,33.968410248000055],[-84.15018103399996,33.967771646000074],[-84.16084647899999,33.96713211900004],[-84.17151176399994,33.96649166800006],[-84.18217688999994,33.965850293000074],[-84.19284185499998,33.965207994000025],[-84.20350665899997,33.96456477000004],[-84.21417130299994,33.963920622000046],[-84.22483578599997,33.96327555000005],[-84.23550010799994,33.962629555000035],[-84.24616426899996,33.96198263500003],[-84.25682826799994,33.96133479100007],[-84.26749210499997,33.96068602300005],[-84.27815577999996,33.960036331000026],[-84.28881929299996,33.95938571600004],[-84.29948264399997,33.958734176000064],[-84.31014583199999,33.95808171300007],[-84.32080885599999,33.95742832600007],[-84.33147171799999,33.956774015000065],[-84.34213441699995,33.956118780000054],[-84.35279695199995,33.95546262200003],[-84.36345932299997,33.95480554000005],[-84.37412152999997,33.95414753500006],[-84.38478357199995,33.953488606000064],[-84.39544545099994,33.95282875400005],[-84.40610716399993,33.952167978000034],[-84.41676871299995,33.95150627800007],[-84.42743009599997,33.950843656000075],[-84.43809131499995,33.95018010900003],[-84.44875236699994,33.94951564000007],[-84.45941325399997,33.94885024700005],[-84.47007397499993,33.948183931000074],[-84.48073452899996,33.94751669200008],[-84.49139491699998,33.94684852900008],[-84.50205513799995,33.94617944400005],[-84.51271519199997,33.945509435000076],[-84.52337507999994,33.94483850300003],[-84.53403479899998,33.94416664900007],[-84.54469435099998,33.943493871000044],[-84.55535373599997,33.94282017000006],[-84.56601295199994,33.94214554700005],[-84.576672,33.94147]],[[-84.840499,34.237855],[-84.83971187699996,34.22892255600004],[-84.83892491999995,34.219990094000025],[-84.83813812999995,34.211057614000026],[-84.83735150499996,34.20212511600005],[-84.83656504599998,34.19319260000003],[-84.83577875299994,34.184260066000036],[-84.83499262599997,34.17532751300007],[-84.83420666399996,34.16639494300006],[-84.83342086799996,34.157462355000064],[-84.83263523799997,34.148529748000044],[-84.83184977299999,34.13959712400003],[-84.83106447299997,34.13066448100005],[-84.83027933799997,34.121731820000036],[-84.82949436899997,34.11279914200003],[-84.82870956399995,34.10386644500005],[-84.827924925,34.09493373000004],[-84.82714044999994,34.08600099800003],[-84.82635613999997,34.07706824700006],[-84.82557199399997,34.068135478000045],[-84.82478801399998,34.05920269100005],[-84.82400419699997,34.05026988700007],[-84.82322054499997,34.04133706400006],[-84.82243705799993,34.03240422300007],[-84.82165373399994,34.023471364000045],[-84.82087057499996,34.01453848800003],[-84.82008757999995,34.00560559300004],[-84.81930474799998,33.996672680000074],[-84.81852208099997,33.98773975000006],[-84.81773957699994,33.978806801000076],[-84.81695723699994,33.969873834000055],[-84.81617505999998,33.96094085000004],[-84.81539304699999,33.95200784700006],[-84.81461119799997,33.94307482700003],[-84.81382951199998,33.93414178900008],[-84.81304798799994,33.925208732000044],[-84.81226662899996,33.916275658000075],[-84.81148543199998,33.90734256600007],[-84.81070439799998,33.898409455000035],[-84.80992352699997,33.88947632700007],[-84.80914281899999,33.880543181000064],[-84.80836227299994,33.87161001700008],[-84.80758188999994,33.86267683600005],[-84.80680166999997,33.85374363600005],[-84.80602161199994,33.844810418000066],[-84.80524171599995,33.835877183000036],[-84.80446198299995,33.82694392900004],[-84.80368241099995,33.81801065800005],[-84.80290300199994,33.80907736900008],[-84.80212375499997,33.80014406200007],[-84.80134466999993,33.79121073700003],[-84.80056574599996,33.78227739400006],[-84.79978698499997,33.77334403300006],[-84.79900838499998,33.76441065400007],[-84.79822994599994,33.75547725800004],[-84.79745166899994,33.74654384400003],[-84.79667355299995,33.73761041100005],[-84.79589559899995,33.728676961000076],[-84.79511780599995,33.719743494000056],[-84.79434017399996,33.71081000800007],[-84.79356270299996,33.70187650400004],[-84.79278539199998,33.69294298300008],[-84.79200824299994,33.684009444000026],[-84.79123125499996,33.67507588700005],[-84.79045442699999,33.666142312000034],[-84.78967775899997,33.65720871900004],[-84.78890125299995,33.64827510900005],[-84.78812490599995,33.63934148000004],[-84.78734871999995,33.63040783400004],[-84.78657269399997,33.621474171000045],[-84.78579682899993,33.612540489000025],[-84.78502112299998,33.603606789000025],[-84.78424557799997,33.594673072000035],[-84.78347019199998,33.585739337000064],[-84.78269496599995,33.576805584000056],[-84.78191989999993,33.56787181400006],[-84.78114499299994,33.55893802500003],[-84.78037024599996,33.55000421900007],[-84.77959565799995,33.541070396000066],[-84.77882122999995,33.53213655400003],[-84.77804696099997,33.523202695000066],[-84.77727285099996,33.51426881700007],[-84.77649890099997,33.50533492300008],[-84.77572510899995,33.496401010000056],[-84.77495147699995,33.487467080000044],[-84.77417800299997,33.47853313200005],[-84.77340468799997,33.46959916600008],[-84.77263153099994,33.46066518200007],[-84.77185853299994,33.45173118100007],[-84.77108569399996,33.44279716200003],[-84.77031301299996,33.43386312600006],[-84.76954049099999,33.424929071000065],[-84.76876812599994,33.41599499900008],[-84.76799591999998,33.40706091000004],[-84.76722387199999,33.398126802000036],[-84.76645198199998,33.38919267700004],[-84.76568024999995,33.38025853400006],[-84.76490867599995,33.37132437400004],[-84.76413725899994,33.362390196000035],[-84.763366,33.353456]],[[-85.07974399856306,33.582816275050554],[-85.07271224187981,33.589572898851365],[-85.06567938950772,33.596329115280845],[-85.0586454404468,33.60308492333906],[-85.05161039369722,33.609840324025875],[-85.04457425125888,33.616595317341265],[-85.03753701013193,33.62334990228522],[-85.03049867131637,33.63010407885759],[-85.02345923481221,33.63685784805841],[-85.01641869861957,33.64361120788761],[-85.00937706373848,33.65036415834506],[-85.00233432916892,33.657116701430816],[-84.99529049114622,33.663868833189234],[-84.9882455503485,33.67062055639358],[-84.98119950859683,33.677371869575005],[-84.97415236589136,33.684122774733574],[-84.96710412123196,33.69087326986934],[-84.96005477461878,33.69762335598218],[-84.9530043260517,33.70437303207216],[-84.94595277353079,33.71112229813923],[-84.93890011805607,33.717871154183484],[-84.93184635962754,33.72461960020482],[-84.92479149624515,33.73136763620322],[-84.91773552890899,33.73811526117881],[-84.91067845661897,33.744862476131466],[-84.90362027719894,33.751609281082565],[-84.89656098536462,33.758355678015654],[-84.88950001499995,33.765102091000074],[-84.88243853499995,33.771847653000066],[-84.87537594899999,33.77859280300004],[-84.86831225599997,33.78533754100005],[-84.86124745499995,33.792081867000036],[-84.85418154599995,33.79882578200005],[-84.84711452799996,33.80556928400006],[-84.84004640199998,33.812312374000044],[-84.83297716699997,33.81905505200007],[-84.82590682199998,33.825797317000024],[-84.81883536699996,33.83253916900003],[-84.81176280199998,33.839280608000024],[-84.80468912699996,33.84602163400007],[-84.79761433999994,33.852762247000044],[-84.79053844099997,33.85950244600008],[-84.78346143099998,33.86624223200005],[-84.77638330899998,33.872981604000074],[-84.76930407299994,33.879720562000045],[-84.76222372499996,33.88645910500003],[-84.75514226399997,33.89319723500006],[-84.74805968799996,33.899934950000045],[-84.74097599899994,33.90667225000004],[-84.73389119399997,33.91340913600004],[-84.72680527499995,33.92014560600006],[-84.71971823999996,33.92688166200003],[-84.71263008999995,33.93361730200007],[-84.70554082299998,33.94035252700007],[-84.69845043999999,33.94708733600004],[-84.69135893999999,33.953821729000026],[-84.68426632199998,33.960555707000026],[-84.67717258699997,33.96728926800006],[-84.67007773399996,33.97402241300006],[-84.66298176199996,33.98075514100003],[-84.65588467099997,33.98748745300003],[-84.64878646099999,33.99421934800006],[-84.64168713099997,34.000950826000064],[-84.63458668099997,34.00768188700005],[-84.62748511099994,34.01441253000007],[-84.62038241999994,34.021142757000064],[-84.61327860699998,34.02787256500005],[-84.60617367299994,34.034601956000074],[-84.59906761699995,34.041330928000036],[-84.59196043799994,34.04805948300003],[-84.58485213699998,34.054787619000024],[-84.57774271199997,34.06151533700006],[-84.57063216399996,34.068242636000036],[-84.56352049099996,34.07496951600007],[-84.55640769499996,34.08169597700004],[-84.54929377299999,34.08842202000005],[-84.54217872599997,34.09514764200003],[-84.53506255399998,34.10187284600005],[-84.52794525599995,34.10859762900003],[-84.52082683099997,34.115321993000066],[-84.51370727999995,34.12204593700005],[-84.50658660099998,34.12876946100005],[-84.49946479499994,34.13549256400006],[-84.49234186099994,34.142215247000024],[-84.48521779899994,34.14893750900006],[-84.47809260699995,34.155659350000064],[-84.47096628699995,34.16238077100007],[-84.46383883699997,34.169101770000054],[-84.45671025799999,34.175822347000064],[-84.44958054799997,34.182542504000025],[-84.44244970699998,34.189262238000026],[-84.43531773499996,34.195981551000045],[-84.42818463199995,34.20270044200004],[-84.42105039599994,34.20941891000007],[-84.41391502899995,34.21613695600007],[-84.40677852899995,34.222854580000046],[-84.39964089599994,34.22957178100006],[-84.39250212899998,34.23628855900006],[-84.38536222799996,34.24300491400004],[-84.37822119299994,34.24972084500007],[-84.37107902399998,34.25643635400007],[-84.36393571899998,34.26315143800008],[-84.35679127899994,34.26986609900007],[-84.34964570399995,34.27658033700004],[-84.34249899099996,34.283294150000074],[-84.33535114299997,34.290007539000044],[-84.32820215699996,34.296720503000074],[-84.321052034,34.30343304300004],[-84.31390077299994,34.31014515800007],[-84.30674837399994,34.31685684800004],[-84.29959483599998,34.32356811300008],[-84.29244015899997,34.33027895300006],[-84.28528434299994,34.33698936800005],[-84.27812738699998,34.34369935600006],[-84.27096929099997,34.350408919000074],[-84.26381005399998,34.35711805700004],[-84.25664967599994,34.363826768000024],[-84.24948815699997,34.37053505200004],[-84.24232549599998,34.377242910000064],[-84.23516169299995,34.38395034200005],[-84.22799674699996,34.39065734700006],[-84.22083065799995,34.397363925000036],[-84.21366342599998,34.40407007500005],[-84.20649504999994,34.41077579900008],[-84.19932552999995,34.41748109500003],[-84.19215486499996,34.42418596300007],[-84.18498305599996,34.430890403000035],[-84.17781010099998,34.437594416000024],[-84.170636,34.444298]],[[-84.4762,34.243933],[-84.47186969999996,34.235792729000025],[-84.46754023199998,34.22765229400005],[-84.46321159799999,34.21951169600004],[-84.45888379699994,34.21137093400006],[-84.45455682799997,34.20323000800005],[-84.45023068999996,34.195088920000046],[-84.44590538499995,34.18694766700003],[-84.44158090999997,34.17880625200007],[-84.43725726499997,34.17066467300003],[-84.43293445099994,34.16252293200006],[-84.42861246699994,34.154381027000056],[-84.42429131299997,34.14623895900007],[-84.41997098699994,34.13809672800005],[-84.41565148999996,34.129954335000036],[-84.41133282099997,34.12181177900004],[-84.40701497999999,34.11366906000006],[-84.40269796699994,34.10552617900004],[-84.39838178099996,34.09738313500003],[-84.39406642099993,34.08923992900003],[-84.38975188699999,34.08109656000005],[-84.38543817999994,34.072953029000075],[-84.38112529799997,34.06480933600005],[-84.37681324099998,34.05666548100004],[-84.37250200899996,34.04852146300004],[-84.36819160099998,34.040377284000044],[-84.36388201699998,34.032232943000054],[-84.35957325599998,34.02408844000007],[-84.35526531899995,34.01594377500004],[-84.35095820399994,34.00779894900006],[-84.34665191199997,33.999653961000035],[-84.34234644099996,33.99150881200006],[-84.33804179199996,33.98336350100004],[-84.33373796499995,33.975218029000075],[-84.32943495799998,33.96707239500006],[-84.32513277099997,33.95892660000004],[-84.32083140499998,33.950780644000076],[-84.31653085799996,33.94263452800004],[-84.31223112999999,33.93448825000007],[-84.30793222099999,33.92634181100004],[-84.30363412999998,33.91819521100007],[-84.29933685699996,33.91004845100008],[-84.29504040199998,33.90190153000003],[-84.29074476399995,33.89375444800004],[-84.28644994399997,33.88560720600003],[-84.28215593899995,33.87745980300008],[-84.27786275099999,33.869312240000056],[-84.27357037799999,33.86116451600003],[-84.26927881999995,33.85301663300004],[-84.26498807799999,33.84486858900004],[-84.26069814999994,33.836720385000035],[-84.25640903599998,33.82857202100007],[-84.25212073499995,33.820423497000036],[-84.24783324799995,33.812274814000034],[-84.24354657399994,33.80412597000003],[-84.23926071299996,33.79597696700006],[-84.234975664,33.787827804000074],[-84.23069142599996,33.779678482000065],[-84.226408,33.771529]],[[-84.357686,33.541885],[-84.36743602999996,33.54570883700006],[-84.37718691899994,33.54953190300006],[-84.38693866699998,33.55335420000006],[-84.39669127399998,33.557175726000025],[-84.40644473899994,33.560996481000075],[-84.41619906299997,33.564816465000035],[-84.42595424699994,33.56863567800008],[-84.43571028899999,33.57245412000003],[-84.44546719099998,33.57627179100007],[-84.45522495099993,33.580088690000025],[-84.46498356999996,33.583904817000075],[-84.47474304899998,33.58772017200005],[-84.48450338599997,33.591534755000055],[-84.49426458299996,33.59534856600004],[-84.50402663899996,33.599161604000074],[-84.51378955399997,33.60297387000003],[-84.52355332799993,33.60678536300003],[-84.53331796199996,33.610596083000075],[-84.54308345499999,33.614406030000055],[-84.55284980699997,33.618215203000034],[-84.56261701799997,33.62202360300006],[-84.57238508899997,33.62583122900003],[-84.58215401899997,33.62963808200004],[-84.591923808,33.63344416000007],[-84.60169445699995,33.637249464000035],[-84.61146596499998,33.64105399300007],[-84.62123833299995,33.64485774800005],[-84.63101156,33.64866072900003],[-84.64078564699997,33.65246293400003],[-84.65056059299997,33.65626436400004],[-84.66033639899996,33.66006501900006],[-84.67011306399996,33.66386489800004],[-84.67989058899997,33.66766400200004],[-84.68966897399997,33.671462329000065],[-84.69944821799999,33.675259881000045],[-84.70922832199994,33.67905665700005],[-84.71900928599996,33.68285265600008],[-84.72879110899999,33.68664787900008],[-84.73857379199995,33.69044232400006],[-84.74835733499998,33.69423599300006],[-84.75814173799995,33.69802888500004],[-84.767927,33.701821]],[[-84.576672,33.94147],[-84.57528903599996,33.932678707000036],[-84.57390635599995,33.92388738500006],[-84.57252395999996,33.91509603600008],[-84.57114184699998,33.90630465900006],[-84.56976001899994,33.89751325300006],[-84.56837847399999,33.88872181900007],[-84.56699721299998,33.879930358000024],[-84.56561623499994,33.87113886800006],[-84.56423553999997,33.86234735000005],[-84.56285512799997,33.85355580400005],[-84.56147499799994,33.844764231000056],[-84.56009515199997,33.835972629000025],[-84.55871558799998,33.82718099900006],[-84.55733630599997,33.818389341000056],[-84.55595730699997,33.80959765500006],[-84.55457858899996,33.80080594200007],[-84.55320015399997,33.79201420000004],[-84.551822,33.78322243000002],[-84.55044412799998,33.774430633000065],[-84.54906653799998,33.76563880700007],[-84.54768922799997,33.756846954000025],[-84.54631219999999,33.748055073000046],[-84.54493545299994,33.73926316300003],[-84.54355898699998,33.73047122600008],[-84.54218280099997,33.72167926100008],[-84.54080689599994,33.71288726900008],[-84.53943127199994,33.704095248000044],[-84.53805592799995,33.69530319900008],[-84.53668086299996,33.68651112300006],[-84.53530607899995,33.67771901900005],[-84.53393157499994,33.668926887000055],[-84.53255735,33.66013472700007],[-84.53118340499998,33.65134253900004],[-84.52980973899997,33.64255032400007],[-84.52843635299996,33.63375808100005],[-84.52706324499997,33.62496581000005],[-84.52569041599997,33.616173511000056],[-84.52431786699998,33.607381184000076],[-84.52294559499995,33.59858883000004],[-84.52157360299998,33.58979644800007],[-84.52020188799997,33.58100403900005],[-84.51883045199997,33.57221160100005],[-84.51745929399993,33.56341913600005],[-84.51608841399997,33.55462664300006],[-84.51471781099997,33.54583412300008],[-84.51334748599999,33.537041575000046],[-84.51197743799997,33.52824899900003],[-84.51060766799998,33.51945639500008],[-84.50923817499995,33.51066376400007],[-84.50786895899995,33.50187110500008],[-84.50650001999998,33.49307841900003],[-84.50513135699998,33.48428570500005],[-84.50376297099996,33.47549296300008],[-84.50239486099997,33.466700194000055],[-84.50102702799995,33.45790739700004],[-84.49965947099997,33.44911457300003],[-84.49829218999997,33.44032172100003],[-84.49692518399996,33.431528842000034],[-84.495558454,33.42273593500005],[-84.494192,33.413943]],[[-84.763366,33.353456],[-84.75782229199996,33.36112041000007],[-84.752277613,33.36878456300008],[-84.74673195999998,33.37644845900007],[-84.74118533599994,33.38411209800006],[-84.735637737,33.391775479000046],[-84.73008916499998,33.39943860200003],[-84.72453961899998,33.407101469000054],[-84.71898909799995,33.41476407700003],[-84.71343760299999,33.42242642700006],[-84.70788513199994,33.43008852000003],[-84.702331685,33.43775035400006],[-84.69677726199996,33.445411931000024],[-84.69122186199996,33.453073249000056],[-84.68566548499996,33.46073430800004],[-84.68010813099994,33.46839510900003],[-84.67454979899998,33.476055651000024],[-84.66899048799996,33.48371593500008],[-84.66343019899995,33.49137596000003],[-84.65786892999995,33.499035725000056],[-84.65230668199996,33.50669523200003],[-84.64674345299994,33.514354479000076],[-84.64117924499999,33.52201346700008],[-84.63561405499996,33.529672195000046],[-84.63004788399996,33.537330664000024],[-84.62448073099995,33.54498887300008],[-84.61891259599997,33.55264682200004],[-84.613343478,33.56030451200007],[-84.607773378,33.56796194100008],[-84.60220229299995,33.57561911000005],[-84.59663022499996,33.58327601900004],[-84.59105717299997,33.59093266700006],[-84.58548313599994,33.59858905500005],[-84.57990811399998,33.606245182000066],[-84.57433210599999,33.61390104900005],[-84.56875511199996,33.621556654000074],[-84.56317713199996,33.62921199900006],[-84.55759816499994,33.63686708200004],[-84.55201820999997,33.644521904000044],[-84.54643726799998,33.652176465000025],[-84.54085533699998,33.65983076400005],[-84.53527241799998,33.66748480200005],[-84.52968850999997,33.67513857800003],[-84.52410361299997,33.68279209200006],[-84.51851772599997,33.69044534500006],[-84.51293084799994,33.698098335000054],[-84.50734297899999,33.70575106300004],[-84.50175411999999,33.71340352900006],[-84.49616426899996,33.721055732000025],[-84.49057342599997,33.72870767300003],[-84.48498158999996,33.73635935100003],[-84.47938876099994,33.74401076700008],[-84.47379493999995,33.75166191900007],[-84.46820012399996,33.75931280900005],[-84.46260431399998,33.76696343500004],[-84.45700750999998,33.774613798000075],[-84.45140970999995,33.78226389800005],[-84.44581091599997,33.78991373500003],[-84.44021112499996,33.797563307000075],[-84.43461033799997,33.80521261600006],[-84.42900855399995,33.812861661000056],[-84.42340577299996,33.820510443000046],[-84.41780199399994,33.82815896000005],[-84.41219721699997,33.835807213000066],[-84.40659144199998,33.84345520200003],[-84.40098466799998,33.85110292600007],[-84.39537689399998,33.858750386000054],[-84.38976812099997,33.86639758100006],[-84.38415834799997,33.87404451100008],[-84.37854757299993,33.88169117600006],[-84.37293579799996,33.88933757700005],[-84.36732302099995,33.896983712000065],[-84.36170924299995,33.90462958200004],[-84.35609446099994,33.912275186000045],[-84.35047867699996,33.919920525000066],[-84.34486188999995,33.92756559900005],[-84.33924409899998,33.93521040600007],[-84.33362530399995,33.94285494800005],[-84.32800550499996,33.950499224000055],[-84.32238469999999,33.95814323400003],[-84.31676288999995,33.96578697700005],[-84.31114007399998,33.97343045500003],[-84.30551625199996,33.98107366500005],[-84.29989142299996,33.98871661000004],[-84.29426558699998,33.996359287000075],[-84.28863874299998,34.004001698000025],[-84.28301089199994,34.01164384100008],[-84.27738203099995,34.01928571800005],[-84.27175216199998,34.026927328000056],[-84.26612128399995,34.034568670000056],[-84.26048939499998,34.04220974500004],[-84.25485649699993,34.049850552000066],[-84.24922258799995,34.05749109100003],[-84.24358766699999,34.065131363000035],[-84.23795173599996,34.07277136700003],[-84.23231479199995,34.080411103000074],[-84.22667683499998,34.08805057100005],[-84.22103786599996,34.095689770000035],[-84.21539788399997,34.103328701000066],[-84.20975688799996,34.11096736400003],[-84.20411487799998,34.11860575800006],[-84.19847185299994,34.12624388300003],[-84.19282781299995,34.13388173900006],[-84.18718275699996,34.141519327000026],[-84.18153668599996,34.14915664500006],[-84.17588959799997,34.156793694000044],[-84.17024149399998,34.16443047400003],[-84.16459237199996,34.172066984000026],[-84.15894223299995,34.179703225000026],[-84.15329107499997,34.18733919500005],[-84.14763889899996,34.194974897000066],[-84.14198570399998,34.20261032800005],[-84.13633148899999,34.210245489000044],[-84.13067625499997,34.217880379000064],[-84.12502,34.225515]],[[-84.170636,34.444298],[-84.17446482899999,34.435917792000055],[-84.17829289399998,34.42753745300007],[-84.18212019399994,34.41915698200006],[-84.18594673099994,34.41077638100006],[-84.18977250499995,34.40239564800004],[-84.19359751599995,34.394014784000035],[-84.19742176499994,34.38563378900005],[-84.20124525099999,34.377252663000036],[-84.20506797599995,34.36887140600004],[-84.20888993899996,34.360490018000064],[-84.21271114199999,34.35210849900005],[-84.21653158399994,34.34372685000005],[-84.22035126599997,34.33534507000007],[-84.22417018799996,34.32696315900006],[-84.22798834999998,34.318581118000054],[-84.23180575399994,34.31019894600007],[-84.23562239899996,34.30181664400004],[-84.23943828499995,34.29343421100003],[-84.24325341399998,34.285051648000035],[-84.24706778499996,34.27666895500005],[-84.25088139899998,34.26828613200007],[-84.25469425599994,34.25990317800006],[-84.25850635699999,34.251520095000046],[-84.26231770199996,34.243136882000044],[-84.26612829099997,34.234753538000064],[-84.26993812499995,34.226370065000026],[-84.27374720399996,34.217986462000056],[-84.27755552799994,34.20960272900004],[-84.28136309899998,34.20121886600003],[-84.28516991499998,34.19283487400003],[-84.28897597899999,34.18445075200003],[-84.29278128899995,34.17606650100004],[-84.29658584599997,34.16768212100004],[-84.30038965199998,34.15929761000007],[-84.30419270499993,34.150912971000025],[-84.30799500699999,34.14252820200005],[-84.31179655799997,34.134143305000066],[-84.31559735799993,34.125758278000035],[-84.31939740699994,34.11737312100007],[-84.32319670699997,34.10898783600004],[-84.32699525699996,34.100602422000065],[-84.33079305799998,34.092216879000034],[-84.33459010899998,34.08383120800005],[-84.33838641299997,34.075445407000075],[-84.34218196799998,34.06705947800003],[-84.34597677499994,34.05867342000005],[-84.34977083499996,34.05028723300006],[-84.35356414799998,34.04190091800007],[-84.35735671399993,34.03351447500006],[-84.36114853399994,34.025127903000055],[-84.36493960799999,34.01674120200005],[-84.36872993599997,34.00835437400008],[-84.37251951999997,33.99996741700005],[-84.37630835799996,33.99158033200007],[-84.38009645199998,33.98319311900008],[-84.38388380199996,33.974805778000075],[-84.38767040799996,33.96641830900006],[-84.39145627099998,33.95803071200004],[-84.39524139099996,33.94964298700006],[-84.399025769,33.94125513400007],[-84.40280940399998,33.932867154000064],[-84.40659229699997,33.924479046000044],[-84.41037444899996,33.91609081000007],[-84.41415585999994,33.90770244700008],[-84.41793652999996,33.89931395600007],[-84.42171645899998,33.890925338000045],[-84.42549564899997,33.882536592000065],[-84.42927409899994,33.874147719000064],[-84.43305180999994,33.86575871900004],[-84.43682878199996,33.857369591000065],[-84.44060501499996,33.84898033700006],[-84.44438050999997,33.84059095500004],[-84.44815526699995,33.832201447000045],[-84.45192928699998,33.82381181100004],[-84.45570256999997,33.81542204800007],[-84.45947511599996,33.80703215900007],[-84.46324692599995,33.79864214300005],[-84.467018,33.790252]],[[-84.226408,33.771529],[-84.21943053499996,33.77809326200003],[-84.21245200499999,33.784657123000045],[-84.20547241099996,33.79122058200005],[-84.19849175099995,33.797783640000034],[-84.19151002599995,33.80434629500007],[-84.18452723499996,33.81090854800004],[-84.17754337699995,33.81747039800007],[-84.17055845299996,33.82403184700007],[-84.163572462,33.83059289200003],[-84.15658540299995,33.83715353500003],[-84.14959727699994,33.84371377400004],[-84.14260808199998,33.850273611000034],[-84.13561781899995,33.85683304400004],[-84.12862648699996,33.863392074000046],[-84.12163408599997,33.86995070000006],[-84.11464061599997,33.876508923000074],[-84.10764607499993,33.88306674100005],[-84.10065046399995,33.889624156000025],[-84.093653782,33.896181166000076],[-84.08665602999997,33.90273777200008],[-84.07965720599998,33.90929397300005],[-84.07265730999995,33.91584977000008],[-84.06565634199995,33.92240516100003],[-84.05865430199998,33.928960148000044],[-84.05165118899998,33.93551472900003],[-84.04464700199998,33.94206890500004],[-84.03764174199995,33.94862267600007],[-84.03063540799997,33.95517604100007],[-84.023628,33.961729]],[[-84.767927,33.701821],[-84.75952076399994,33.70734509700003],[-84.75111345099998,33.71286861700003],[-84.74270506199997,33.71839156000004],[-84.73429559599998,33.72391392600008],[-84.72588505199997,33.72943571300004],[-84.71747343199996,33.73495692300003],[-84.709060734,33.74047755500004],[-84.70064695799994,33.74599760900003],[-84.69223210399997,33.751517085000046],[-84.68381617099999,33.75703598100006],[-84.67539915999998,33.762554299000044],[-84.66698107099995,33.76807203900006],[-84.65856190199997,33.77358919900007],[-84.65014165299993,33.779105779000076],[-84.64172032599998,33.784621780000066],[-84.63329791799998,33.79013720100005],[-84.62487442999998,33.795652043000075],[-84.61644986199997,33.80116630400005],[-84.60802421299996,33.80667998500007],[-84.59959748399996,33.81219308500005],[-84.59116967299997,33.81770560500007],[-84.58274078099998,33.823217544000045],[-84.57431080799995,33.82872890200008],[-84.56587975199994,33.834239678000074],[-84.55744761499994,33.83974987300007],[-84.54901439499997,33.84525948700008],[-84.54058009199997,33.85076851800005],[-84.53214470699999,33.85627696800003],[-84.52370823799998,33.86178483500004],[-84.51527068699994,33.86729212000006],[-84.50683205099995,33.87279882200005],[-84.49839233199998,33.87830494100007],[-84.48995152899994,33.88381047800004],[-84.48150964099995,33.88931543100006],[-84.473066669,33.89481980100004],[-84.46462261199997,33.90032358700006],[-84.45617746899995,33.90582678900006],[-84.44773124199997,33.91132940800003],[-84.43928392899994,33.916831442000046],[-84.43083552999997,33.92233289200004],[-84.42238604399995,33.92783375700003],[-84.41393547299998,33.933334038000055],[-84.40548381499997,33.938833733000024],[-84.39703106999997,33.94433284400003],[-84.38857723799998,33.94983136900004],[-84.38012231899995,33.955329309000035],[-84.37166631199995,33.960826663000034],[-84.36320921699996,33.966323431000035],[-84.35475103399995,33.97181961300004],[-84.34629176299995,33.97731520900004],[-84.33783140299994,33.982810218000054],[-84.32936995399996,33.988304640000024],[-84.32090741599995,33.99379847600005],[-84.31244378899999,33.999291724000045],[-84.30397907199995,34.00478438600004],[-84.29551326599994,34.01027646000006],[-84.28704636899994,34.01576794600004],[-84.27857838199998,34.021258844000045],[-84.27010930399996,34.02674915400007],[-84.26163913599999,34.032238876000065],[-84.25316787599996,34.03772801000002],[-84.24469552499994,34.04321655500007],[-84.23622208199998,34.04870451100004],[-84.22774754799997,34.05419187800004],[-84.21927192199996,34.059678656000074],[-84.21079520299998,34.06516484500003],[-84.20231739099995,34.07065044400008],[-84.19383848699994,34.07613545300006],[-84.18535848999994,34.08161987200003],[-84.17687739899998,34.087103701000046],[-84.16839521499998,34.09258694000005],[-84.15991193599996,34.098069588000044],[-84.15142756399996,34.10355164500004],[-84.14294209799993,34.10903311200008],[-84.13445553599996,34.114513987000066],[-84.12596787999996,34.11999427100005],[-84.11747912899995,34.12547396300005],[-84.10898928299997,34.13095306300005],[-84.10049834099993,34.13643157200005],[-84.09200630299995,34.14190948900006],[-84.08351316899996,34.147386813000026],[-84.07501893899996,34.15286354400007],[-84.06652361199997,34.158339683000065],[-84.05802718799998,34.16381522900008],[-84.04952966699994,34.169290182000054],[-84.04103104899997,34.17476454200005],[-84.03253133399994,34.18023830800007],[-84.02403051999994,34.185711480000066],[-84.01552860799995,34.19118405900008],[-84.00702559899997,34.196656043000075],[-83.99852148999997,34.202127433000044],[-83.99001628299999,34.20759822900004],[-83.98150997599998,34.21306843000008],[-83.97300257099994,34.21853803600004],[-83.96449406499994,34.22400704700004],[-83.95598445999997,34.22947546300003],[-83.94747375499998,34.234943283000064],[-83.93896194999996,34.240410508000025],[-83.93044904399994,34.245877137000036],[-83.92193503699997,34.25134317000004],[-83.91341992899999,34.25680860600005],[-83.90490371899995,34.26227344600005],[-83.89638640899994,34.26773769000005],[-83.88786799599995,34.27320133600006],[-83.87934848099997,34.27866438600006],[-83.87082786399998,34.28412683800008],[-83.86230614499993,34.28958869300004],[-83.85378332199997,34.29504995100007],[-83.84525939699995,34.30051061000006],[-83.83673436799995,34.30597067200006],[-83.82820823599997,34.31143013500008],[-83.819681,34.316889]],[[-84.494192,33.413943],[-84.48357175199999,33.41517773100003],[-84.47295120299998,33.416411553000046],[-84.46233035299997,33.41764446600007],[-84.45170920399994,33.418876468000065],[-84.44108775499996,33.420107562000055],[-84.43046600599996,33.42133774500007],[-84.41984395699996,33.42256701900004],[-84.40922160999997,33.42379538300003],[-84.39859896299998,33.42502283700003],[-84.38797601699997,33.42624938100005],[-84.37735277299998,33.42747501500003],[-84.36672922999998,33.428699739000024],[-84.35610538899994,33.42992355300004],[-84.34548124999998,33.43114645700007],[-84.33485681299999,33.43236845100006],[-84.32423207799997,33.43358953400008],[-84.31360704599996,33.43480970600007],[-84.30298171699997,33.43602896800007],[-84.29235608999994,33.43724732000004],[-84.28173016599999,33.438464761000034],[-84.27110394599998,33.439681291000056],[-84.26047742999998,33.44089691100004],[-84.24985061699994,33.44211161900006],[-84.23922350799995,33.44332541700004],[-84.22859610299997,33.44453830400005],[-84.21796840199994,33.44575028000003],[-84.20734040599996,33.446961345000034],[-84.19671211399998,33.44817149800008],[-84.18608352799998,33.44938074100003],[-84.17545464699998,33.45058907200007],[-84.16482547099997,33.45179649200003],[-84.154196,33.453003]],[[-84.12502,34.225515],[-84.12151405099996,34.21703240200003],[-84.11800880399994,34.20854969200008],[-84.11450426,34.20006687100005],[-84.11100041799995,34.191583937000075],[-84.10749727699994,34.18310089200003],[-84.10399483699996,34.17461773500003],[-84.10049309899995,34.166134466000074],[-84.09699205999993,34.157651086000044],[-84.09349172199995,34.14916759400006],[-84.08999208399996,34.14068399100006],[-84.08649314499996,34.13220027600005],[-84.08299490599995,34.12371644900003],[-84.07949736499995,34.115232512000034],[-84.07600052199996,34.10674846300003],[-84.07250437799996,34.098264302000075],[-84.06900893099998,34.08978003100003],[-84.06551418099997,34.08129564800004],[-84.06202012899996,34.07281115500007],[-84.05852677299998,34.06432655000003],[-84.05503411299998,34.055841834000034],[-84.05154214999999,34.04735700700007],[-84.04805088099994,34.038872070000025],[-84.04456030799997,34.030387021000024],[-84.04107043,34.02190186200005],[-84.03758124699993,34.013416592000056],[-84.03409275699994,34.00493121100004],[-84.03060496199998,33.996445720000054],[-84.02711785899999,33.987960118000046],[-84.02363144999998,33.979474405000076],[-84.02014573399998,33.970988582000075],[-84.01666070999994,33.962502649000044],[-84.01317637799997,33.95401660500005],[-84.00969273799996,33.945530451000025],[-84.00620978899997,33.937044187000026],[-84.00272753099995,33.928557812000065],[-83.99924596399995,33.92007132800006],[-83.99576508699994,33.91158473300004],[-83.99228489999996,33.903098028000045],[-83.98880540299996,33.894611213000076],[-83.98532659499995,33.886124288000076],[-83.98184847599998,33.877637253000046],[-83.97837104499996,33.86915010900003],[-83.97489430299999,33.860662854000054],[-83.97141824799996,33.852175490000036],[-83.96794288099994,33.843688016000044],[-83.96446820099999,33.83520043300007],[-83.96099420799999,33.82671273900007],[-83.95752090199994,33.818224937000025],[-83.95404828099998,33.80973702500006],[-83.95057634699998,33.801249003000066],[-83.94710509699996,33.79276087200003],[-83.94363453299997,33.78427263200007],[-83.94016465399994,33.775784282000075],[-83.93669545899996,33.76729582300004],[-83.93322694799997,33.75880725500008],[-83.92975912099996,33.750318578000076],[-83.92629197699995,33.74182979200003],[-83.92282551599999,33.73334089600007],[-83.91935973699998,33.72485189200006],[-83.91589464099997,33.716362779000065],[-83.91243022699996,33.70787355700003],[-83.90896649499996,33.69938422600006],[-83.90550344399998,33.69089478600006],[-83.90204107399995,33.68240523800006],[-83.89857938399996,33.673915581000074],[-83.89511837499998,33.66542581500005],[-83.89165804499999,33.65693594100003],[-83.88819839599995,33.648445958000025],[-83.88473942499996,33.639955867000026],[-83.88128113299996,33.63146566700004],[-83.87782351999994,33.622975359000066],[-83.87436658499996,33.614484943000036],[-83.87091032799998,33.60599441800008],[-83.86745474799994,33.59750378500007],[-83.86399984499997,33.58901304400007],[-83.86054561999998,33.58052219500007],[-83.85709206999996,33.57203123800008],[-83.85363919699995,33.563540173000035],[-83.850187,33.555049]],[[-84.467018,33.790252],[-84.47700992999995,33.79352520400005],[-84.48700262099999,33.79679759700008],[-84.49699607199994,33.80006917900005],[-84.50699028299994,33.803339949000076],[-84.51698525499995,33.80660990800004],[-84.52698098699994,33.80987905500007],[-84.53697747899997,33.81314739100003],[-84.54697473199997,33.81641491400006],[-84.55697274499994,33.81968162600003],[-84.56697151799995,33.822947525000075],[-84.57697105099999,33.82621261200006],[-84.58697134399995,33.829476886000066],[-84.59697239699994,33.83274034800007],[-84.60697421099997,33.83600299600005],[-84.61697678399997,33.839264832000026],[-84.62698011699996,33.84252585400003],[-84.63698420999998,33.84578606300005],[-84.64698906299998,33.849045458000035],[-84.65699467599995,33.852304039000046],[-84.66700104899996,33.85556180700007],[-84.67700818099996,33.858818761000066],[-84.68701607399998,33.86207490000004],[-84.69702472499995,33.86533022500004],[-84.70703413699994,33.86858473600006],[-84.71704430799997,33.87183843200006],[-84.72705523899998,33.87509131300004],[-84.73706692899998,33.87834337900006],[-84.74707937899996,33.88159463000005],[-84.75709258799998,33.884845065000036],[-84.76710655599999,33.888094685000056],[-84.77712128399997,33.891343490000054],[-84.78713677099995,33.89459147800005],[-84.79715301799996,33.89783865100003],[-84.80717002399996,33.90108500800005],[-84.81718778799996,33.904330548000075],[-84.82720631299998,33.90757527200003],[-84.83722559599994,33.91081917900004],[-84.84724563799995,33.914062270000045],[-84.85726643999999,33.91730454300006],[-84.867288,33.920546]],[[-84.023628,33.961729],[-84.02371343999994,33.95294367100007],[-84.02379886199998,33.94415833000005],[-84.02388426599998,33.93537297600005],[-84.02396965299994,33.92658761000007],[-84.02405502299996,33.91780223100005],[-84.02414037399996,33.90901683900006],[-84.02422570899995,33.90023143500002],[-84.02431102599996,33.89144601800007],[-84.02439632499994,33.88266058800008],[-84.02448160699998,33.873875146000046],[-84.024566871,33.86508969100004],[-84.02465211799995,33.85630422400004],[-84.02473734799997,33.84751874400007],[-84.02482255999996,33.838733251000065],[-84.02490775499996,33.82994774600007],[-84.02499293199998,33.82116222900004],[-84.02507809199994,33.81237669800004],[-84.025163234,33.80359115500005],[-84.02524835899999,33.794805600000075],[-84.02533346699994,33.78602003200007],[-84.02541855699997,33.77723445100003],[-84.02550362999995,33.768448858000056],[-84.02558868499995,33.75966325200005],[-84.02567372299995,33.75087763300007],[-84.02575874399997,33.74209200200005],[-84.02584374699995,33.73330635900004],[-84.025928734,33.72452070200006],[-84.02601370199994,33.71573503400003],[-84.02609865399995,33.70694935200004],[-84.02618358799998,33.698163658000055],[-84.02626850499996,33.68937795200003],[-84.02635340499995,33.68059223300003],[-84.02643828699996,33.67180650100005],[-84.02652315199998,33.66302075700003],[-84.026608,33.654235]],[[-83.819681,34.316889],[-83.82344255399994,34.30844856300007],[-83.82720335499994,34.30000799900006],[-83.83096340399999,34.291567308000026],[-83.83472270199997,34.28312649000003],[-83.83848124699995,34.27468554400008],[-83.84223904099997,34.26624447200004],[-83.84599608499997,34.257803274000025],[-83.84975237799995,34.24936194800006],[-83.85350792099996,34.24092049600006],[-83.85726271399994,34.23247891700004],[-83.86101675799995,34.22403721100005],[-83.86477005299997,34.215595379000035],[-83.86852259999995,34.207153420000054],[-83.87227439799994,34.19871133500004],[-83.87602544799995,34.190269124000054],[-83.87977575099995,34.181826786000045],[-83.88352530699996,34.17338432200006],[-83.88727411699995,34.164941732000045],[-83.89102217999994,34.156499016000055],[-83.89476949699997,34.14805617400003],[-83.89851606799994,34.139613206000035],[-83.90226189399993,34.13117011200006],[-83.90600697599996,34.12272689200006],[-83.90975131299996,34.114283546000024],[-83.91349490599998,34.10584007500006],[-83.91723775499997,34.097396477000075],[-83.92097986099998,34.08895275400005],[-83.92472122399994,34.080508906000034],[-83.92846184499996,34.072064932000046],[-83.93220172299993,34.06362083300007],[-83.93594085999996,34.05517660800007],[-83.93967925499999,34.04673225800008],[-83.94341690899995,34.038287782000054],[-83.94715382199996,34.029843182000036],[-83.95088999499995,34.02139845600004],[-83.95462542799999,34.012953605000064],[-83.95836012099994,34.00450862900004],[-83.96209407499998,33.996063528000036],[-83.96582728999994,33.987618302000044],[-83.96955976699996,33.979172952000056],[-83.97329150599995,33.970727476000036],[-83.97702250699996,33.96228187600008],[-83.98075276999998,33.953836151000075],[-83.98448229699994,33.94539030200008],[-83.98821108699997,33.93694432800004],[-83.99193913999994,33.92849822900007],[-83.99566645799996,33.92005200600005],[-83.99939303999997,33.91160565900003],[-84.00311888699997,33.90315918700003],[-84.006844,33.89471259100003],[-84.01056837799996,33.886265871000035],[-84.01429202099996,33.877819026000054],[-84.01801493199997,33.86937205800007],[-84.02173710799997,33.86092496500004],[-84.02545855199998,33.85247774900006],[-84.02917926399994,33.84403040900003],[-84.03289924299997,33.835582944000066],[-84.03661848999997,33.82713535600004],[-84.04033700599996,33.81868764500007],[-84.04405479099995,33.81023980900005],[-84.04777184499994,33.80179185000003],[-84.05148816799993,33.79334376800006],[-84.05520376199996,33.78489556100004],[-84.05891862599998,33.776447232000066],[-84.06263276099997,33.76799877900004],[-84.06634616599996,33.75955020300006],[-84.07005884399996,33.75110150300003],[-84.07377079299994,33.74265268000005],[-84.07748201399994,33.73420373400006],[-84.08119250799996,33.72575466500007],[-84.08490227399994,33.71730547300007],[-84.088611314,33.70885615800006],[-84.09231962799998,33.700406720000046],[-84.09602721599998,33.69195716000007],[-84.09973407799998,33.683507476000045],[-84.10344021499998,33.67505767000006],[-84.10714562599998,33.666607741000064],[-84.11085031399995,33.65815768900006],[-84.11455427699997,33.649707515000046],[-84.11825751599997,33.64125721800008],[-84.12196003199995,33.632806799000036],[-84.12566182499995,33.624356257000045],[-84.12936289499999,33.615905593000036],[-84.13306324299998,33.60745480700007],[-84.13676286899994,33.599003899000024],[-84.14046177299997,33.59055286800003],[-84.14415995599995,33.58210171500008],[-84.14785741799994,33.57365044100004],[-84.15155415899994,33.56519904400005],[-84.15525017999994,33.55674752500005],[-84.15894548199998,33.54829588500007],[-84.16264006399996,33.539844122000034],[-84.16633392699998,33.531392238000024],[-84.17002707099994,33.52294023200005],[-84.173719496,33.514488105000055],[-84.17741120399995,33.50603585600004],[-84.18110219399995,33.497583485000064],[-84.18479246699997,33.48913099300006],[-84.18848202299995,33.48067838000003],[-84.19217086199995,33.47222564500004],[-84.19585898499997,33.463772789000075],[-84.19954639199995,33.45531981100004],[-84.20323308399998,33.44686671300008],[-84.20691905999996,33.43841349300004],[-84.21060432199994,33.429960152000035],[-84.21428886899997,33.42150669000006],[-84.21797270199994,33.41305310800004],[-84.22165582199995,33.404599404000066],[-84.22533822799994,33.39614557900006],[-84.22901992099997,33.38769163400008],[-84.23270090099999,33.379237568000065],[-84.23638116899997,33.37078338200007],[-84.24006072599997,33.36232907400006],[-84.24373956999995,33.353874646000065],[-84.24741770399999,33.345420098000034],[-84.25109512599994,33.33696542900003],[-84.25477183899994,33.32851064000005],[-84.25844784099996,33.320055731000025],[-84.26212313299999,33.31160070100003],[-84.26579771499996,33.30314555100006],[-84.26947158899998,33.294690281000044],[-84.27314475399999,33.28623489100005],[-84.27681721099998,33.27777938000003],[-84.28048895899997,33.26932375000007],[-84.28416,33.260868]],[[-84.154196,33.453003],[-84.14644067799998,33.45910043200007],[-84.13868426999994,33.46519737400007],[-84.13092677699996,33.47129382300005],[-84.12316819599994,33.477389782000046],[-84.11540852999997,33.48348524800008],[-84.10764777599996,33.489580223000075],[-84.09988593399999,33.495674705000056],[-84.09212300499996,33.501768696000056],[-84.08435898799996,33.50786219400004],[-84.07659388299999,33.513955199000065],[-84.06882768899999,33.520047711000075],[-84.06106040599997,33.52613973100006],[-84.05329203399998,33.532231257000035],[-84.04552257199998,33.53832229000005],[-84.03775201999997,33.544412830000056],[-84.02998037799995,33.55050287500006],[-84.02220764599997,33.556592427000055],[-84.014433823,33.56268148500004],[-84.00665890799996,33.56877004900008],[-83.99888290199993,33.574858118000066],[-83.99110580399997,33.58094569200006],[-83.98332761499995,33.58703277200004],[-83.97554833199996,33.593119357000035],[-83.96776795699998,33.59920544700003],[-83.95998648899996,33.605291041000044],[-83.95220392799996,33.61137614000006],[-83.94442027199995,33.61746074300004],[-83.93663552299995,33.62354485000003],[-83.92884967899994,33.62962846200003],[-83.92106274099996,33.63571157700005],[-83.91327470799996,33.641794195000045],[-83.90548557899996,33.647876317000055],[-83.89769535499994,33.65395794300008],[-83.88990403499997,33.66003907100003],[-83.88211161899994,33.66611970200006],[-83.87431810599998,33.67219983600006],[-83.86652349599996,33.67827947200004],[-83.85872778899994,33.68435861100005],[-83.85093098499993,33.69043725200004],[-83.84313308299994,33.69651539500006],[-83.83533408199997,33.70259304000007],[-83.82753398299997,33.70867018600006],[-83.81973278599997,33.71474683400004],[-83.81193048899996,33.72082298200007],[-83.80412709299998,33.72689863200003],[-83.79632259699997,33.732973783000034],[-83.78851700099995,33.73904843500003],[-83.78071030399997,33.745122587000026],[-83.77290250699997,33.75119623900002],[-83.76509360899996,33.75726939200007],[-83.75728360899996,33.76334204400007],[-83.74947250799994,33.76941419700006],[-83.74166030499998,33.77548584900006],[-83.733847,33.781557]],[[-83.850187,33.555049],[-83.847505803,33.563641881000024],[-83.84482407599995,33.57223469300004],[-83.84214181599998,33.58082743400007],[-83.83945902499994,33.589420105000045],[-83.83677570199995,33.59801270600008],[-83.83409184699997,33.60660523700005],[-83.83140745999998,33.61519769800003],[-83.82872253899995,33.62379008900007],[-83.82603708599999,33.63238240900006],[-83.82335109899998,33.64097465900005],[-83.82066457799993,33.649566839000045],[-83.81797752399996,33.65815894800005],[-83.81528993499995,33.66675098700006],[-83.81260181199997,33.675342956000065],[-83.80991315399996,33.68393485400003],[-83.80722396099998,33.69252668100006],[-83.80453423299997,33.70111843800004],[-83.80184396999994,33.70971012500007],[-83.79915316999995,33.71830174100006],[-83.79646183399996,33.72689328600006],[-83.79376996199994,33.735484761000066],[-83.79107755399997,33.744076165000024],[-83.78838460799994,33.75266749900004],[-83.78569112499997,33.76125876100008],[-83.78299710499994,33.76984995300006],[-83.78030254699996,33.77844107400006],[-83.77760745099994,33.78703212500005],[-83.77491181599999,33.79562310400007],[-83.77221564299998,33.804214013000035],[-83.76951893099994,33.81280485000008],[-83.76682167999996,33.821395617000064],[-83.76412388899996,33.82998631300006],[-83.76142555899997,33.83857693700003],[-83.75872668799997,33.84716749100005],[-83.75602727799998,33.85575797300004],[-83.75332732699997,33.86434838500003],[-83.75062683499993,33.87293872500004],[-83.74792580099995,33.881528994000064],[-83.74522422699994,33.89011919200004],[-83.74252210999998,33.898709319000034],[-83.73981945199995,33.90729937400005],[-83.73711625199996,33.91588935800007],[-83.73441250899998,33.92447927100005],[-83.73170822299994,33.933069112000055],[-83.72900339399996,33.94165888200007],[-83.72629802199998,33.95024858000005],[-83.72359210599996,33.95883820700004],[-83.72088564599994,33.967427763000046],[-83.71817864199994,33.97601724700007],[-83.71547109299996,33.984606659000065],[-83.712763,33.993196]],[[-84.867288,33.920546],[-84.86654655099994,33.92936043900005],[-84.86580494899994,33.93817486100005],[-84.86506319499995,33.94698926600006],[-84.86432128699994,33.95580365300003],[-84.86357922699995,33.96461802400006],[-84.86283701299999,33.97343237700005],[-84.86209464599995,33.98224671400004],[-84.86135212599999,33.99106103300005],[-84.86060945199995,33.99987533500007],[-84.85986662499994,34.00868962000004],[-84.85912364499995,34.01750388800008],[-84.85838051099995,34.02631813800008],[-84.85763722299998,34.03513237200008],[-84.85689378199999,34.04394658800004],[-84.85615018699997,34.05276078700007],[-84.85540643699994,34.06157496900005],[-84.85466253399994,34.07038913400004],[-84.85391847699998,34.07920328200004],[-84.85317426499995,34.088017412000056],[-84.85242989899996,34.096831526000074],[-84.85168537899995,34.105645622000054],[-84.85094070499997,34.114459701000044],[-84.85019587599999,34.12327376200005],[-84.84945089199994,34.13208780700006],[-84.84870575399998,34.14090183500008],[-84.84796046099996,34.14971584500006],[-84.84721501299998,34.15852983800005],[-84.84646940999994,34.16734381400005],[-84.84572365199995,34.17615777200007],[-84.84497773899994,34.18497171300004],[-84.84423167099999,34.193785638000065],[-84.84348544799997,34.202599545000055],[-84.84273906899995,34.211413434000065],[-84.84199253499997,34.22022730700007],[-84.84124584499995,34.229041162000044],[-84.840499,34.237855]],[[-84.026608,33.654235],[-84.03725424099997,33.653558470000064],[-84.04790031599998,33.65288102400007],[-84.05854622399994,33.65220266100005],[-84.06919196499996,33.65152338100006],[-84.07983753799994,33.65084318400005],[-84.09048294399997,33.65016207100007],[-84.10112818199997,33.64948004000007],[-84.11177325199998,33.64879709400003],[-84.12241815299996,33.648113230000035],[-84.13306288699994,33.64742845000006],[-84.14370745099995,33.64674275400006],[-84.15435184699999,33.64605614100003],[-84.16499607299994,33.64536861200003],[-84.17564012999998,33.64468016600006],[-84.18628401799998,33.643990804000055],[-84.19692773599996,33.643300526000075],[-84.20757128399998,33.642609331000074],[-84.218214661,33.64191722000004],[-84.22885786799998,33.64122419300003],[-84.23950090499994,33.64053025000004],[-84.25014377099995,33.63983539000003],[-84.26078646499997,33.63913961500003],[-84.27142898899996,33.63844292300007],[-84.28207133999996,33.637745316000064],[-84.29271352099994,33.637046792000035],[-84.30335552899999,33.636347353000076],[-84.31399736499998,33.63564699700004],[-84.32463902799998,33.63494572600007],[-84.33528051899998,33.63424353900007],[-84.34592183699993,33.63354043600003],[-84.35656298199996,33.63283641800007],[-84.367203954,33.63213148300002],[-84.37784475199999,33.63142563400004],[-84.38848537699994,33.63071886800003],[-84.39912582799997,33.630011187000036],[-84.40976610399997,33.629302590000066],[-84.42040620699998,33.62859307800005],[-84.43104613399998,33.62788265000006],[-84.44168588699995,33.627171307000026],[-84.45232546499994,33.62645904900006],[-84.46296486799997,33.625745875000064],[-84.47360409499998,33.62503178600008],[-84.48424314599998,33.62431678100006],[-84.49488202199996,33.623600862000046],[-84.50552072199997,33.622884027000055],[-84.51615924499998,33.622166277000076],[-84.52679759199998,33.621447612000054],[-84.53743576199997,33.620728031000056],[-84.54807375499996,33.62000753600006],[-84.55871157099995,33.61928612600008],[-84.56934920899994,33.61856380100005],[-84.57998666999998,33.61784056100004],[-84.59062395299998,33.61711640600004],[-84.60126105799998,33.61639133600005],[-84.61189798499998,33.615665351000075],[-84.62253473299995,33.61493845200005],[-84.63317130299998,33.61421063800003],[-84.64380769399997,33.61348190900003],[-84.65444390499994,33.61275226600003],[-84.66507993699997,33.61202170800004],[-84.67571578999997,33.61129023500007],[-84.68635146299994,33.61055784800004],[-84.69698695599999,33.60982454700007],[-84.70762226799997,33.60909033100006],[-84.71825740099996,33.60835520100005],[-84.72889235199995,33.607619156000055],[-84.73952712299996,33.60688219700006],[-84.75016171299995,33.60614432400007],[-84.76079612099994,33.605405536000035],[-84.77143034799997,33.60466583500005],[-84.78206439299998,33.603925219000075],[-84.79269825599994,33.60318368900005],[-84.80333193699994,33.60244124500008],[-84.81396543599999,33.60169788700006],[-84.82459875199999,33.60095361500004],[-84.83523188499998,33.60020842900008],[-84.84586483599998,33.59946232900006],[-84.85649760299998,33.59871531500005],[-84.86713018599994,33.59796738800003],[-84.87776258599996,33.59721854700007],[-84.88839480199994,33.59646879200005],[-84.89902745451904,33.59571765569754],[-84.90965932738541,33.594966060920974],[-84.92029101525952,33.59421355214042],[-84.93092251814144,33.59346012935592],[-84.94155383603123,33.59270579356751],[-84.95218496892879,33.5919505437751],[-84.96281591683423,33.591194380978706],[-84.9734466787475,33.590437305178405],[-84.98407725566865,33.58967931537411],[-84.99470764559769,33.58892041256578],[-85.0053378463932,33.58816059418751],[-85.01596785811486,33.58739985921578],[-85.02659768188954,33.58663821118068],[-85.03722731971753,33.585875650082066],[-85.04785677059873,33.58511217591992],[-85.05848603453335,33.58434778869398],[-85.06911511052138,33.58358248840427],[-85.07974399856306,33.582816275050554]],[[-84.28416,33.260868],[-84.28587071299995,33.26972646000007],[-84.28758177099996,33.27858488500004],[-84.28929317399997,33.287443273000065],[-84.29100492399994,33.29630162400008],[-84.29271701899995,33.30515994000007],[-84.29442946099994,33.31401821900005],[-84.29614224999995,33.32287646200007],[-84.29785538399994,33.33173466900007],[-84.29956886599996,33.340592840000056],[-84.30128269499994,33.349450974000035],[-84.30299686999996,33.358309072000054],[-84.30471139299993,33.367167133000066],[-84.30642626399998,33.37602515900005],[-84.30814148199994,33.38488314700004],[-84.30985704899996,33.39374110000006],[-84.31157296299995,33.40259901600007],[-84.31328922599994,33.41145689600006],[-84.31500583699994,33.42031473900005],[-84.31672279599997,33.429172546000075],[-84.31844010499998,33.43803031600004],[-84.32015776199995,33.44688805000004],[-84.32187576899997,33.45574574800003],[-84.32359412499994,33.46460340900006],[-84.32531283099996,33.473461034000024],[-84.32703188699998,33.48231862200004],[-84.32875129199994,33.49117617300004],[-84.33047104799994,33.50003368800003],[-84.33219115399999,33.50889116600007],[-84.33391160999997,33.51774860800003],[-84.33563241699994,33.52660601300005],[-84.33735357499995,33.535463382000046],[-84.339075085,33.54432071400004],[-84.34079694499997,33.55317801000007],[-84.34251915699997,33.562035268000045],[-84.34424171999996,33.57089249000006],[-84.34596463599996,33.57974967600006],[-84.34768790299995,33.588606825000056],[-84.34941152299996,33.59746393700004],[-84.35113549499994,33.60632101200002],[-84.35285981999994,33.615178050000054],[-84.35458449699996,33.62403505200007],[-84.35630952699995,33.632892017000074],[-84.35803491099995,33.641748946000064],[-84.35976064799996,33.65060583700006],[-84.36148673799994,33.659462692000034],[-84.36321318299997,33.66831951000006],[-84.36493998099996,33.67717629100002],[-84.36666713299996,33.68603303500004],[-84.36839463999996,33.69488974200004],[-84.37012250099997,33.70374641300003],[-84.37185071599998,33.71260304700007],[-84.37357928699998,33.72145964300006],[-84.37530821299998,33.73031620300003],[-84.37703749399998,33.73917272600005],[-84.37876712999997,33.74802921200006],[-84.38049712199995,33.75688566100007],[-84.38222746999998,33.76574207300007],[-84.38395817399999,33.77459844800006],[-84.38568923399998,33.78345478600005],[-84.38742064999997,33.79231108700003],[-84.38915242299998,33.80116735000007],[-84.39088455299998,33.81002357700004],[-84.39261703999995,33.818879767000055],[-84.39434988399995,33.827735920000066],[-84.39608308499999,33.836592035000024],[-84.39781664399999,33.84544811400008],[-84.39955056099996,33.85430415500008],[-84.40128483599995,33.863160159000074],[-84.40301946799997,33.87201612700005],[-84.40475445999994,33.880872056000044],[-84.40648980899994,33.889727949000076],[-84.40822551699995,33.898583805000044],[-84.40996158499996,33.90743962300007],[-84.41169801099994,33.91629540400004],[-84.413434796,33.925151148000054],[-84.41517194099998,33.934006855000064],[-84.41690944599998,33.94286252400008],[-84.41864731099997,33.95171815600003],[-84.42038553499998,33.96057375100003],[-84.42212411999998,33.96942930800003],[-84.42386306599997,33.97828482800003],[-84.42560237199996,33.987140311000076],[-84.42734203899994,33.99599575600007],[-84.42908206599998,34.00485116400006],[-84.43082245499994,34.01370653500004],[-84.43256320599994,34.022561868000025],[-84.43430431799999,34.03141716400006],[-84.43604579199996,34.04027242300003],[-84.43778762799997,34.049127644000066],[-84.43952982599995,34.057982827000046],[-84.44127238699997,34.06683797300008],[-84.44301530999996,34.07569308200004],[-84.44475859599999,34.08454815300007],[-84.44650224399999,34.093403186000046],[-84.44824625599995,34.10225818200007],[-84.44999063199998,34.11111314000004],[-84.45173537099998,34.119968061000066],[-84.45348047299996,34.128822944000035],[-84.45522593999993,34.137677790000055],[-84.45697177099998,34.14653259800008],[-84.45871796599994,34.15538736900004],[-84.46046452599995,34.16424210100007],[-84.46221144999998,34.17309679600004],[-84.46395873999995,34.18195145400006],[-84.46570639399994,34.19080607400008],[-84.46745441399997,34.19966065600005],[-84.46920279899996,34.20851520000008],[-84.47095154999994,34.217369707000046],[-84.47270066699997,34.22622417600007],[-84.47445015099998,34.23507860700005],[-84.4762,34.243933]],[[-83.733847,33.781557],[-83.74362109599997,33.777836465000064],[-83.75339434699998,33.77411515400007],[-83.76316675199996,33.770393066000054],[-83.77293831299994,33.76667020300005],[-83.78270902799994,33.76294656400006],[-83.79247889899995,33.75922214900004],[-83.80224792399997,33.75549695900003],[-83.81201610399995,33.751770994000026],[-83.82178343899994,33.748044253000046],[-83.83154992899995,33.744316738000066],[-83.84131557399996,33.74058844800004],[-83.85108037399993,33.736859383000024],[-83.86084432799998,33.733129544000064],[-83.87060743799998,33.72939893100005],[-83.88036970299999,33.72566754400003],[-83.89013112299995,33.72193538300007],[-83.89989169899997,33.718202448000056],[-83.90965142899995,33.71446873900004],[-83.91941031399995,33.71073425800006],[-83.92916835499994,33.70699900300008],[-83.93892554999996,33.70326297500003],[-83.94868190099999,33.69952617400003],[-83.95843740699996,33.69578860100006],[-83.96819206799995,33.69205025500003],[-83.97794588399995,33.68831113700003],[-83.98769885599995,33.684571247000065],[-83.99745098299996,33.680830585000024],[-84.00720226499999,33.677089151000075],[-84.01695270199997,33.67334694600004],[-84.02670229499995,33.669603969000036],[-84.03645104299994,33.66586022100006],[-84.04619894599995,33.66211570100006],[-84.05594600499995,33.65837041100008],[-84.06569221899997,33.65462435000006],[-84.07543758899999,33.65087751900006],[-84.08518211399996,33.64712991700003],[-84.09492579399995,33.64338154500007],[-84.10466862999994,33.639632403000064],[-84.11441062199998,33.635882491000075],[-84.12415176899998,33.63213181000003],[-84.13389207099993,33.62838035900006],[-84.14363152899995,33.62462813800005],[-84.15337014199997,33.62087514900003],[-84.16310791199999,33.61712139000008],[-84.17284483599997,33.61336686300007],[-84.18258091699994,33.60961156700006],[-84.19231615299998,33.605855502000054],[-84.20205054399997,33.60209867000003],[-84.21178409199996,33.59834106900007],[-84.22151679499996,33.594582700000046],[-84.23124865399996,33.59082356300007],[-84.24097966799997,33.58706365900008],[-84.25070983899997,33.58330298800007],[-84.26043916499998,33.579541549000055],[-84.27016764699994,33.57577934300008],[-84.27989528499995,33.57201637000003],[-84.28962207799998,33.568252630000075],[-84.29934802799994,33.564488124000036],[-84.30907313299997,33.560722852000026],[-84.318797395,33.556956813000056],[-84.32852081199997,33.55319000900005],[-84.33824338499994,33.54942243800008],[-84.34796511499997,33.54565410200007],[-84.357686,33.541885]],[[-83.712763,33.993196],[-83.72150969199998,33.987945996000064],[-83.73025530699994,33.98269536600003],[-83.73899984799993,33.97744411000008],[-83.74774331299994,33.97219222800004],[-83.75648570299995,33.96693972000003],[-83.76522701799996,33.96168658700003],[-83.77396725899996,33.95643282900005],[-83.78270642499996,33.95117844600003],[-83.79144451699995,33.94592343800008],[-83.80018153499998,33.94066780600008],[-83.80891747999993,33.93541154900004],[-83.81765235099994,33.93015466700007],[-83.82638614799998,33.924897162000036],[-83.83511887199995,33.91963903300007],[-83.84385052399995,33.914380281000035],[-83.85258110299998,33.909120905000066],[-83.86131060899999,33.903860905000045],[-83.87003904399995,33.898600283000064],[-83.87876640599995,33.89333903800008],[-83.88749269599998,33.88807717000003],[-83.89621791499997,33.882814680000024],[-83.90494206299996,33.87755156700007],[-83.91366513899999,33.87228783300003],[-83.92238714399997,33.86702347700003],[-83.93110807899996,33.861758499000075],[-83.93982794299995,33.856492899000045],[-83.94854673699996,33.851226679000035],[-83.95726446099997,33.845959837000066],[-83.96598111599997,33.84069237400007],[-83.97469669999998,33.83542429100004],[-83.983411215,33.830155587000036],[-83.99212466099993,33.82488626300005],[-84.00083703799999,33.81961631900003],[-84.00954834699996,33.81434575500003],[-84.01825858699993,33.80907457200004],[-84.02696775799996,33.80380276900007],[-84.03567586199995,33.798530346000064],[-84.04438289699993,33.793257305000054],[-84.05308886499995,33.787983644000064],[-84.06179376599994,33.78270936500007],[-84.07049759899996,33.777434468000024],[-84.07920036499996,33.77215895200004],[-84.08790206499998,33.766882818000056],[-84.09660269799997,33.76160606600007],[-84.10530226499998,33.756328696000026],[-84.11400076599995,33.751050709000026],[-84.12269819999995,33.745772104000025],[-84.13139456899995,33.74049288300006],[-84.14008987299997,33.735213044000034],[-84.14878411199999,33.72993258900004],[-84.15747728499997,33.72465151700004],[-84.16616939399995,33.71936982900007],[-84.17486043799994,33.714087525000025],[-84.18355041699994,33.70880460400008],[-84.19223933299997,33.70352106800004],[-84.20092718499995,33.69823691700003],[-84.20961397299999,33.69295215000005],[-84.21829969699996,33.68766676700005],[-84.22698435799998,33.682380770000066],[-84.23566795699998,33.677094158000045],[-84.24435049199997,33.67180693200004],[-84.25303196499993,33.666519091000055],[-84.26171237499995,33.66123063600003],[-84.27039172399998,33.655941566000024],[-84.27907000999994,33.65065188400007],[-84.28774723499998,33.645361587000025],[-84.29642339799994,33.64007067700004],[-84.30509849999999,33.63477915400006],[-84.31377253999995,33.62948701800008],[-84.32244551999997,33.62419426900004],[-84.33111743999996,33.61890090700007],[-84.33978829899996,33.61360693300003],[-84.34845809799998,33.60831234600005],[-84.35712683699995,33.60301714800005],[-84.36579451599994,33.59772133800004],[-84.374461135,33.59242491600003],[-84.38312669599998,33.58712788200006],[-84.39179119699997,33.58183023700008],[-84.40045463899997,33.57653198200006],[-84.40911702299996,33.57123311500004],[-84.41777834799996,33.56593363800005],[-84.42643861599998,33.560633550000034],[-84.43509782499996,33.55533285200005],[-84.44375597599998,33.550031543000046],[-84.45241306999998,33.54472962500006],[-84.46106910699996,33.53942709700004],[-84.46972408599999,33.534123960000045],[-84.47837800899998,33.528820213000074],[-84.48703087499996,33.52351585700006],[-84.49568268399997,33.51821089200007],[-84.50433343799995,33.51290531800004],[-84.51298313499996,33.50759913600007],[-84.52163177699998,33.50229234600005],[-84.53027936299998,33.496984947000044],[-84.53892589399999,33.49167694000005],[-84.54757136899997,33.48636832600005],[-84.55621578999995,33.48105910400005],[-84.56485915599995,33.475749274000066],[-84.57350146799996,33.470438838000064],[-84.58214272499998,33.46512779400007],[-84.59078292899994,33.45981614300007],[-84.59942207899996,33.454503886000055],[-84.60806017499993,33.449191023000026],[-84.61669721699997,33.44387755300005],[-84.62533320699998,33.43856347700006],[-84.63396814399994,33.433248795000054],[-84.64260202799994,33.427933508000024],[-84.65123485999999,33.422617615000036],[-84.65986663899997,33.41730111700008],[-84.66849736699999,33.41198401400004],[-84.67712704199994,33.406666306000034],[-84.68575566699997,33.40134799300006],[-84.694383239,33.39602907600005],[-84.70300976099998,33.39070955500006],[-84.71163523199994,33.38538942900004],[-84.72025965199998,33.38006870000004],[-84.72888302199993,33.374747366000065],[-84.73750534099997,33.369425430000035],[-84.74612660999998,33.36410288900004],[-84.75474682999999,33.35877974600004],[-84.763366,33.353456]],[[-84.840499,34.237855],[-84.83037407399996,34.24101026300008],[-84.82024839299999,34.24416468800007],[-84.81012195599999,34.247318275000055],[-84.79999476399996,34.250471024000035],[-84.78986681699996,34.25362293400008],[-84.77973811499999,34.25677400700005],[-84.76960865699994,34.25992424000003],[-84.75947844399997,34.26307363500007],[-84.74934747599997,34.266222191000054],[-84.73921575299994,34.269369908000044],[-84.72908327499994,34.27251678600004],[-84.71895004199996,34.27566282500004],[-84.70881605399995,34.27880802400006],[-84.69868131199996,34.28195238300003],[-84.68854581399995,34.28509590200008],[-84.67840956199996,34.28823858100003],[-84.66827255499999,34.29138042100004],[-84.65813479399998,34.294521419000034],[-84.64799627799994,34.29766157800003],[-84.63785700799997,34.300800895000066],[-84.62771698299997,34.30393937200006],[-84.61757620399999,34.30707700800008],[-84.60743467099996,34.31021380300007],[-84.59729238299997,34.31334975600004],[-84.58714934199998,34.31648486800003],[-84.57700554599995,34.319619139000054],[-84.56686099599995,34.322752567000066],[-84.55671569199995,34.32588515400005],[-84.54656963399998,34.32901689900007],[-84.53642282199996,34.332147801000076],[-84.52627525599996,34.335277861000066],[-84.51612693699997,34.338407078000046],[-84.50597786399999,34.34153545300006],[-84.49582803699997,34.34466298500007],[-84.48567745599996,34.34778967400007],[-84.47552612199996,34.35091551900007],[-84.46537403499997,34.35404052100006],[-84.45522119399999,34.35716468000004],[-84.44506759999996,34.36028799500008],[-84.43491325199994,34.36341046600006],[-84.42475815099993,34.366532093000046],[-84.41460229699999,34.36965287600003],[-84.40444568999999,34.37277281400003],[-84.39428832999994,34.37589190800003],[-84.38413021699995,34.37901015800003],[-84.37397134999998,34.38212756200005],[-84.36381173099994,34.385244122000074],[-84.35365135899997,34.38835983700005],[-84.343490235,34.391474706000054],[-84.33332835699997,34.394588730000066],[-84.32316572699995,34.397701908000045],[-84.31300234499997,34.400814240000045],[-84.30283820899996,34.40392572700006],[-84.29267332199998,34.407036367000046],[-84.28250768199996,34.41014616100006],[-84.27234128899994,34.41325510900003],[-84.26217414499996,34.41636321000004],[-84.25200624799999,34.419470465000074],[-84.24183759899995,34.422576873000025],[-84.23166819799997,34.42568243300008],[-84.22149804399999,34.42878714700004],[-84.21132713899993,34.43189101300004],[-84.201155482,34.43499403100003],[-84.19098307299998,34.438096202000054],[-84.18080991199997,34.441197525000064],[-84.170636,34.444298]],[[-85.07974399856306,33.582816275050554],[-85.06935998244849,33.58515311763502],[-85.05897540749297,33.58748908802967],[-85.04859027269649,33.589824185234576],[-85.03820457805894,33.592158410249795],[-85.02781832458028,33.594491762075464],[-85.0174315122604,33.5968242417116],[-85.00704414109924,33.59915584815839],[-84.996656209004,33.60148657897146],[-84.98626771357105,33.603816434670684],[-84.97587865916158,33.60614541635823],[-84.96548904677563,33.60847352503404],[-84.95509887541314,33.61080076069817],[-84.94470814607418,33.613127122350576],[-84.9343168587586,33.61545260999133],[-84.92392501346654,33.61777722462037],[-84.91353260919792,33.62010096423771],[-84.90313964895269,33.62242382984341],[-84.89274612973088,33.62474582143743],[-84.88235147299997,33.62706738300005],[-84.87195686299998,33.62938761400005],[-84.86156169599997,33.63170696900005],[-84.851165972,33.634025450000024],[-84.84076969099993,33.63634305700003],[-84.83037285299997,33.63865978800004],[-84.81997545899998,33.64097564400004],[-84.80957750799996,33.64329062500008],[-84.799179,33.64560473100005],[-84.78877993599997,33.647917961000076],[-84.77838031599998,33.650230316000034],[-84.76798013899997,33.65254179500005],[-84.75757940699998,33.65485239900005],[-84.74717811899995,33.65716212600006],[-84.73677627499995,33.65947097700007],[-84.72637387599997,33.66177895200008],[-84.71597092099995,33.66408605100003],[-84.70556741099995,33.66639227400003],[-84.69516334599996,33.668697620000046],[-84.68475872599998,33.67100208900007],[-84.67435355099997,33.673305681000045],[-84.66394782099997,33.675608397000076],[-84.65354153599998,33.67791023500007],[-84.64313469699994,33.68021119700006],[-84.63272730399996,33.682511281000075],[-84.62231935599993,33.68481048800004],[-84.61191085499996,33.68710881700002],[-84.60150179899995,33.689406269000074],[-84.59109218999998,33.69170284200004],[-84.58068202599998,33.69399853800007],[-84.57027130999995,33.69629335600007],[-84.55986004,33.69858729600003],[-84.54944821599997,33.70088035800006],[-84.53903583999994,33.70317254100007],[-84.52862290999997,33.70546384600004],[-84.51820942799998,33.707754272000045],[-84.50779539299998,33.71004382000007],[-84.49738080499998,33.71233248800007],[-84.48696566499996,33.71462027800004],[-84.47654997199999,33.71690718900004],[-84.46613372699994,33.71919322000008],[-84.45571692999994,33.721478372000036],[-84.44529958199996,33.72376264500008],[-84.43488168099998,33.72604603800005],[-84.42446322899997,33.72832855100006],[-84.41404422499994,33.73061018400006],[-84.40362466999994,33.732890938000025],[-84.39320456299998,33.735170811000046],[-84.38278390599999,33.73744980500004],[-84.37236269699997,33.73972791800003],[-84.36194093799998,33.74200515000007],[-84.35151862699996,33.744281502000035],[-84.34109576699996,33.74655697400004],[-84.33067235599998,33.74883156400006],[-84.32024839399998,33.751105274000054],[-84.30982388299998,33.753378102000056],[-84.29939882099995,33.75565005000004],[-84.28897320899995,33.757921116000034],[-84.27854704799995,33.76019130100008],[-84.26812033699997,33.76246060400007],[-84.25769307699994,33.764729026000055],[-84.24726526699999,33.766996566000046],[-84.23683690799999,33.76926322400004],[-84.226408,33.771529]],[[-84.4762,34.243933],[-84.48064787399994,34.23572472600006],[-84.48509488499997,34.22751628000003],[-84.48954103299997,34.21930766100007],[-84.49398631799994,34.21109887100005],[-84.49843074199998,34.20288990800003],[-84.50287430399999,34.19468077300007],[-84.50731700499995,34.18647146700005],[-84.51175884599996,34.17826198800003],[-84.516199826,34.17005233800006],[-84.52063994599996,34.161842516000036],[-84.52507920599999,34.153632523000056],[-84.52951760799994,34.145422358000076],[-84.53395515099999,34.13721202100004],[-84.53839183599996,34.12900151400004],[-84.54282766299997,34.12079083500004],[-84.54726263199996,34.112579984000035],[-84.55169674499996,34.10436896300007],[-84.55613000099999,34.09615777100004],[-84.56056239999998,34.08794640800005],[-84.56499394399998,34.07973487400005],[-84.56942463299998,34.071523169000045],[-84.573854467,34.06331129300003],[-84.57828344599994,34.055099247000044],[-84.58271157099995,34.04688703000005],[-84.58713884299993,34.038674643000036],[-84.59156526099997,34.03046208600006],[-84.595990826,34.02224935800007],[-84.60041553899998,34.01403646000006],[-84.60483939999995,34.005823392000025],[-84.60926240899994,33.99761015400003],[-84.61368456699995,33.98939674600007],[-84.61810587499997,33.98118316700004],[-84.62252633099996,33.97296942000003],[-84.62694593799995,33.96475550200006],[-84.63136469499995,33.95654141500006],[-84.63578260299994,33.94832715800004],[-84.64019966299998,33.940112732000046],[-84.64461587399995,33.93189813600003],[-84.64903123699997,33.92368337100004],[-84.65344575199998,33.91546843700007],[-84.65785941999997,33.90725333300003],[-84.66227224199997,33.899038061000056],[-84.66668421699995,33.89082261900006],[-84.67109534599996,33.882607009000026],[-84.67550562999998,33.874391229000025],[-84.67991506899995,33.86617528100004],[-84.68432366299999,33.85795916400008],[-84.68873141299997,33.849742879000075],[-84.69313831899996,33.84152642500004],[-84.69754438099994,33.83330980300008],[-84.70194960099997,33.825093012000025],[-84.70635397699994,33.816876053000044],[-84.71075751199999,33.80865892600008],[-84.71516020399997,33.80044163000008],[-84.71956205599997,33.79222416700003],[-84.72396306599995,33.78400653500006],[-84.72836323499996,33.77578873600004],[-84.73276256499997,33.76757076900003],[-84.73716105399996,33.75935263400004],[-84.74155870399994,33.75113433200005],[-84.74595551499993,33.74291586100003],[-84.75035148799998,33.73469722400006],[-84.75474662199997,33.726478419000046],[-84.75914091899995,33.71825944600005],[-84.76353437799997,33.71004030700004],[-84.767927,33.701821]],[[-84.357686,33.541885],[-84.36452083999995,33.53549153700004],[-84.37135467399997,33.52909769100006],[-84.37818750199995,33.52270346100005],[-84.38501932499997,33.51630884800005],[-84.39185014199995,33.50991385100008],[-84.39867995399999,33.50351847100006],[-84.40550876199995,33.49712270800006],[-84.41233656599996,33.49072656300007],[-84.41916336499997,33.48433003400004],[-84.42598916099996,33.47793312300007],[-84.43281395399998,33.47153582900006],[-84.43963774399998,33.465138153000055],[-84.44646053199995,33.45874009500005],[-84.45328231699995,33.452341655000055],[-84.46010309999997,33.44594283300006],[-84.46692288199995,33.43954362900007],[-84.47374166299994,33.43314404400007],[-84.48055944199996,33.42674407700002],[-84.48737622099998,33.420343729000024],[-84.494192,33.413943]],[[-84.576672,33.94147],[-84.56817812999998,33.94684478500005],[-84.55968319199997,33.952218979000065],[-84.55118718599994,33.957592582000075],[-84.54269011199995,33.962965594000025],[-84.53419196899995,33.96833801400004],[-84.52569275699994,33.97370984300005],[-84.51719247699998,33.97908108000007],[-84.50869112699996,33.98445172500004],[-84.50018870799994,33.98982177900007],[-84.49168521999997,33.995191239000064],[-84.48318066099995,34.00056010800006],[-84.47467503199994,34.005928383000025],[-84.46616833299998,34.01129606600006],[-84.45766056399998,34.01666315600005],[-84.44915172299994,34.02202965200007],[-84.44064181199997,34.027395555000055],[-84.43213082899996,34.03276086400007],[-84.42361877399998,34.03812558000004],[-84.41510564799995,34.043489701000055],[-84.40659144999995,34.04885322800004],[-84.39807617999998,34.054216161000056],[-84.38955983699998,34.059578499000054],[-84.38104242099996,34.064940242000034],[-84.37252393299997,34.070301390000054],[-84.36400437099996,34.07566194300006],[-84.35548373699999,34.08102190100004],[-84.34696202799995,34.08638126300008],[-84.33843924499996,34.09174003000004],[-84.32991538899995,34.09709820000006],[-84.32139045799994,34.10245577400008],[-84.31286445299997,34.10781275200003],[-84.30433737199996,34.11316913300004],[-84.29580921699994,34.11852491800005],[-84.28727998699998,34.12388010600006],[-84.27874968099997,34.129234696000026],[-84.27021829899996,34.134588689000054],[-84.26168584099997,34.13994208500003],[-84.25315230799998,34.145294883000076],[-84.24461769699997,34.150647083000024],[-84.23608201099995,34.15599868600003],[-84.22754524699997,34.161349689000076],[-84.21900740599995,34.16670009500007],[-84.21046848799995,34.172049902000026],[-84.20192849199998,34.17739910900008],[-84.19338741799999,34.18274771800003],[-84.18484526599997,34.188095728000064],[-84.17630203699997,34.19344313800008],[-84.16775772799997,34.19878994800007],[-84.15921234099994,34.20413615900003],[-84.15066587499996,34.209481770000025],[-84.14211832899997,34.21482678000007],[-84.13356970399997,34.22017119000003],[-84.12502,34.225515]],[[-84.763366,33.353456],[-84.75810014199999,33.36126239500004],[-84.75283334299996,33.36906855600006],[-84.74756560299994,33.37687448400004],[-84.74229692199998,33.38468017900004],[-84.73702729999997,33.392485640000075],[-84.73175673499998,33.400290867000024],[-84.72648522799994,33.40809586100005],[-84.72121277799994,33.41590062100005],[-84.71593938499996,33.42370514700008],[-84.71066504799995,33.431509439000024],[-84.70538976599994,33.43931349700006],[-84.70011353999996,33.447117321000064],[-84.69483636899997,33.454920910000055],[-84.68955825299997,33.46272426400003],[-84.68427918999998,33.470527384000036],[-84.67899918199998,33.47833027000007],[-84.67371822599995,33.486132920000045],[-84.66843632399997,33.49393533600005],[-84.66315347399996,33.50173751700004],[-84.65786967599996,33.50953946200008],[-84.65258492899994,33.517341173000034],[-84.64729923399995,33.52514264800004],[-84.64201258899999,33.532943887000044],[-84.63672499499995,33.54074489100003],[-84.63143644999997,33.54854565900007],[-84.62614695599996,33.556346192000035],[-84.62085650999995,33.56414648800006],[-84.61556511199996,33.571946549000074],[-84.61027276299995,33.579746374000024],[-84.60497946199996,33.587545962000036],[-84.59968520799998,33.59534531400004],[-84.59439000099997,33.60314443000004],[-84.58909383999998,33.61094330900005],[-84.58379672599995,33.61874195200005],[-84.57849865699995,33.62654035700007],[-84.57319963299994,33.63433852600008],[-84.56789965499996,33.64213645800004],[-84.56259871999998,33.64993415300006],[-84.55729682999998,33.65773161100003],[-84.55199398299999,33.665528831000074],[-84.54669017899994,33.673325814000066],[-84.54138541699996,33.68112256000006],[-84.53607969799998,33.688919068000075],[-84.53077302099996,33.69671533800005],[-84.52546538499996,33.704511371000024],[-84.52015678999999,33.71230716500003],[-84.51484723599998,33.720102721000046],[-84.50953672199995,33.72789804000007],[-84.50422524699997,33.735693120000064],[-84.49891281199996,33.743487962000074],[-84.49359941499995,33.751282565000054],[-84.48828505699998,33.75907692900006],[-84.48296973699996,33.766871055000024],[-84.47765345399995,33.77466494300006],[-84.47233620899993,33.78245859100008],[-84.467018,33.790252]],[[-84.170636,34.444298],[-84.16799609599997,34.43568258200003],[-84.16535673499999,34.42706709600003],[-84.16271791399998,34.418451540000035],[-84.16007963499999,34.40983591500003],[-84.15744189699996,34.401220221000074],[-84.15480469999994,34.39260445800005],[-84.15216804299996,34.383988626000075],[-84.14953192599995,34.375372725000034],[-84.14689634899997,34.36675675500004],[-84.14426131099998,34.35814071600004],[-84.14162681299996,34.34952460900007],[-84.138992853,34.34090843200005],[-84.13635943299994,34.332292187000064],[-84.13372655099994,34.32367587300007],[-84.13109420599994,34.31505949000007],[-84.12846239999999,34.306443039000044],[-84.12583113199997,34.29782651900007],[-84.12320039999997,34.28920993000003],[-84.12057020599997,34.28059327300008],[-84.11794054799998,34.271976547000065],[-84.11531142699994,34.26335975200004],[-84.11268284199997,34.254742889000056],[-84.11005479299996,34.24612595800005],[-84.10742727999997,34.237508958000035],[-84.10480030199994,34.22889189000006],[-84.10217385899995,34.22027475300007],[-84.09954794999999,34.21165754800006],[-84.09692257699999,34.203040274000045],[-84.09429773699998,34.194422933000055],[-84.09167343199994,34.18580552200007],[-84.08904965999994,34.17718804400005],[-84.08642642099994,34.168570498000065],[-84.08380371599998,34.159952883000074],[-84.08118154299996,34.15133520000006],[-84.07855990399997,34.14271744900003],[-84.07593879599995,34.134099631000026],[-84.07331821999998,34.12548174300008],[-84.07069817599995,34.116863788000046],[-84.06807866399998,34.10824576500005],[-84.06545968299997,34.09962767400003],[-84.06284123299997,34.09100951500005],[-84.06022331299994,34.08239128900004],[-84.05760592399997,34.073772994000024],[-84.05498906399998,34.06515463100004],[-84.05237273499995,34.05653620100003],[-84.04975693499995,34.04791770300005],[-84.04714166399998,34.03929913700006],[-84.04452692299998,34.03068050300004],[-84.04191270999996,34.02206180200005],[-84.03929902499993,34.013443033000044],[-84.03668586899994,34.00482419600007],[-84.03407323999994,33.99620529200007],[-84.03146113999998,33.98758632000005],[-84.02884956599996,33.97896728100005],[-84.02623851999994,33.97034817400004],[-84.023628,33.961729]],[[-84.226408,33.771529],[-84.22079449499995,33.77911294100005],[-84.21518000099996,33.786696617000075],[-84.209564517,33.79428002800006],[-84.20394804199998,33.80186317500005],[-84.19833057699998,33.80944605600007],[-84.19271211999995,33.81702867200005],[-84.18709267199995,33.824611023000045],[-84.18147223199998,33.83219310800007],[-84.17585079899999,33.839774928000054],[-84.17022837399998,33.847356482000066],[-84.16460495499996,33.85493777100004],[-84.15898054199994,33.86251879300005],[-84.15335513499997,33.87009954900003],[-84.14772873399994,33.87768004000003],[-84.14210133699999,33.88526026400007],[-84.13647294499998,33.89284022100003],[-84.13084355699993,33.900419912000075],[-84.12521317299996,33.907999337000035],[-84.11958179199996,33.915578494000044],[-84.113949414,33.923157385000025],[-84.10831603799994,33.93073600900004],[-84.10268166399999,33.93831436600004],[-84.09704629199996,33.945892455000035],[-84.09140992099998,33.953470278000054],[-84.08577255099993,33.96104783200008],[-84.08013418099995,33.96862512000007],[-84.07449480999998,33.976202139000065],[-84.06885443899995,33.98377889100004],[-84.06321306699994,33.99135537400008],[-84.05757069399993,33.99893159000004],[-84.05192731899996,34.00650753800005],[-84.04628294099996,34.01408321700006],[-84.04063756099998,34.02165862700008],[-84.03499117799998,34.029233770000076],[-84.02934379099997,34.03680864300003],[-84.02369539899996,34.04438324800003],[-84.01804600399998,34.051957584000036],[-84.01239560399995,34.05953165100004],[-84.00674419799998,34.06710544900005],[-84.00109178599996,34.074678977000076],[-83.99543836899994,34.082252236000045],[-83.98978394399995,34.08982522600007],[-83.98412851299997,34.09739794600006],[-83.97847207399997,34.104970396000056],[-83.97281462799998,34.112542577000056],[-83.96715617299998,34.12011448700002],[-83.96149670899996,34.12768612700006],[-83.95583623599998,34.135257497000055],[-83.95017475299994,34.14282859700006],[-83.94451226099994,34.150399427000025],[-83.93884875799995,34.15796998500008],[-83.93318424399996,34.16554027300003],[-83.92751871799999,34.17311029100006],[-83.92185218099996,34.18068003700006],[-83.91618463099996,34.18824951200003],[-83.91051606899998,34.195818716000076],[-83.90484649399997,34.203387649000035],[-83.89917590499994,34.21095631000003],[-83.89350430299999,34.218524700000046],[-83.88783168599997,34.22609281800004],[-83.88215805399994,34.23366066400007],[-83.87648340699997,34.241228238000076],[-83.870807744,34.24879554100005],[-83.86513106499996,34.25636257100007],[-83.85945336899994,34.263929329000064],[-83.85377465699997,34.27149581400005],[-83.84809492699998,34.279062027000066],[-83.84241417899995,34.28662796800006],[-83.83673241299994,34.294193635000056],[-83.83104962799996,34.30175903000003],[-83.82536582399996,34.309324151000055],[-83.819681,34.316889]],[[-84.767927,33.701821],[-84.75831035399995,33.69795675800003],[-84.74869456899995,33.69409176400006],[-84.73907964599994,33.69022602000007],[-84.72946558299998,33.68635952600005],[-84.71985238099995,33.682492281000066],[-84.71024003999997,33.67862428500007],[-84.70062855999998,33.674755540000035],[-84.69101794099998,33.67088604500003],[-84.68140818199998,33.66701580100005],[-84.67179928499996,33.66314480700004],[-84.66219124799994,33.65927306300006],[-84.65258407199997,33.65540057100003],[-84.64297775599994,33.65152733000008],[-84.63337230099995,33.647653339000044],[-84.62376770699996,33.643778600000076],[-84.61416397299996,33.63990311300006],[-84.60456109999996,33.63602687800005],[-84.59495908699995,33.632149894000065],[-84.585357935,33.62827216300008],[-84.57575764299997,33.62439368400004],[-84.56615821099996,33.62051445700007],[-84.55655963999999,33.61663448300004],[-84.54696192899996,33.61275376100008],[-84.53736507799994,33.60887229300005],[-84.52776908799996,33.60499007800007],[-84.51817395799998,33.60110711600004],[-84.50857968699995,33.59722340700006],[-84.49898627699997,33.59333895300006],[-84.48939372699994,33.589453752000054],[-84.47980203699996,33.58556780500004],[-84.47021120699998,33.58168111200007],[-84.46062123699994,33.57779367400008],[-84.45103212699996,33.57390549000007],[-84.44144387599994,33.570016561000045],[-84.43185648599996,33.56612688700005],[-84.422269955,33.56223646800004],[-84.41268428399997,33.558345304000056],[-84.40309947299994,33.55445339600004],[-84.39351552099998,33.55056074300006],[-84.38393242899997,33.54666734600005],[-84.37435019599997,33.54277320500006],[-84.36476882299996,33.53887832000004],[-84.35518830999996,33.53498269100004],[-84.34560865599997,33.53108631900005],[-84.33602986099999,33.527189203000034],[-84.32645192599995,33.52329134400003],[-84.31687484999998,33.519392743000026],[-84.30729863399995,33.51549339800005],[-84.29772327699999,33.51159331100007],[-84.28814877799994,33.50769248100005],[-84.27857513999999,33.50379090900003],[-84.26900235999994,33.49988859500007],[-84.25943043899997,33.49598553800007],[-84.24985937799994,33.49208174000006],[-84.24028917499999,33.48817720100004],[-84.23071983099999,33.484271920000026],[-84.22115134699999,33.48036589700007],[-84.21158372099995,33.47645913400004],[-84.20201695399999,33.472551629000066],[-84.19245104599997,33.468643384000075],[-84.18288599599998,33.464734399000065],[-84.17332180499994,33.46082467300005],[-84.16375847299997,33.45691420600008],[-84.154196,33.453003]],[[-84.494192,33.413943],[-84.48382143399994,33.41624544500007],[-84.47345032099997,33.41854702100005],[-84.46307866099994,33.42084773000005],[-84.45270645399995,33.42314757100007],[-84.44233369999995,33.42544654400007],[-84.431960399,33.42774464800004],[-84.42158655099996,33.43004188400005],[-84.41121215699997,33.43233825100003],[-84.40083721699995,33.434633750000046],[-84.39046173099996,33.43692838000004],[-84.38008569799996,33.43922214100007],[-84.36970911899994,33.44151503300003],[-84.35933199499993,33.443807056000026],[-84.34895432499997,33.44609821000006],[-84.33857610899997,33.44838849400003],[-84.32819734799995,33.450677909000035],[-84.31781804199994,33.452966454000034],[-84.30743818999997,33.45525413000007],[-84.29705779299996,33.457540935000054],[-84.28667685199997,33.459826871000075],[-84.27629536599994,33.46211193600004],[-84.26591333499994,33.46439613200005],[-84.25553075899995,33.466679457000055],[-84.24514763899998,33.468961911000065],[-84.23476397499996,33.47124349500007],[-84.22437976699996,33.47352420900006],[-84.21399501399998,33.47580405100007],[-84.20360971799994,33.47808302300007],[-84.19322387799997,33.48036112300008],[-84.18283749499994,33.48263835300003],[-84.17245056799999,33.484914711000044],[-84.16206309699999,33.487190197000075],[-84.15167508399998,33.48946481300004],[-84.14128652699998,33.49173855600003],[-84.13089742799997,33.49401142800008],[-84.12050778599996,33.49628342800003],[-84.11011760099996,33.498554555000055],[-84.09972687299995,33.50082481100003],[-84.08933560299994,33.503094195000074],[-84.07894379099997,33.50536270600003],[-84.06855143699994,33.50763034400006],[-84.05815853999997,33.509897110000054],[-84.04776510199997,33.51216300400006],[-84.03737112199997,33.51442802400004],[-84.02697660099994,33.516692171000045],[-84.01658153799997,33.518955446000064],[-84.00618593299998,33.52121784700006],[-83.99578978799997,33.52347937500008],[-83.98539310099994,33.525740029000076],[-83.97499587399994,33.52799981000004],[-83.96459810499994,33.53025871700004],[-83.95419979599995,33.53251675100006],[-83.94380094699994,33.53477391000007],[-83.93340155699997,33.537030196000046],[-83.92300162699996,33.53928560700007],[-83.91260115699998,33.54154014400007],[-83.90220014599998,33.54379380700004],[-83.89179859599994,33.546046595000064],[-83.88139650599999,33.54829850800007],[-83.87099387699999,33.55054954700006],[-83.86059070799996,33.552799711000034],[-83.850187,33.555049]],[[-84.12502,34.225515],[-84.13469396199997,34.22158328100005],[-84.14436702499995,34.217650796000044],[-84.15403918899995,34.213717546000055],[-84.16371045399995,34.20978353000004],[-84.17338082099997,34.20584875000003],[-84.18305028799995,34.20191320500004],[-84.19271885699999,34.19797689500007],[-84.20238652799998,34.19403982100005],[-84.212053299,34.190101982000044],[-84.22171917199995,34.18616338000004],[-84.23138414699997,34.18222401400004],[-84.24104822299995,34.17828388400005],[-84.250711401,34.17434299000007],[-84.26037367999999,34.17040133300003],[-84.27003505999994,34.16645891300004],[-84.27969554299995,34.16251573000005],[-84.28935512699996,34.15857178400006],[-84.29901381299999,34.154627076000054],[-84.30867160099996,34.150681605000045],[-84.31832848999994,34.14673537200008],[-84.32798448199998,34.142788377000045],[-84.33763957499997,34.13884062000005],[-84.34729376999996,34.13489210100005],[-84.35694706699996,34.130942821000076],[-84.36659946699996,34.126992779000034],[-84.37625096799997,34.123041976000025],[-84.38590157199997,34.11909041300004],[-84.39555127799997,34.11513808800004],[-84.40520008599998,34.11118500300006],[-84.41484799599993,34.10723115800005],[-84.42449500899994,34.10327655200007],[-84.43414112399995,34.099321186000054],[-84.44378634099996,34.09536506000006],[-84.45343066099997,34.091408175000026],[-84.46307408399997,34.08745053000007],[-84.47271660799998,34.08349212600007],[-84.48235823599998,34.07953296200003],[-84.49199896599998,34.07557304000005],[-84.50163879899998,34.07161235900003],[-84.51127773499996,34.06765091900007],[-84.52091577299996,34.06368872100006],[-84.53055291399994,34.05972576400006],[-84.54018915799998,34.055762050000055],[-84.54982450499995,34.05179757700006],[-84.55945895499997,34.04783234700005],[-84.56909250799998,34.04386635900005],[-84.57872516399993,34.039899614000035],[-84.58835692299994,34.03593211200007],[-84.59798778599998,34.031963853000036],[-84.60761775099996,34.02799483700005],[-84.61724681999993,34.02402506400006],[-84.62687499199996,34.02005453500004],[-84.63650226699997,34.016083250000065],[-84.64612864599997,34.01211120900007],[-84.65575412799996,34.00813841200005],[-84.66537871399998,34.00416485900007],[-84.67500240299995,34.00019055000007],[-84.68462519499997,33.99621548700003],[-84.69424709199996,33.992239668000025],[-84.70386809199994,33.98826309400005],[-84.71348819599996,33.98428576500004],[-84.72310740299997,33.980307682000046],[-84.73272571399997,33.97632884400008],[-84.74234312899995,33.97234925200007],[-84.75195964899996,33.96836890600002],[-84.76157527199996,33.96438780600005],[-84.77118999899994,33.96040595200003],[-84.78080382999997,33.956423345000076],[-84.79041676499997,33.95243998400008],[-84.80002880399996,33.94845587000003],[-84.80963994799998,33.94447100300005],[-84.81925019599998,33.940485384000056],[-84.82885954799997,33.93649901200007],[-84.83846800399994,33.93251188700003],[-84.84807556499999,33.92852401000005],[-84.85768222999997,33.924535381000055],[-84.867288,33.920546]],[[-84.467018,33.790252],[-84.45699326199997,33.787178201000074],[-84.44696923999999,33.78410358600007],[-84.43694593499998,33.78102815600005],[-84.42692334599997,33.77795191000007],[-84.41690147399999,33.774874848000024],[-84.40688031899998,33.77179697100007],[-84.39685988099995,33.76871827900004],[-84.38684015899997,33.765638772000045],[-84.37682115399997,33.76255845000003],[-84.36680286599994,33.75947731300005],[-84.35678529399996,33.756395362000035],[-84.34676843999995,33.75331259600006],[-84.33675230299997,33.75022901600005],[-84.32673688299997,33.747144622000064],[-84.31672217999994,33.74405941400005],[-84.30670819499994,33.74097339300005],[-84.29669492599999,33.737886557000024],[-84.28668237499994,33.73479890900006],[-84.27667054099999,33.73171044600008],[-84.26665942499994,33.72862117100004],[-84.25664902599993,33.72553108300008],[-84.24663934499995,33.722440181000024],[-84.23663038099994,33.71934846700003],[-84.22662213499996,33.71625594100004],[-84.21661460699994,33.71316260200007],[-84.20660779599996,33.71006845000005],[-84.19660170399999,33.70697348700003],[-84.18659632899994,33.703877711000075],[-84.17659167199997,33.70078112400006],[-84.16658773299997,33.69768372500005],[-84.15658451199994,33.69458551500003],[-84.14658200899999,33.69148649300007],[-84.13658022399994,33.68838666000005],[-84.12657915699998,33.68528601600008],[-84.11657880799999,33.68218456100004],[-84.10657917799995,33.67908229500006],[-84.09658026599999,33.675979219000055],[-84.08658207299999,33.67287533200005],[-84.07658459799995,33.66977063500008],[-84.06658784099994,33.666665128000034],[-84.05659180299995,33.66355881000004],[-84.04659648299997,33.660451683000076],[-84.03660188199996,33.65734374600004],[-84.026608,33.654235]],[[-84.023628,33.961729],[-84.02683079299999,33.95318572200006],[-84.03003294599995,33.94464234900005],[-84.03323445899997,33.93609888100008],[-84.03643533199994,33.92755531800003],[-84.03963556699995,33.919011660000024],[-84.04283516299995,33.910467906000065],[-84.04603411999994,33.90192405800008],[-84.04923243899998,33.89338011500007],[-84.05243011999994,33.884836077000045],[-84.05562716399999,33.87629194400006],[-84.05882357099995,33.86774771600005],[-84.06201934099994,33.859203394000076],[-84.06521447499995,33.85065897700008],[-84.06840897199999,33.842114465000066],[-84.07160283299999,33.83356985900008],[-84.07479605899994,33.825025158000074],[-84.07798864999995,33.81648036200005],[-84.08118060599998,33.807935472000054],[-84.08437192799994,33.79939048800003],[-84.08756261499997,33.79084540900004],[-84.09075266799994,33.782300236000026],[-84.09394208799995,33.77375496900004],[-84.09713087399996,33.76520960700003],[-84.10031902799994,33.75666415100005],[-84.10350654899997,33.748118601000044],[-84.10669343799998,33.739572957000064],[-84.10987969399997,33.731027219000055],[-84.11306531999998,33.72248138600003],[-84.11625031299997,33.71393546000007],[-84.11943467599997,33.70538944000003],[-84.12261840899998,33.69684332500003],[-84.12580150999997,33.68829711700005],[-84.12898398199997,33.67975081600002],[-84.13216582399997,33.67120442000004],[-84.13534703699997,33.66265793100007],[-84.13852762099998,33.654111347000025],[-84.14170757599999,33.645564671000045],[-84.14488690299999,33.637017900000046],[-84.14806560099998,33.628471037000054],[-84.15124367199996,33.61992407900004],[-84.15442111499993,33.61137702800005],[-84.15759793199999,33.60282988400007],[-84.16077412099997,33.59428264600007],[-84.16394968399999,33.58573531500008],[-84.16712462099997,33.57718789100005],[-84.17029893199998,33.56864037300005],[-84.17347261699996,33.56009276300006],[-84.17664567699995,33.551545059000034],[-84.17981811299995,33.54299726200003],[-84.18298992299998,33.53444937200004],[-84.18616110999994,33.52590138800008],[-84.18933167299997,33.51735331200007],[-84.19250161199994,33.508805143000075],[-84.19567092699998,33.50025688100004],[-84.19883961999994,33.491708526000025],[-84.20200768999996,33.483160078000026],[-84.20517513799996,33.47461153800003],[-84.20834196399994,33.46606290500006],[-84.21150816799997,33.45751417900004],[-84.21467374999997,33.448965360000045],[-84.21783871199995,33.440416449000054],[-84.22100305299995,33.43186744500008],[-84.22416677299998,33.423318349000056],[-84.22732987399996,33.41476916100004],[-84.23049235399998,33.40621987900005],[-84.23365421499994,33.397670506000054],[-84.23681545699998,33.38912104000008],[-84.23997607999996,33.38057148200005],[-84.24313608499995,33.37202183100004],[-84.24629547099994,33.36347208900003],[-84.24945423899999,33.35492225400003],[-84.25261238999997,33.34637232700004],[-84.25576992299995,33.33782230800006],[-84.25892683999996,33.32927219700008],[-84.26208313999996,33.32072199400005],[-84.26523882399994,33.31217169900003],[-84.26839389099996,33.303621312000075],[-84.27154834299995,33.29507083300007],[-84.27470217999996,33.28652026200007],[-84.27785540099995,33.27796960000006],[-84.28100800799996,33.269418846000065],[-84.28416,33.260868]],[[-83.819681,34.316889],[-83.81824154599997,34.30796767700008],[-83.81680239599996,34.299046324000074],[-83.81536354999997,34.290124941000045],[-83.81392500899995,34.28120352800005],[-83.81248677199994,34.27228208500003],[-83.81104883799998,34.26336061200004],[-83.80961120799998,34.25443910900003],[-83.80817388099996,34.245517577000044],[-83.80673685799997,34.23659601500003],[-83.80530013799995,34.227674422000064],[-83.80386372099997,34.21875280000006],[-83.80242760599998,34.209831148000035],[-83.80099179499996,34.20090946700003],[-83.79955628499994,34.19198775500007],[-83.79812107799995,34.183066014000076],[-83.79668617299996,34.17414424300006],[-83.79525156999995,34.16522244200007],[-83.79381726899999,34.15630061200005],[-83.79238326999996,34.147378752000066],[-83.79094957199999,34.138456862000055],[-83.78951617499996,34.12953494200008],[-83.78808307999998,34.120612992000076],[-83.78665028499995,34.11169101300004],[-83.78521779199997,34.10276900400004],[-83.78378559899994,34.09384696600006],[-83.78235370599998,34.084924898000054],[-83.78092211399996,34.076002800000026],[-83.77949082199996,34.06708067200003],[-83.77805982999996,34.05815851500006],[-83.77662913799998,34.04923632800006],[-83.77519874499995,34.04031411200003],[-83.77376865199994,34.031391866000035],[-83.77233885899994,34.02246959000007],[-83.77090936399998,34.01354728500007],[-83.76948016899996,34.00462495000005],[-83.76805127299997,33.99570258600005],[-83.76662267499995,33.986780192000026],[-83.76519437599995,33.977857769000025],[-83.76376637499999,33.968935316000056],[-83.76233867199994,33.960012833000064],[-83.76091126799997,33.95109032100004],[-83.75948416099999,33.942167780000034],[-83.75805735199998,33.93324520900006],[-83.75663084099995,33.92432260800007],[-83.75520462699996,33.91539997800004],[-83.75377871099994,33.90647731900003],[-83.75235309099997,33.89755463000006],[-83.75092776899999,33.88863191200005],[-83.74950274299994,33.879709164000076],[-83.74807801399999,33.87078638700007],[-83.74665358099998,33.86186358000003],[-83.74522944399996,33.85294074500007],[-83.74380560399999,33.844017879000035],[-83.74238205999995,33.83509498500007],[-83.74095881099998,33.82617206000003],[-83.73953585799995,33.817249107000066],[-83.73811320099998,33.808326124000075],[-83.73669083899995,33.79940311200005],[-83.73526877199998,33.79048007100005],[-83.733847,33.781557]],[[-84.154196,33.453003],[-84.14818615199994,33.460413826000035],[-84.14217528199998,33.46782435100005],[-84.13616338799994,33.47523457600005],[-84.13015047099998,33.48264450100004],[-84.12413652899994,33.49005412500003],[-84.11812156399998,33.497463448000076],[-84.11210557299995,33.504872471000056],[-84.10608855699996,33.512281192000046],[-84.10007051599996,33.519689612000036],[-84.09405144799996,33.527097731000026],[-84.08803135399995,33.53450554800003],[-84.08201023299995,33.54191306400003],[-84.07598808399996,33.54932027800004],[-84.06996490799997,33.55672719000006],[-84.06394070299996,33.564133801000025],[-84.05791546999995,33.57154010900007],[-84.05188920799998,33.578946115000065],[-84.04586191599998,33.58635181900007],[-84.03983359499995,33.59375722000004],[-84.03380424299996,33.601162318000036],[-84.02777385999997,33.60856711400004],[-84.02174244599996,33.61597160700006],[-84.01571,33.62337579700005],[-84.00967652299994,33.63077968400006],[-84.003642013,33.638183267000045],[-83.99760646999994,33.64558654700005],[-83.99156989399995,33.65298952400008],[-83.98553228399999,33.66039219700008],[-83.97949363899994,33.667794566000055],[-83.97345396099996,33.67519663100006],[-83.96741324699997,33.682598392000045],[-83.96137149799995,33.68999984900006],[-83.95532871299997,33.69740100100006],[-83.949284891,33.704801849000035],[-83.94324003299994,33.71220239200005],[-83.93719413799994,33.71960263100004],[-83.93114720599993,33.72700256500008],[-83.92509923499995,33.73440219300005],[-83.91905022599997,33.741801517000056],[-83.91300017799995,33.74920053500006],[-83.90694908999996,33.75659924800004],[-83.90089696399997,33.763997655000026],[-83.89484379599998,33.77139575700005],[-83.88878958899994,33.77879355300007],[-83.88273433999996,33.78619104300003],[-83.87667804999995,33.79358822700004],[-83.87062071799994,33.80098510400006],[-83.86456234399998,33.80838167500008],[-83.85850292699996,33.81577794000003],[-83.85244246699995,33.82317389800005],[-83.84638096399993,33.830569550000064],[-83.84031841599995,33.83796489400004],[-83.83425482499996,33.845359932000065],[-83.82819018799995,33.85275466200005],[-83.82212450599997,33.860149085000046],[-83.81605777799996,33.867543201000046],[-83.80999000399999,33.874937009000064],[-83.80392118399999,33.88233050900004],[-83.79785131699998,33.889723702000026],[-83.79178040199997,33.89711658600004],[-83.78570843899996,33.90450916300006],[-83.77963542899994,33.91190143100005],[-83.77356136899994,33.91929339100005],[-83.76748625999994,33.92668504200003],[-83.76141010199996,33.934076385000026],[-83.75533289399993,33.94146741900005],[-83.74925463499994,33.94885814400004],[-83.74317532599997,33.95624856000006],[-83.73709496499998,33.963638667000055],[-83.73101355199998,33.971028465000074],[-83.72493108799995,33.978417953000076],[-83.71884756999998,33.98580713100006],[-83.712763,33.993196]],[[-83.850187,33.555049],[-83.85844350199994,33.56082012300004],[-83.86670110299997,33.566590690000055],[-83.87495980199998,33.572360701000036],[-83.88321959999996,33.57813015500005],[-83.89148049699998,33.58389905300004],[-83.89974249399995,33.58966739300007],[-83.90800558999996,33.59543517700007],[-83.91626978599999,33.60120240300006],[-83.92453508299997,33.60696907200003],[-83.93280147999997,33.61273518300004],[-83.94106897799998,33.618500736000044],[-83.94933757699994,33.62426573100004],[-83.95760727799995,33.630030168000076],[-83.96587807999998,33.63579404700005],[-83.97414998399995,33.641557367000075],[-83.98242299099996,33.64732012800005],[-83.99069709999998,33.653082330000075],[-83.99897231099999,33.658843973000046],[-84.00724862599998,33.66460505600003],[-84.01552604499994,33.670365580000066],[-84.02380456699996,33.67612554400006],[-84.03208419299995,33.68188494800006],[-84.04036492299997,33.687643792000074],[-84.04864675699997,33.69340207600004],[-84.05692969699999,33.69915979900003],[-84.06521374099998,33.70491696100004],[-84.07349889099999,33.71067356200007],[-84.08178514599996,33.71642960200006],[-84.09007250799993,33.72218508100008],[-84.09836097499993,33.72793999900006],[-84.10665054899994,33.73369435400008],[-84.11494122999994,33.739448148000065],[-84.12323301799995,33.74520137900004],[-84.13152591299996,33.75095404900003],[-84.13981991599996,33.756706155000074],[-84.14811502599997,33.76245769900004],[-84.15641124499996,33.76820868000004],[-84.16470857199994,33.773959099000024],[-84.17300700799996,33.77970895300007],[-84.18130655299996,33.78545824500003],[-84.18960720699994,33.791206972000055],[-84.19790897099995,33.796955136000065],[-84.20621184399994,33.80270273600007],[-84.21451582799995,33.80844977100003],[-84.22282092199998,33.81419624200004],[-84.23112712699998,33.81994214900004],[-84.23943444199995,33.825687490000064],[-84.24774286899998,33.831432267000025],[-84.25605240799996,33.83717647800006],[-84.26436305799996,33.842920124000045],[-84.27267481999996,33.84866320400005],[-84.28098769499996,33.854405719000056],[-84.28930168299996,33.860147667000035],[-84.29761678299997,33.86588904900003],[-84.30593299599997,33.871629865000045],[-84.31425032299995,33.87737011400003],[-84.32256876399998,33.88310979700003],[-84.33088831899994,33.88884891200007],[-84.33920898799994,33.89458746100007],[-84.34753077199997,33.90032544200005],[-84.35585367099998,33.90606285500007],[-84.36417768499996,33.911799701000064],[-84.37250281399997,33.917535978000046],[-84.38082905899995,33.92327168800006],[-84.38915641999995,33.92900682900006],[-84.39748489799996,33.93474140200004],[-84.405814492,33.94047540500003],[-84.41414520299998,33.946208840000054],[-84.42247703099997,33.95194170600007],[-84.43080997599998,33.95767400300008],[-84.43914403899998,33.963405729000044],[-84.44747922099998,33.96913688700005],[-84.45581551999999,33.974867474000064],[-84.46415293799998,33.980597491000026],[-84.47249147499997,33.98632693800005],[-84.48083113099995,33.992055814000025],[-84.48917190599997,33.99778412000006],[-84.49751380099997,34.003511855000056],[-84.50585681599995,34.00923901800007],[-84.51420095099996,34.01496561100004],[-84.52254620699995,34.02069163200008],[-84.53089258299997,34.026417081000034],[-84.53924008099995,34.03214195800007],[-84.54758869999995,34.03786626300007],[-84.55593843999998,34.04358999600004],[-84.56428930299995,34.04931315700003],[-84.57264128799994,34.055035744000065],[-84.58099439499995,34.06075775900007],[-84.58934862499996,34.06647920100005],[-84.59770397799997,34.072200070000065],[-84.60606045399999,34.07792036500007],[-84.61441805399994,34.08364008600006],[-84.62277677799995,34.08935923400003],[-84.63113662599994,34.09507780700005],[-84.63949759799993,34.100795807000054],[-84.64785969499997,34.106513231000065],[-84.65622291699998,34.11223008200005],[-84.66458726499997,34.11794635700005],[-84.67295273799994,34.12366205700005],[-84.681319337,34.12937718200004],[-84.68968706199996,34.135091732000035],[-84.69805591299996,34.14080570600004],[-84.70642589099998,34.14651910400005],[-84.71479699599996,34.15223192600007],[-84.72316922899995,34.15794417200004],[-84.73154258799997,34.163655842000026],[-84.73991707599998,34.16936693500003],[-84.74829269199995,34.17507745100005],[-84.75666943599998,34.180787390000035],[-84.76504730899995,34.18649675100005],[-84.77342631099998,34.192205536000074],[-84.78180644099996,34.19791374300007],[-84.79018770199997,34.20362137200004],[-84.79857009199998,34.209328422000056],[-84.80695361299996,34.21503489500003],[-84.81533826299994,34.220740790000036],[-84.82372404399996,34.226446105000036],[-84.83211095699994,34.23215084200007],[-84.840499,34.237855]],[[-84.867288,33.920546],[-84.87224779299999,33.91269621400005],[-84.87720667699995,33.904846217000056],[-84.88216465099998,33.896996012000045],[-84.88712171799995,33.88914559600005],[-84.8920783043162,33.881294621619894],[-84.8970335703402,33.873443779224964],[-84.90198793004117,33.86559272647536],[-84.90694138341888,33.857741465371056],[-84.91189393047327,33.84988999491224],[-84.91684557320406,33.842038314098886],[-84.92179631061113,33.83418642493118],[-84.92674614269436,33.82633432640917],[-84.93169507145357,33.8184820195329],[-84.93664309588858,33.81062950330248],[-84.94159021699926,33.80277677771799],[-84.94653643578545,33.794923843779564],[-84.95148175124699,33.787070701487224],[-84.95642616538372,33.77921735084111],[-84.96136967719552,33.77136379084119],[-84.96631228868212,33.76351002348767],[-84.9712539978435,33.75565604678057],[-84.97619480340065,33.747801864801886],[-84.98113469621119,33.739947481042975],[-84.98607369005937,33.73209288826547],[-84.99101178294517,33.72423808846923],[-84.99594897686868,33.71638308165439],[-85.00088527101292,33.70852786678655],[-85.00582066258094,33.70067244457458],[-85.0107551564031,33.69281681505937],[-85.01568875247926,33.68496097824109],[-85.02062145080951,33.677104934119704],[-85.02555325239364,33.66924868369536],[-85.03048415823167,33.66139222496813],[-85.03541416732355,33.65353555993802],[-85.04034328166917,33.64567868760511],[-85.04527150026854,33.6378216089695],[-85.05019882412154,33.6299643230313],[-85.05512525322816,33.62210683079049],[-85.06005078858834,33.61424913224721],[-85.06497543020195,33.606391227401524],[-85.069899179069,33.5985331162535],[-85.0748220351894,33.59067479880315],[-85.07974399856306,33.582816275050554]],[[-84.026608,33.654235],[-84.03233296599996,33.66180591800003],[-84.03805893599997,33.669376562000025],[-84.04378590799996,33.67694693200008],[-84.04951388499995,33.68451702600004],[-84.05524286499997,33.69208684600005],[-84.06097285099997,33.699656391000076],[-84.06670384099993,33.70722566100005],[-84.07243583699994,33.71479465500005],[-84.07816883899994,33.722363374000054],[-84.083902847,33.72993181800007],[-84.08963786199996,33.737499986000046],[-84.09537388499996,33.74506787800004],[-84.10111091499994,33.75263549500005],[-84.10684895299994,33.760202836000076],[-84.11258799899997,33.767769900000076],[-84.11832805499995,33.77533668900003],[-84.12406911999994,33.78290320100007],[-84.12981119399996,33.79046943700007],[-84.13555427899996,33.798035396000046],[-84.14129837499996,33.80560107800005],[-84.14704348199996,33.81316648400008],[-84.15278959999995,33.82073161200003],[-84.15853672999998,33.82829646400006],[-84.16428487299999,33.835861038000075],[-84.17003402899996,33.84342533500006],[-84.17578419699998,33.850989355000024],[-84.18153537999996,33.858553097000026],[-84.18728757599996,33.86611656200006],[-84.19304078699997,33.87367974800003],[-84.19879501399998,33.88124265700003],[-84.20455025499996,33.88880528800007],[-84.21030651199999,33.89636764100004],[-84.21606378599995,33.90392971500006],[-84.22182207699996,33.911491511000065],[-84.22758138399996,33.919053028000064],[-84.23334170899994,33.92661426700005],[-84.23910305199996,33.934175226000036],[-84.24486541399995,33.941735907000066],[-84.25062879399997,33.94929630900003],[-84.25639319399994,33.95685643200005],[-84.26215861399999,33.964416275000076],[-84.26792505299994,33.97197583900004],[-84.27369251399995,33.97953512400005],[-84.27946099499997,33.98709412900007],[-84.28523049799998,33.99465285400004],[-84.29100102299998,34.002211299000066],[-84.29677256999997,34.009769464000044],[-84.30254513999995,34.01732734900003],[-84.30831873299996,34.024884953000026],[-84.31409334999995,34.032442278000076],[-84.31986898999997,34.03999932100004],[-84.32564565599995,34.047556084000064],[-84.33142334599995,34.05511256700004],[-84.33720206199996,34.06266876800004],[-84.34298180399998,34.07022468800005],[-84.34876257199994,34.07778032700003],[-84.35454436599997,34.085335685000075],[-84.36032718799999,34.092890762000025],[-84.36611103799999,34.10044555700006],[-84.37189591499998,34.10800007000006],[-84.37768182099995,34.11555430100003],[-84.38346875599996,34.123108251000076],[-84.38925671999993,34.130661918000044],[-84.39504571399993,34.13821530400003],[-84.40083573799996,34.14576840700005],[-84.40662679199994,34.15332122700005],[-84.41241887799998,34.160873765000076],[-84.41821199599997,34.16842602100007],[-84.42400614499996,34.17597799300006],[-84.42980132699995,34.183529683000074],[-84.43559754099994,34.19108109000007],[-84.44139478899996,34.19863221300005],[-84.44719307099996,34.206183053000075],[-84.45299238699994,34.21373361000008],[-84.45879273699995,34.22128388300007],[-84.46459412199994,34.22883387300004],[-84.47039654299994,34.23638357800007],[-84.4762,34.243933]],[[-84.28416,33.260868],[-84.28645054099997,33.26965063200004],[-84.28874154099998,33.27843320900007],[-84.29103299899998,33.28721573100006],[-84.29332491699995,33.29599819900005],[-84.29561729399995,33.30478061200006],[-84.29791013099998,33.31356297100007],[-84.30020342699999,33.32234527400004],[-84.30249718399995,33.33112752300008],[-84.30479140099999,33.33990971700007],[-84.30708607799994,33.34869185600007],[-84.30938121599996,33.35747394100002],[-84.31167681599999,33.366255970000054],[-84.31397287599998,33.37503794500003],[-84.31626939799997,33.38381986500008],[-84.31856638199997,33.392601729000035],[-84.32086382799997,33.40138353900005],[-84.32316173699996,33.41016529400002],[-84.32546010699997,33.418946994000066],[-84.32775894099996,33.427728638000076],[-84.33005823699995,33.43651022800003],[-84.33235799699997,33.44529176300006],[-84.33465821999994,33.45407324200005],[-84.33695890699994,33.462854666000055],[-84.33926005799998,33.47163603600006],[-84.341561674,33.48041735000004],[-84.34386375399998,33.48919860800004],[-84.34616629799996,33.49797981200004],[-84.34846930699996,33.506760960000065],[-84.35077278199998,33.51554205300005],[-84.35307672199997,33.52432309100004],[-84.35538112799998,33.53310407300006],[-84.357686,33.541885]],[[-83.733847,33.781557],[-83.74436283599994,33.78359145100006],[-83.75487916999998,33.78562500500004],[-83.76539600099994,33.78765766200007],[-83.77591332799994,33.78968942200004],[-83.78643115299997,33.79172028500005],[-83.79694947399997,33.79375025100006],[-83.80746829099996,33.795779319000076],[-83.81798760499998,33.797807489000036],[-83.82850741399994,33.799834762000046],[-83.83902772,33.80186113800005],[-83.84954852099997,33.80388661500007],[-83.86006981799994,33.80591119400003],[-83.87059161099995,33.80793487600005],[-83.88111389899996,33.80995765900008],[-83.89163668199996,33.81197954400005],[-83.90215995999995,33.814000530000044],[-83.91268373299994,33.81602061800004],[-83.923208,33.81803980800004],[-83.93373276199998,33.82005809800006],[-83.94425801799997,33.82207549000003],[-83.95478376899996,33.82409198300007],[-83.96531001399995,33.82610757700007],[-83.97583675199996,33.82812227200003],[-83.98636398399998,33.83013606700007],[-83.99689170999994,33.832148963000066],[-84.00741992899998,33.83416095900003],[-84.01794864199996,33.836172056000066],[-84.02847784699998,33.83818225400006],[-84.03900754599994,33.84019155100003],[-84.04953773699998,33.84219994800003],[-84.06006842099998,33.84420744600004],[-84.07059959699995,33.84621404300003],[-84.08113126599994,33.84821974000005],[-84.09166342599997,33.85022453600004],[-84.10219607899995,33.85222843300005],[-84.11272922299997,33.85423142800005],[-84.12326285899996,33.85623352300007],[-84.13379698699998,33.85823471700007],[-84.14433160599998,33.86023501000005],[-84.15486671599996,33.86223440200007],[-84.16540231699997,33.864232893000064],[-84.17593840899997,33.86623048300004],[-84.18647499099995,33.86822717100006],[-84.19701206399998,33.870222958000056],[-84.20754962699993,33.872217843000044],[-84.21808768099999,33.87421182700007],[-84.22862622499997,33.87620490900008],[-84.23916525799996,33.878197089000025],[-84.24970478099993,33.88018836700007],[-84.26024479399996,33.882178743000054],[-84.27078529599999,33.884168216000035],[-84.28132628699996,33.88615678800005],[-84.29186776699999,33.88814445700007],[-84.30240973599996,33.890131223000026],[-84.312952194,33.89211708700003],[-84.32349514099997,33.894102048000036],[-84.33403857599995,33.89608610600004],[-84.34458249899996,33.898069261000046],[-84.35512690999997,33.90005151300005],[-84.36567180899993,33.902032862000056],[-84.37621719599997,33.90401330700007],[-84.38676306999997,33.90599284900003],[-84.39730943199999,33.907971488000044],[-84.40785628099997,33.90994922300007],[-84.41840361799996,33.91192605400005],[-84.42895144099998,33.91390198100004],[-84.43949975099997,33.91587700500003],[-84.45004854699994,33.91785112400004],[-84.46059782999998,33.91982433900006],[-84.47114759899995,33.92179665000003],[-84.48169785399995,33.92376805600003],[-84.49224859599997,33.925738558000035],[-84.50279982299998,33.92770815600005],[-84.51335153499997,33.92967684900003],[-84.52390373399999,33.93164463700003],[-84.53445641699994,33.93361151900007],[-84.54500958499995,33.935577497000054],[-84.55556323899998,33.93754257000006],[-84.56611737699996,33.939506738000034],[-84.576672,33.94147]],[[-83.712763,33.993196],[-83.71966419399996,34.000043824000045],[-83.72656649499999,34.00689125200006],[-83.73346990399995,34.013738286000034],[-83.74037442199995,34.02058492500004],[-83.74728004799994,34.02743116800008],[-83.75418678399996,34.03427701600003],[-83.76109462899996,34.041122468000026],[-83.76800358399998,34.04796752400006],[-83.77491364999997,34.05481218400007],[-83.78182482699998,34.061656448000065],[-83.78873711399996,34.06850031600004],[-83.79565051399999,34.075343788000055],[-83.80256502499998,34.08218686300006],[-83.80948064899997,34.08902954100006],[-83.81639738599995,34.09587182200005],[-83.82331523499994,34.10271370600003],[-83.83023419899996,34.10955519300006],[-83.83715427599998,34.11639628200004],[-83.84407546799997,34.123236974000065],[-83.85099777499994,34.130077268000036],[-83.85792119699994,34.13691716400007],[-83.86484573499996,34.143756662000044],[-83.87177138899995,34.150595761000034],[-83.87869815899995,34.15743446300007],[-83.88562604599997,34.16427276600007],[-83.89255504999994,34.171110670000076],[-83.89948517199997,34.17794817500004],[-83.90641641199994,34.184785281000075],[-83.91334876999997,34.191621988000065],[-83.92028224699999,34.19845829500008],[-83.92721684399999,34.20529420300005],[-83.93415255999997,34.212129712000035],[-83.94108939599994,34.21896482000005],[-83.94802735299999,34.22579952800004],[-83.95496643099995,34.23263383700004],[-83.96190662999999,34.239467744000024],[-83.96884794999994,34.24630125200002],[-83.97579039299995,34.25313435800007],[-83.98273395799998,34.25996706400008],[-83.98967864599996,34.26679936900007],[-83.99662445699994,34.273631272000046],[-84.00357139299996,34.280462775000046],[-84.01051945199998,34.287293875000046],[-84.01746863499994,34.29412457500007],[-84.024418944,34.300954872000034],[-84.03137037799996,34.307784767000044],[-84.03832293799996,34.31461426000004],[-84.04527662299995,34.32144335100003],[-84.05223143599994,34.32827203900007],[-84.05918737499996,34.33510032500004],[-84.06614444199994,34.34192820800007],[-84.07310263599999,34.34875568700005],[-84.08006195899998,34.355582764000076],[-84.08702240999997,34.36240943800004],[-84.09398398999997,34.36923570700003],[-84.10094669999995,34.37606157400006],[-84.10791053899999,34.38288703600006],[-84.11487550799995,34.38971209500005],[-84.12184160799995,34.39653674900006],[-84.12880883999998,34.40336099900003],[-84.13577720199999,34.41018484500006],[-84.14274669599996,34.417008286000055],[-84.14971732299995,34.42383132200007],[-84.15668908199996,34.430653953000046],[-84.16366197399998,34.43747617900004],[-84.170636,34.444298]],[[-84.840499,34.237855],[-84.83248061699999,34.23181878400004],[-84.82446337799996,34.225782037000045],[-84.81644728299995,34.219744760000026],[-84.80843233099995,34.21370695400003],[-84.80041852299996,34.20766861800007],[-84.79240585799994,34.20162975300008],[-84.78439433499994,34.19559035800006],[-84.77638395499997,34.18955043400007],[-84.76837471599998,34.18350998200003],[-84.76036661999996,34.17746900100008],[-84.75235966499997,34.17142749100003],[-84.74435384999998,34.165385453000056],[-84.73634917699997,34.15934288700004],[-84.72834564399994,34.15329979400008],[-84.72034325099997,34.14725617200003],[-84.71234199699995,34.14121202300004],[-84.70434188299998,34.13516734700005],[-84.69634290799996,34.129122143000075],[-84.68834507199995,34.123076413000035],[-84.68034837499994,34.117030156000055],[-84.67235281499995,34.11098337200008],[-84.66435839399998,34.104936062000036],[-84.65636510899998,34.09888822600004],[-84.64837296199994,34.09283986400004],[-84.64038195199998,34.08679097600003],[-84.63239207799995,34.08074156300006],[-84.62440334099995,34.074691624000025],[-84.616415739,34.06864116000003],[-84.60842927299996,34.06259017100007],[-84.60044394199997,34.05653865700003],[-84.59245974599997,34.050486618000036],[-84.58447668499997,34.04443405500007],[-84.57649475799997,34.03838096800007],[-84.56851396499997,34.03232735700004],[-84.56053430499998,34.026273221000054],[-84.55255577899999,34.02021856300007],[-84.54457838599996,34.01416338000007],[-84.53660212499994,34.008107675000076],[-84.52862699699995,34.00205144600005],[-84.520653,33.995994694000046],[-84.51268013599997,33.98993742000005],[-84.50470840299994,33.983879623000064],[-84.49673779999995,33.97782130300004],[-84.48876832899998,33.97176246200007],[-84.48079998799994,33.96570309800006],[-84.47283277699995,33.95964321300005],[-84.46486669599994,33.95358280600004],[-84.45690174399994,33.94752187800003],[-84.44893792099998,33.941460429000074],[-84.44097522699997,33.935398458000066],[-84.43301366199995,33.92933596700004],[-84.42505322399995,33.92327295500007],[-84.41709391499995,33.91720942300003],[-84.40913573299997,33.91114537000004],[-84.40117867799995,33.90508079700004],[-84.39322274999995,33.89901570500007],[-84.38526794899997,33.892950092000035],[-84.37731427399996,33.886883961000024],[-84.36936172399999,33.880817309000065],[-84.36141030099998,33.87475013900007],[-84.35346000199996,33.86868245000005],[-84.34551082899998,33.86261424200006],[-84.33756277999998,33.85654551500005],[-84.32961585499999,33.85047627000006],[-84.32167005499997,33.84440650700003],[-84.31372537799996,33.838336226000024],[-84.30578182399995,33.83226542700004],[-84.29783939299995,33.82619411100006],[-84.28989808499995,33.82012227700005],[-84.28195789999995,33.81404992600005],[-84.27401883599998,33.80797705700007],[-84.26608089399997,33.80190367200004],[-84.25814407399997,33.79582977000007],[-84.25020837499994,33.78975535200004],[-84.24227379599995,33.78368041700003],[-84.23434033799998,33.77760496700006],[-84.226408,33.771529]],[[-85.07974399856306,33.582816275050554],[-85.07001271514622,33.58654709210984],[-85.06028059496718,33.59027714088521],[-85.05054763702607,33.59400642237683],[-85.04081384232275,33.59773493458464],[-85.03107920985724,33.60146267950881],[-85.0213437396294,33.60518965514934],[-85.01160743263927,33.60891586250625],[-85.00187028788672,33.61264130057965],[-84.99213230012278,33.61636596740113],[-84.98239347316633,33.62008986347434],[-84.97265380924505,33.62381299153006],[-84.96291330735899,33.627535349568305],[-84.95317196750807,33.63125693858909],[-84.94342978969229,33.63497775759235],[-84.93368677491172,33.638697806578165],[-84.92394292116632,33.64241708654652],[-84.91419823045604,33.64613559549744],[-84.9044527017809,33.649853334430844],[-84.89470633514088,33.65357030334682],[-84.88495854499996,33.65728694400008],[-84.87521052499994,33.661002359000065],[-84.86546166799997,33.66471700300008],[-84.85571197199994,33.66843087600006],[-84.84596143799996,33.672143978000065],[-84.83621006699997,33.67585630800005],[-84.82645785699998,33.67956786600007],[-84.81670480899999,33.68327865200007],[-84.80695092399998,33.68698866700004],[-84.79719619999997,33.69069790900005],[-84.78744063799996,33.69440637800005],[-84.77768423799995,33.698114076000024],[-84.767927,33.701821]],[[-84.4762,34.243933],[-84.47639532699998,34.23500898700007],[-84.47659061299998,34.22608496000004],[-84.47678585799997,34.217160920000026],[-84.47698106099995,34.20823686700004],[-84.47717622399995,34.19931280000003],[-84.47737134499994,34.190388720000044],[-84.47756642499996,34.181464627000025],[-84.47776146399997,34.17254052100003],[-84.47795646199995,34.16361640100007],[-84.47815141999996,34.154692268000076],[-84.47834633599996,34.14576812100006],[-84.47854121099994,34.13684396100007],[-84.47873604499995,34.12791978800004],[-84.47893083799994,34.11899560200004],[-84.47912558999997,34.110071402000074],[-84.47932030099997,34.10114718900007],[-84.47951497199995,34.09222296300004],[-84.47970960099997,34.08329872400003],[-84.47990418999996,34.074374471000056],[-84.48009873799998,34.06545020500005],[-84.48029324499998,34.056525925000074],[-84.48048771199996,34.04760163200007],[-84.48068213699997,34.03867732600003],[-84.48087652199996,34.02975300700007],[-84.48107086699997,34.020828675000075],[-84.48126516999997,34.01190432900006],[-84.48145943299994,34.00297997000007],[-84.48165365499995,33.994055597000056],[-84.48184783699998,33.985131212000056],[-84.48204197799998,33.97620681300003],[-84.48223607899996,33.967282401000034],[-84.48243013899997,33.95835797500007],[-84.48262415799996,33.94943353600007],[-84.48281813699998,33.94050908400004],[-84.48301207599997,33.931584619000034],[-84.48320597399999,33.92266014000006],[-84.48339983099999,33.913735649000046],[-84.48359364799995,33.904811144000064],[-84.48378742499995,33.89588662500006],[-84.48398116199996,33.88696209400007],[-84.48417485799996,33.878037549000055],[-84.48436851299994,33.869112991000065],[-84.48456212899998,33.86018842000004],[-84.48475570399995,33.851263835000054],[-84.48494923899995,33.84233923700003],[-84.48514273399996,33.833414626000035],[-84.48533618799996,33.82449000200006],[-84.48552960199999,33.815565364000065],[-84.48572297699997,33.806640713000036],[-84.48591631099998,33.79771604900003],[-84.48610960399998,33.78879137200005],[-84.48630285799999,33.77986668200003],[-84.48649607199997,33.77094197800005],[-84.48668924499998,33.76201726100004],[-84.48688237899995,33.75309253100005],[-84.48707547299995,33.74416778700004],[-84.48726852599998,33.73524303100004],[-84.48746153999997,33.726318261000074],[-84.48765451299994,33.717393478000076],[-84.48784744699998,33.708468682000046],[-84.48804034099999,33.69954387200005],[-84.48823319499996,33.69061904900008],[-84.48842600899997,33.68169421300007],[-84.48861878299994,33.67276936400003],[-84.48881151699999,33.663844502000074],[-84.48900421199994,33.65491962600004],[-84.48919686699998,33.64599473800007],[-84.48938948199998,33.63706983600002],[-84.48958205699995,33.62814492000007],[-84.48977459299994,33.61921999200007],[-84.48996708899995,33.61029505000005],[-84.49015954499998,33.60137009600004],[-84.49035196099999,33.592445128000065],[-84.49054433799995,33.58352014700006],[-84.49073667599998,33.57459515200003],[-84.49092897299994,33.56567014500007],[-84.49112123199995,33.55674512400003],[-84.49131344999995,33.54782009000007],[-84.49150562899996,33.538895043000025],[-84.49169776899998,33.52996998300006],[-84.49188986899998,33.52104490900007],[-84.49208192999998,33.512119822000045],[-84.49227395099996,33.503194723000036],[-84.49246593299995,33.49426961000006],[-84.49265787599995,33.48534448300006],[-84.49284977899998,33.47641934400008],[-84.49304164299997,33.46749419200006],[-84.49323346699998,33.45856902600008],[-84.49342525199995,33.44964384700006],[-84.49361699799994,33.44071865500007],[-84.49380870499994,33.43179345000004],[-84.49400037199996,33.42286823100005],[-84.494192,33.413943]],[[-84.357686,33.541885],[-84.35476389999997,33.55054174500003],[-84.35184121599997,33.55919840900003],[-84.34891794999999,33.567854992000036],[-84.34599409999998,33.576511494000044],[-84.34306966599996,33.585167915000056],[-84.34014464799998,33.593824254000026],[-84.33721904499998,33.60248051200006],[-84.33429285799997,33.611136689000034],[-84.33136608599995,33.619792784000026],[-84.32843872899997,33.62844879800008],[-84.32551078599994,33.63710473100008],[-84.32258225699997,33.64576058200004],[-84.31965314199994,33.654416351000066],[-84.31672343999998,33.66307203900004],[-84.31379315199996,33.67172764600008],[-84.31086227599997,33.68038317000003],[-84.30793081299998,33.68903861300004],[-84.30499876199997,33.69769397500005],[-84.30206612299997,33.70634925400003],[-84.29913289599995,33.71500445200007],[-84.29619907999995,33.72365956800007],[-84.29326467499999,33.73231460200003],[-84.29032968099995,33.74096955500005],[-84.28739409699995,33.749624425000036],[-84.28445792299993,33.75827921400003],[-84.28152115899996,33.76693392000004],[-84.27858380499998,33.77558854400007],[-84.27564585999994,33.78424308700005],[-84.27270732399995,33.79289754700005],[-84.26976819599997,33.80155192500007],[-84.26682847599994,33.810206220000055],[-84.26388816499997,33.818860434000044],[-84.26094726099996,33.82751456500006],[-84.25800576499995,33.83616861400003],[-84.25506367499997,33.844822581000074],[-84.25212099199996,33.85347646500003],[-84.24917771599996,33.862130267000055],[-84.24623384599994,33.87078398600005],[-84.24328938199994,33.87943762300006],[-84.24034432299999,33.888091177000035],[-84.23739866899996,33.89674464900003],[-84.23445241999997,33.905398038000044],[-84.23150557599996,33.91405134400003],[-84.22855813599995,33.92270456800003],[-84.22561009999998,33.93135770900005],[-84.22266146699997,33.94001076700005],[-84.21971223799994,33.948663743000054],[-84.21676241199998,33.95731663500004],[-84.21381198899996,33.96596944500004],[-84.21086096799996,33.97462217200007],[-84.20790934899998,33.98327481500007],[-84.20495713199995,33.991927376000035],[-84.20200431599994,34.00057985400008],[-84.19905090199995,34.009232248000046],[-84.19609688799994,34.01788456000003],[-84.19314227499996,34.026536788000044],[-84.19018706199995,34.035188934000075],[-84.18723124899998,34.04384099500004],[-84.18427483599999,34.052492974000074],[-84.18131782099994,34.06114486900003],[-84.17836020599998,34.06979668100007],[-84.17540198999995,34.07844841000008],[-84.17244317199999,34.087100055000064],[-84.16948375199996,34.095751617000076],[-84.16652372899995,34.104403095000066],[-84.163563104,34.113054490000025],[-84.16060187599999,34.121705801000076],[-84.15764004499994,34.13035702800005],[-84.15467760999996,34.13900817200005],[-84.15171457199995,34.147659232000024],[-84.14875092899996,34.156310209000026],[-84.14578668199994,34.164961101000074],[-84.14282182999995,34.173611910000034],[-84.13985637299999,34.18226263500003],[-84.13689030999996,34.19091327600006],[-84.13392364199996,34.19956383300007],[-84.13095636799994,34.20821430600006],[-84.12798848699998,34.21686469500003],[-84.12502,34.225515]],[[-84.576672,33.94147],[-84.57118010499994,33.93391150800005],[-84.56568918099998,33.92635276300007],[-84.56019922699994,33.91879376300005],[-84.55471024199994,33.91123450900005],[-84.54922222599998,33.90367500100007],[-84.54373517899995,33.89611524000003],[-84.53824909999997,33.88855522500006],[-84.53276398899999,33.88099495600005],[-84.52727984599994,33.873434434000046],[-84.52179666899997,33.865873659000044],[-84.51631445899994,33.85831263000006],[-84.51083321599998,33.85075134900006],[-84.50535293799999,33.84318981400003],[-84.49987362499996,33.83562802700004],[-84.49439527799996,33.82806598700006],[-84.48891789499999,33.820503694000024],[-84.48344147599994,33.81294114900004],[-84.47796602099999,33.80537835200005],[-84.47249152899997,33.79781530200006],[-84.467018,33.790252]],[[-84.763366,33.353456],[-84.75579268299998,33.35974960800007],[-84.74821827699998,33.36604274700005],[-84.74064277899998,33.372335418000034],[-84.73306619099998,33.37862762000003],[-84.72548851099998,33.38491935300004],[-84.71790973899994,33.39121061700007],[-84.71032987599995,33.397501412000054],[-84.70274891999998,33.40379173800005],[-84.69516687199996,33.410081594000076],[-84.68758373099996,33.41637098000007],[-84.67999949599994,33.42265989600003],[-84.67241416799999,33.42894834100008],[-84.66482774499997,33.43523631700003],[-84.65724022899997,33.44152382200008],[-84.64965161699996,33.447810856000046],[-84.64206191099998,33.45409742000004],[-84.63447110899995,33.46038351200008],[-84.62687921199995,33.46666913400003],[-84.61928621899995,33.472954284000025],[-84.61169212899995,33.47923896200007],[-84.60409694199996,33.48552316900003],[-84.59650065899996,33.491806903000054],[-84.58890327799998,33.498090166000054],[-84.58130479899995,33.504372956000054],[-84.57370522199994,33.510655274000044],[-84.56610454699995,33.51693711900003],[-84.55850277299999,33.52321849200007],[-84.5508999,33.52949939100006],[-84.54329592799996,33.53577981800004],[-84.53569085599997,33.54205977100003],[-84.52808468399996,33.548339250000026],[-84.52047741099994,33.554618256000026],[-84.51286903799996,33.560896788000036],[-84.50525956299998,33.56717484600006],[-84.49764898699993,33.57345242900004],[-84.49003730999993,33.57972953900003],[-84.48242452999995,33.586006173000044],[-84.47481064699997,33.59228233300007],[-84.46719566199994,33.59855801800006],[-84.45957957399997,33.604833228000075],[-84.45196238199998,33.61110796200006],[-84.444344087,33.61738222100007],[-84.43672468699998,33.62365600500004],[-84.42910418299994,33.62992931300005],[-84.42148257399998,33.63620214400004],[-84.41385985899996,33.64247450000005],[-84.40623603999995,33.648746379000045],[-84.39861111399995,33.655017781000026],[-84.39098508199999,33.66128870700004],[-84.38335794399995,33.66755915600004],[-84.37572969899998,33.67382912800008],[-84.36810034599995,33.68009862200006],[-84.36046988599998,33.686367639000025],[-84.35283831799995,33.69263617900003],[-84.34520564199994,33.69890424000005],[-84.33757185699994,33.70517182400005],[-84.32993696399996,33.71143893000004],[-84.32230096099994,33.717705557000045],[-84.31466384799995,33.72397170600004],[-84.30702562599998,33.73023737600005],[-84.29938629299994,33.73650256700006],[-84.29174584999998,33.74276727900008],[-84.28410429599995,33.749031512000045],[-84.27646162999997,33.75529526500003],[-84.26881785299997,33.76155853900008],[-84.26117296399997,33.76782133300003],[-84.25352696199997,33.774083647000054],[-84.24587984799996,33.78034548100004],[-84.23823162099995,33.78660683500004],[-84.23058228099995,33.792867708000074],[-84.22293182699997,33.799128101000065],[-84.21528025799995,33.80538801200004],[-84.20762757599994,33.81164744300003],[-84.19997377899995,33.817906392000054],[-84.19231886599994,33.82416486100004],[-84.18466283899994,33.83042284700008],[-84.17700569499993,33.83668035200003],[-84.16934743599995,33.842937375000076],[-84.16168805999996,33.84919391500006],[-84.15402756699996,33.85544997400007],[-84.146365958,33.86170555000007],[-84.13870323099997,33.86796064300006],[-84.13103938599994,33.874215253000045],[-84.12337442299997,33.88046938100007],[-84.11570834099996,33.88672302500004],[-84.10804114099994,33.892976186000055],[-84.10037282199994,33.899228863000076],[-84.09270338299996,33.90548105600004],[-84.08503282399994,33.91173276600006],[-84.07736114499994,33.917983992000075],[-84.06968834599996,33.92423473300005],[-84.06201442599996,33.930484990000025],[-84.05433938399995,33.93673476200007],[-84.04666322099996,33.942984049000074],[-84.03898593699995,33.94923285100003],[-84.03130752999994,33.95548116800006],[-84.023628,33.961729]],[[-84.170636,34.444298],[-84.16087289499995,34.44077250400005],[-84.15111061099998,34.43724622600007],[-84.14134914699997,34.43371916700005],[-84.13158850299999,34.430191327000045],[-84.12182867999996,34.42666270600006],[-84.11206967599998,34.42313330400003],[-84.10231149299995,34.41960312100008],[-84.09255412999994,34.41607215800008],[-84.08279758699996,34.412540415000024],[-84.07304186499994,34.409007891000044],[-84.06328696299994,34.40547458800006],[-84.05353288099997,34.40194050500003],[-84.04377961899996,34.39840564200006],[-84.03402717799997,34.394869999000036],[-84.02427555699995,34.39133357800006],[-84.01452475599996,34.38779637700003],[-84.00477477499999,34.38425839700005],[-83.99502561499997,34.38071963900006],[-83.98527727499999,34.37718010100008],[-83.97552975599996,34.37363978600007],[-83.96578305599996,34.370098692000056],[-83.95603717699998,34.36655682000003],[-83.94629211799997,34.36301417000004],[-83.93654787999998,34.35947074200004],[-83.92680446099996,34.35592653600003],[-83.91706186299996,34.35238155300004],[-83.90732008599997,34.348835793000035],[-83.89757912799996,34.34528925600006],[-83.88783899099997,34.341741941000066],[-83.87809967399994,34.33819385000004],[-83.86836117799999,34.33464498200004],[-83.85862350199994,34.33109533800007],[-83.84888664599998,34.32754491800006],[-83.83915061,34.32399372100008],[-83.82941539499996,34.320441748000064],[-83.819681,34.316889]],[[-84.226408,33.771529],[-84.22439491599994,33.76268184800006],[-84.22238224599994,33.753834651000034],[-84.22036998999994,33.74498740900003],[-84.21835814599996,33.73614012100006],[-84.21634671599998,33.72729278700007],[-84.21433569799996,33.718445408000036],[-84.21232509299995,33.70959798400003],[-84.21031489999996,33.70075051400005],[-84.20830511899999,33.691902999000035],[-84.20629574999998,33.68305543800005],[-84.20428679199995,33.674207833000025],[-84.20227824699998,33.66536018100004],[-84.20027011199994,33.656512485000064],[-84.19826238799999,33.647664743000064],[-84.19625507499995,33.63881695600003],[-84.19424817299995,33.62996912300002],[-84.19224168099998,33.62112124600003],[-84.19023559899995,33.61227332300007],[-84.18822992599996,33.60342535500007],[-84.18622466399995,33.59457734100005],[-84.18421981099993,33.585729283000035],[-84.18221536699997,33.576881179000054],[-84.18021133199994,33.56803303100003],[-84.17820770599997,33.55918483700003],[-84.17620448899999,33.55033659800006],[-84.17420167999995,33.54148831400005],[-84.17219927899998,33.53263998500006],[-84.17019728599996,33.523791611000036],[-84.16819569999996,33.51494319200003],[-84.16619452199996,33.50609472800005],[-84.16419375199996,33.49724621900003],[-84.16219338799993,33.488397665000036],[-84.16019343099998,33.47954906600006],[-84.15819388099999,33.47070042200005],[-84.15619473799995,33.46185173400005],[-84.154196,33.453003]],[[-84.767927,33.701821],[-84.75736068899994,33.700172731000066],[-84.74679478099995,33.698523557000044],[-84.73622927699995,33.69687348000008],[-84.72566417799999,33.69522249900007],[-84.71509948199997,33.69357061300008],[-84.70453519099993,33.691917825000075],[-84.69397130499993,33.69026413200004],[-84.68340782299998,33.68860953600006],[-84.67284474599995,33.68695403600003],[-84.66228207399996,33.68529763400005],[-84.65171980799994,33.683640327000035],[-84.64115794699995,33.681982118000064],[-84.63059649199994,33.68032300600004],[-84.62003544199996,33.67866299000008],[-84.60947479899994,33.67700207200005],[-84.59891456099996,33.67534025100008],[-84.58835472999993,33.67367752700005],[-84.57779530599998,33.672013900000024],[-84.56723628799995,33.67034937100004],[-84.55667767699998,33.66868393900006],[-84.54611947399997,33.66701760500007],[-84.53556167699998,33.665350369000066],[-84.52500428799993,33.66368223100005],[-84.51444730699995,33.66201319000004],[-84.50389073399998,33.66034324700007],[-84.49333456799997,33.658672403000025],[-84.48277881099995,33.657000657000026],[-84.47222346199999,33.65532800900007],[-84.46166852099998,33.65365445900005],[-84.45111398899996,33.651980008000066],[-84.44055986599994,33.65030465500007],[-84.43000615199998,33.64862840100005],[-84.41945284699995,33.64695124600007],[-84.40889995199996,33.64527318900008],[-84.39834746599996,33.643594231000066],[-84.38779538999995,33.64191437300008],[-84.37724372399998,33.64023361300008],[-84.36669246899999,33.63855195300005],[-84.35614162299998,33.63686939200005],[-84.34559118799996,33.635185930000034],[-84.33504116299997,33.63350156800004],[-84.32449154999995,33.63181630500003],[-84.31394234699997,33.63013014200004],[-84.30339355599995,33.62844307800003],[-84.29284517499997,33.62675511500004],[-84.28229720699994,33.62506625100008],[-84.27174964999995,33.62337648700003],[-84.26120250499997,33.62168582400005],[-84.25065577199996,33.619994260000055],[-84.24010945099997,33.61830179700007],[-84.22956354299998,33.61660843400006],[-84.21901804799995,33.614914172000056],[-84.20847296499994,33.61321901000008],[-84.19792829499994,33.61152294900006],[-84.18738403799995,33.60982598900006],[-84.17684019399996,33.60812812900008],[-84.16629676399998,33.60642937100005],[-84.15575374799994,33.60472971300004],[-84.14521114499996,33.60302915700004],[-84.13466895699997,33.60132770100006],[-84.12412718299998,33.59962534700003],[-84.11358582299994,33.59792209500006],[-84.10304487699995,33.596217944000045],[-84.09250434599994,33.59451289400005],[-84.08196422999998,33.59280694600005],[-84.07142452999994,33.59110010000006],[-84.06088524399996,33.589392356000076],[-84.05034637399996,33.58768371300005],[-84.03980791899994,33.58597417300007],[-84.02926987999996,33.584263735000036],[-84.01873225699995,33.582552399000065],[-84.00819505099997,33.58084016500004],[-83.99765825999998,33.57912703400007],[-83.98712188599995,33.57741300500004],[-83.97658592899995,33.57569807900006],[-83.96605038799999,33.57398225500003],[-83.95551526399998,33.57226553500004],[-83.94498055799994,33.570547917000056],[-83.93444626899998,33.56882940200006],[-83.92391239699998,33.56710999000006],[-83.91337894299994,33.565389681000056],[-83.90284590699997,33.56366847600003],[-83.89231328899996,33.56194637300007],[-83.88178108899996,33.56022337500008],[-83.87124930699997,33.55849948000008],[-83.86071794399999,33.556774688000075],[-83.850187,33.555049]],[[-84.494192,33.413943],[-84.49981248399996,33.42162747400005],[-84.50543395699998,33.42931168300004],[-84.51105642199997,33.43699562900008],[-84.51667987799993,33.444679310000026],[-84.52230432499994,33.45236272600005],[-84.52792976499995,33.46004587700003],[-84.53355619699994,33.46772876400007],[-84.53918362199994,33.475411386000076],[-84.54481203999995,33.48309374200005],[-84.55044145199997,33.49077583400003],[-84.55607185799994,33.49845766000004],[-84.56170325899996,33.50613922100007],[-84.56733565499997,33.51382051600007],[-84.57296904699996,33.521501545000035],[-84.57860343399994,33.52918230900008],[-84.58423881799996,33.536862807000034],[-84.58987519899995,33.544543039000075],[-84.59551257699997,33.55222300400004],[-84.60115095199995,33.559902704000024],[-84.60679032599995,33.567582137000045],[-84.61243069799997,33.57526130300005],[-84.61807206899994,33.58294020300008],[-84.62371443999996,33.59061883600003],[-84.62935780999999,33.598297202000026],[-84.63500218099995,33.60597530200005],[-84.64064755299995,33.61365313400006],[-84.64629392499995,33.621330699000055],[-84.65194129899999,33.62900799600004],[-84.65758967499994,33.636685026000066],[-84.66323905399997,33.64436178900007],[-84.66888943599997,33.65203828400007],[-84.67454081999995,33.65971451100006],[-84.68019320899998,33.66739047000004],[-84.68584660199997,33.675066161000075],[-84.69150099899997,33.68274158300005],[-84.69715640199996,33.69041673800007],[-84.70281280999995,33.69809162400003],[-84.70847022399994,33.70576624100005],[-84.71412864399997,33.71344059000006],[-84.71978807099998,33.72111467000008],[-84.72544850499997,33.72878848100004],[-84.73110994699994,33.73646202300006],[-84.73677239699998,33.744135296000024],[-84.74243585599999,33.75180829900006],[-84.74810032399995,33.75948103300004],[-84.75376580099999,33.76715349800003],[-84.75943228799997,33.774825693000025],[-84.76509978499996,33.782497618000036],[-84.77076829299995,33.79016927300006],[-84.77643781299997,33.79784065800004],[-84.78210834299995,33.805511773000035],[-84.78777988599995,33.81318261800004],[-84.79345244199999,33.82085319300006],[-84.79912600999995,33.82852349700005],[-84.80480059199994,33.83619353000006],[-84.81047618699995,33.84386329200004],[-84.81615279699997,33.85153278400003],[-84.82183042199995,33.85920200500004],[-84.82750906099994,33.866870954000035],[-84.83318871699998,33.87453963300004],[-84.83886938799998,33.88220804000008],[-84.84455107599996,33.88987617500004],[-84.85023377999994,33.897544039000024],[-84.85591750199995,33.90521163100004],[-84.86160224199995,33.91287895200003],[-84.867288,33.920546]],[[-84.12502,34.225515],[-84.12349595599994,34.216727079000066],[-84.12197222899994,34.20793912600004],[-84.12044881799994,34.19915114100007],[-84.11892572299996,34.19036312600008],[-84.11740294399993,34.18157507800004],[-84.11588047999999,34.17278699900004],[-84.11435833299998,34.16399888900003],[-84.11283649999996,34.15521074700007],[-84.11131498299994,34.14642257400004],[-84.10979378099995,34.13763436900007],[-84.10827289399998,34.128846132000035],[-84.10675232199998,34.120057865000035],[-84.10523206399995,34.11126956600003],[-84.10371211999995,34.10248123500003],[-84.10219249099998,34.093692873000066],[-84.10067317599999,34.084904480000034],[-84.09915417499997,34.07611605500006],[-84.09763548699993,34.067327599000066],[-84.09611711399998,34.05853911200006],[-84.09459905299997,34.049750593000056],[-84.09308130599999,34.040962043000036],[-84.09156387199994,34.03217346200006],[-84.09004674999994,34.023384849000024],[-84.08852994199998,34.01459620500003],[-84.08701344599996,34.00580753000003],[-84.085497262,33.997018823000076],[-84.08398139099995,33.988230086000044],[-84.08246583099998,33.97944131700007],[-84.08095058399994,33.97065251600003],[-84.07943564799996,33.961863685000026],[-84.07792102399998,33.953074822000076],[-84.07640671099995,33.944285928000056],[-84.07489270999997,33.93549700300008],[-84.07337901899996,33.926708047000034],[-84.07186563999994,33.91791905900004],[-84.07035257099994,33.909130041000026],[-84.06883981299995,33.900340991000064],[-84.06732736499998,33.89155191000003],[-84.06581522699997,33.882762798000044],[-84.06430339999997,33.87397365500004],[-84.06279188199994,33.86518448100003],[-84.06128067399999,33.85639527600006],[-84.05976977599994,33.84760603900003],[-84.05825918699998,33.83881677200003],[-84.05674890699999,33.83002747300003],[-84.05523893599997,33.82123814400006],[-84.05372927499997,33.812448783000036],[-84.05221992199995,33.80365939200004],[-84.05071087699997,33.79486996900005],[-84.04920214099997,33.78608051600003],[-84.047693714,33.77729103100006],[-84.04618559399995,33.768501515000025],[-84.04467778199995,33.75971196900008],[-84.04317027799993,33.750922391000074],[-84.04166308199996,33.742132783000045],[-84.04015619299997,33.73334314400006],[-84.03864961099998,33.72455347400006],[-84.03714333699997,33.71576377200006],[-84.03563736899997,33.706974040000034],[-84.03413170799996,33.69818427700005],[-84.03262635399994,33.68939448400005],[-84.03112130599999,33.68060465900004],[-84.02961656499997,33.671814803000075],[-84.02811212899996,33.66302491700003],[-84.026608,33.654235]],[[-84.467018,33.790252],[-84.46405090599995,33.781716061000054],[-84.46108440199998,33.77318004000006],[-84.45811848499994,33.76464393500004],[-84.45515315599994,33.756107747000044],[-84.45218841599996,33.747571476000076],[-84.44922426199997,33.739035122000075],[-84.44626069599997,33.73049868500004],[-84.44329771599996,33.721962165000036],[-84.44033532299994,33.713425563000044],[-84.43737351699997,33.70488887700003],[-84.43441229599995,33.69635210900003],[-84.43145166099998,33.68781525800006],[-84.42849161099997,33.67927832400005],[-84.42553214599997,33.67074130700007],[-84.42257326599997,33.66220420800005],[-84.41961497099999,33.65366702600005],[-84.41665725899998,33.64512976200007],[-84.41370013099998,33.63659241500005],[-84.41074358699996,33.62805498500006],[-84.40778762599996,33.61951747300003],[-84.40483224799993,33.61097987900007],[-84.40187745299994,33.60244220200008],[-84.39892323999999,33.59390444300004],[-84.39596960899996,33.58536660100003],[-84.39301655999998,33.57682867800003],[-84.39006409199999,33.568290672000046],[-84.38711220599998,33.55975258400008],[-84.38416089999998,33.551214413000025],[-84.38121017499998,33.54267616100003],[-84.37826002999998,33.53413782600006],[-84.37531046499998,33.52559940900005],[-84.37236147899995,33.517060911000044],[-84.36941307399997,33.50852233000006],[-84.36646524699995,33.49998366800003],[-84.36351799899995,33.491444923000074],[-84.36057132899998,33.48290609700007],[-84.35762523799997,33.47436718900008],[-84.35467972399994,33.46582819900004],[-84.35173478799999,33.457289127000024],[-84.34879042899996,33.448749974000066],[-84.34584664799996,33.440210738000076],[-84.34290344299995,33.43167142200008],[-84.33996081399994,33.42313202300005],[-84.33701876199996,33.414592543000026],[-84.33407728499998,33.40605298200006],[-84.331136384,33.39751333900006],[-84.32819605899994,33.388973615000054],[-84.32525630799995,33.38043380900007],[-84.32231713099998,33.37189392200003],[-84.31937852999994,33.36335395300006],[-84.31644050199998,33.354813903000036],[-84.31350304799997,33.346273772000075],[-84.310566167,33.33773356000006],[-84.30762985999996,33.32919326600006],[-84.30469412499997,33.320652892000055],[-84.30175896299994,33.312112436000064],[-84.29882437399993,33.303571899000076],[-84.29589035599997,33.295031281000036],[-84.29295690999999,33.286490582000056],[-84.29002403599998,33.27794980300007],[-84.28709173199996,33.26940894200004],[-84.28416,33.260868]],[[-84.023628,33.961729],[-84.01508762899994,33.95643964100003],[-84.00654831499997,33.951149685000075],[-83.99801005799998,33.94585913100008],[-83.98947285699995,33.94056798200006],[-83.98093671299995,33.93527623600005],[-83.97240162399999,33.92998389300004],[-83.96386759199999,33.924690955000074],[-83.95533461499997,33.91939742100004],[-83.94680269299994,33.91410329100006],[-83.93827182699994,33.90880856500007],[-83.92974201499999,33.90351324400007],[-83.92121325899996,33.89821732900003],[-83.91268555599999,33.89292081800005],[-83.90415890799994,33.88762371200005],[-83.89563331399995,33.88232601200008],[-83.88710877399996,33.87702771800008],[-83.87858528799995,33.87172882900006],[-83.87006285499996,33.866429347000064],[-83.86154147499997,33.86112927000005],[-83.85302114699994,33.85582860000005],[-83.84450187299996,33.850527337000074],[-83.83598365099994,33.84522548100006],[-83.82746648099999,33.83992303100007],[-83.81895036399999,33.83461998900003],[-83.81043529799996,33.82931635400007],[-83.80192128399995,33.82401212600007],[-83.79340832099996,33.81870730600008],[-83.78489640899994,33.81340189400004],[-83.77638554799995,33.80809589100005],[-83.76787573799999,33.802789295000025],[-83.75936697799995,33.797482108000054],[-83.75085926899999,33.79217433000008],[-83.74235260999995,33.78686596000006],[-83.733847,33.781557]],[[-83.819681,34.316889],[-83.81685688399995,34.30837217900006],[-83.81403333799994,34.29985528100008],[-83.81121036199994,34.291338307000046],[-83.80838795499994,34.282821255000044],[-83.80556611799994,34.27430412600006],[-83.80274484999995,34.26578692100003],[-83.79992415099997,34.25726963900007],[-83.79710401999995,34.248752280000076],[-83.79428445799994,34.24023484500003],[-83.79146546299995,34.23171733200007],[-83.78864703599999,34.223199744000055],[-83.78582917599994,34.21468207800007],[-83.78301188299997,34.20616433600003],[-83.78019515699998,34.19764651700007],[-83.77737899799996,34.189128622000055],[-83.77456340399993,34.18061065100005],[-83.77174837699994,34.17209260300007],[-83.76893391499993,34.163574478000044],[-83.76612001799998,34.155056278000075],[-83.76330668599996,34.14653800100007],[-83.76049391899994,34.13801964700008],[-83.75768171699997,34.12950121800003],[-83.75487007799995,34.12098271200006],[-83.75205900399999,34.112464130000035],[-83.74924849299998,34.10394547100003],[-83.746438545,34.095426737000025],[-83.74362915999995,34.08690792700003],[-83.74082033799993,34.07838904000005],[-83.73801207799994,34.069870078000065],[-83.73520437999997,34.061351039000044],[-83.73239724399997,34.05283192500008],[-83.72959066999994,34.04431273400007],[-83.72678465699994,34.035793468000065],[-83.72397920499998,34.027274126000066],[-83.72117431299995,34.018754708000074],[-83.71836998199996,34.01023521500008],[-83.71556621099995,34.00171564500005],[-83.712763,33.993196]],[[-84.154196,33.453003],[-84.16049349399998,33.460287994000055],[-84.16679204099995,33.46757265900004],[-84.17309164199997,33.47485699600003],[-84.17939229699994,33.48214100400003],[-84.18569400699994,33.48942468300004],[-84.19199677199998,33.49670803400005],[-84.19830059299994,33.50399105400004],[-84.20460547,33.51127374600003],[-84.21091140299995,33.51855610800004],[-84.21721839299994,33.525838140000076],[-84.22352643999994,33.533119843000065],[-84.22983554499996,33.54040121500003],[-84.23614570899997,33.547682258000066],[-84.24245692999995,33.554962970000076],[-84.24876921099997,33.56224335200005],[-84.25508255099999,33.56952340400005],[-84.26139695099994,33.576803125000026],[-84.26771241099993,33.584082515000034],[-84.27402893199996,33.591361574000075],[-84.28034651399997,33.598640302000035],[-84.28666515699996,33.60591869900003],[-84.29298486199997,33.613196764000065],[-84.29930562999994,33.62047449800008],[-84.30562745999998,33.62775190100007],[-84.31195035399998,33.635028971000054],[-84.31827431099998,33.64230571000007],[-84.32459933199993,33.64958211700008],[-84.33092541799994,33.656858191000026],[-84.33725256799994,33.66413393300007],[-84.34358078399998,33.67140934300005],[-84.34991006599995,33.678684420000025],[-84.35624041399996,33.68595916400005],[-84.36257182799994,33.69323357500008],[-84.36890430999995,33.700507653000045],[-84.37523785899998,33.707781398000066],[-84.38157247499998,33.71505481000003],[-84.38790815999994,33.72232788800005],[-84.39424491399996,33.729600633000075],[-84.40058273699998,33.73687304300006],[-84.40692162999994,33.74414512000004],[-84.41326159199997,33.75141686300003],[-84.41960262499998,33.75868827100004],[-84.42594472899998,33.765959345000056],[-84.43228790399996,33.77323008500008],[-84.43863215099998,33.780500490000065],[-84.44497746899998,33.78777056000007],[-84.45132386099993,33.795040295000035],[-84.45767132499998,33.802309695000076],[-84.46401986299998,33.80957876000008],[-84.47036947499998,33.81684749000004],[-84.47672016099995,33.82411588400004],[-84.48307192099998,33.83138394200006],[-84.48942475699994,33.838651664000054],[-84.49577866899995,33.84591905100007],[-84.50213365599996,33.85318610200005],[-84.50848971999994,33.86045281600008],[-84.51484685999998,33.867719194000074],[-84.52120507799998,33.874985235000054],[-84.52756437399995,33.88225094000006],[-84.53392474699996,33.889516307000065],[-84.54028619899998,33.89678133800004],[-84.54664873099995,33.90404603200005],[-84.55301234099994,33.91131038800006],[-84.55937703199999,33.91857440800004],[-84.56574280199999,33.925838089000024],[-84.57210965399997,33.93310143300005],[-84.57847758599996,33.940364439000064],[-84.58484659999993,33.94762710700007],[-84.59121669599995,33.95488943700008],[-84.59758787499999,33.96215142800003],[-84.60396013599996,33.969413082000074],[-84.61033348099994,33.97667439600008],[-84.61670790899996,33.983935372000076],[-84.62308342199998,33.99119600900008],[-84.62946001899996,33.998456307000026],[-84.63583770099996,34.005716266000036],[-84.64221646799996,34.01297588600005],[-84.64859632199995,34.02023516600008],[-84.65497726199999,34.02749410600006],[-84.66135928799997,34.03475270700005],[-84.66774240199999,34.042010968000056],[-84.674126603,34.049268889000075],[-84.68051189199997,34.05652647000005],[-84.68689826999997,34.06378371000005],[-84.69328573599995,34.07104061000007],[-84.69967429199994,34.07829716900005],[-84.70606393799994,34.08555338800005],[-84.71245467399996,34.09280926500003],[-84.71884649999998,34.10006480200008],[-84.72523941799994,34.10731999700005],[-84.73163342699996,34.11457485100004],[-84.73802852799997,34.121829364000064],[-84.74442472099997,34.12908353500006],[-84.75082200699995,34.13633736400004],[-84.75722038699996,34.143590851000056],[-84.76361985999995,34.15084399600005],[-84.77002042699996,34.15809679900008],[-84.77642208799995,34.16534925900004],[-84.78282484499994,34.172601377000035],[-84.78922869699994,34.17985315200008],[-84.79563364499995,34.18710458500004],[-84.80203968899997,34.194355674000064],[-84.80844682999998,34.201606421000065],[-84.81485506799999,34.208856824000065],[-84.82126440399998,34.216106883000066],[-84.82767483699996,34.223356599000056],[-84.83408636899998,34.230605972000035],[-84.840499,34.237855]],[[-83.850187,33.555049],[-83.86087515499997,33.55534308800003],[-83.87156338199998,33.555636253000046],[-83.88225168199995,33.555928496000035],[-83.89294005299996,33.556219816000066],[-83.90362849599995,33.556510213000024],[-83.91431701,33.55679968700008],[-83.92500559599995,33.55708823900005],[-83.93569425299995,33.557375868000065],[-83.94638297999995,33.55766257400006],[-83.95707177799994,33.55794835700004],[-83.96776064599999,33.558233217000065],[-83.97844958399997,33.55851715400007],[-83.98913859199996,33.55880016800006],[-83.99982766899996,33.559082260000025],[-84.01051681599995,33.55936342800004],[-84.02120603199995,33.55964367400003],[-84.03189531699996,33.55992299600007],[-84.04258467099999,33.560201396000025],[-84.05327409299997,33.56047887300008],[-84.06396358399996,33.56075542600007],[-84.07465314199999,33.56103105700004],[-84.08534276899996,33.56130576400005],[-84.09603246299997,33.561579549000044],[-84.10672222399995,33.56185241000003],[-84.11741205199996,33.562124349000044],[-84.12810194799994,33.562395364000054],[-84.13879190899996,33.56266545600005],[-84.14948193799995,33.562934625000025],[-84.16017203199993,33.563202871000044],[-84.17086219299995,33.56347019400005],[-84.18155241899996,33.563736593000044],[-84.19224271099995,33.564002069000026],[-84.20293306799994,33.56426662200005],[-84.21362349099996,33.564530252000054],[-84.22431397799994,33.564792959000044],[-84.23500452899998,33.56505474200003],[-84.24569514599995,33.565315603000045],[-84.25638582599998,33.565575539000065],[-84.26707656999997,33.56583455300006],[-84.27776737799996,33.56609264300005],[-84.28845824999996,33.56634981000008],[-84.29914918399999,33.56660605400003],[-84.30984018199996,33.56686137400004],[-84.32053124299995,33.56711577100003],[-84.33122236599996,33.567369244000076],[-84.34191355199994,33.56762179400005],[-84.35260479899995,33.56787342100006],[-84.36329610899998,33.568124124000065],[-84.37398747999998,33.568373904000055],[-84.38467891299996,33.56862276100003],[-84.39537040699997,33.568870694000054],[-84.40606196199997,33.569117703000074],[-84.41675357799994,33.56936378900008],[-84.42744525399996,33.56960895100008],[-84.43813699099996,33.56985319000006],[-84.44882878799996,33.57009650600003],[-84.45952064399995,33.570338898000045],[-84.47021256099998,33.57058036600006],[-84.48090453599997,33.570820911000055],[-84.49159657099995,33.57106053200005],[-84.50228866499998,33.57129922900003],[-84.51298081799996,33.57153700300006],[-84.52367302899995,33.571773853000025],[-84.53436529799995,33.57200978000003],[-84.54505762499997,33.57224478300003],[-84.55575001099999,33.572478862000025],[-84.56644245399997,33.57271201800006],[-84.57713495399997,33.572944250000035],[-84.58782751099994,33.57317555800006],[-84.59852012499994,33.57340594300007],[-84.60921279599995,33.57363540400007],[-84.61990552399999,33.57386394100007],[-84.63059830799995,33.57409155400006],[-84.64129114699995,33.57431824400004],[-84.65198404299997,33.57454400900008],[-84.66267699399998,33.574768851000044],[-84.67337,33.57499276900006],[-84.68406306199995,33.57521576400006],[-84.69475617799998,33.57543783400007],[-84.70544934899993,33.57565898100006],[-84.71614257499994,33.575879204000046],[-84.72683585399994,33.576098503000026],[-84.73752918799994,33.57631687800006],[-84.74822257499994,33.576534329000026],[-84.75891601599994,33.57675085600005],[-84.76960950999995,33.57696646000005],[-84.78030305799996,33.57718113900006],[-84.79099665799998,33.577394894000065],[-84.80169030999997,33.57760772600005],[-84.81238401499996,33.577819634000036],[-84.82307777299997,33.578030617000024],[-84.83377158199994,33.57824067700005],[-84.844465443,33.57844981200003],[-84.85515935499996,33.57865802400005],[-84.86585331799995,33.57886531100007],[-84.87654733299996,33.57907167500008],[-84.88724139799996,33.579277114000035],[-84.89793613263863,33.57948116216481],[-84.90863032369438,33.579684740380586],[-84.919324565748,33.57988739459729],[-84.93001885679958,33.58008912581497],[-84.94071319784916,33.58028993203351],[-84.95140758789674,33.580489814252964],[-84.9621020279423,33.58068877147338],[-84.97279651598586,33.580886805694625],[-84.98349105302749,33.58108391591681],[-84.99418563906713,33.58128010113982],[-85.00488027032345,33.581475359898015],[-85.01557494625465,33.581669691729516],[-85.02626967017245,33.58186309957697],[-85.03696444107682,33.582055583440365],[-85.04765925996803,33.582247142319545],[-85.05835412584608,33.58243777721438],[-85.06904903871103,33.58262748812476],[-85.07974399856306,33.582816275050554]],[[-84.867288,33.920546],[-84.85964811299993,33.926899012000035],[-84.85200709199995,33.93325154300004],[-84.84436493699997,33.93960359300007],[-84.83672164599994,33.945955162000075],[-84.82907721899994,33.95230625000005],[-84.82143165699995,33.95865685700005],[-84.81378495899997,33.965006982000034],[-84.80613712399997,33.971356626000045],[-84.79848815199995,33.97770578700005],[-84.79083804299995,33.98405446700008],[-84.78318679599994,33.990402664000044],[-84.77553441099997,33.99675037900005],[-84.76788088799998,34.00309761200003],[-84.76022622599999,34.00944436100008],[-84.75257042599998,34.01579062800005],[-84.74491348599997,34.022136411000076],[-84.73725540599997,34.02848171100004],[-84.72959618599998,34.034826527000064],[-84.72193582499995,34.04117086000008],[-84.71427432399997,34.04751470900004],[-84.70661168199996,34.05385807400006],[-84.69894789799997,34.06020095400004],[-84.69128297199995,34.066543350000074],[-84.68361690399996,34.07288526100007],[-84.67594969399994,34.07922668800006],[-84.66828133999996,34.08556763000007],[-84.66061184299997,34.091908086000046],[-84.65294120299995,34.098248057000035],[-84.64526941799994,34.10458754200005],[-84.63759648899998,34.11092654200007],[-84.62992241599994,34.117265056000065],[-84.62224719699998,34.123603083000035],[-84.61457083299996,34.129940625000074],[-84.60689332299995,34.136277679000045],[-84.59921466699996,34.14261424800003],[-84.59153486399998,34.14895032900006],[-84.58385391399997,34.155285923000065],[-84.57617181799998,34.16162103000005],[-84.56848857299997,34.16795565000007],[-84.56080418099998,34.17428978200007],[-84.55311864099997,34.18062342600007],[-84.54543195099996,34.18695658200005],[-84.53774411299997,34.19328925100007],[-84.53005512599998,34.199621430000036],[-84.52236498799994,34.20595312200004],[-84.51467370099994,34.21228432400005],[-84.50698126299994,34.21861503800005],[-84.49928767399996,34.22494526300005],[-84.49159293399998,34.23127499800006],[-84.48389704299996,34.23760424400007],[-84.4762,34.243933]],[[-84.026608,33.654235],[-84.03635784099998,33.65094327600008],[-84.04610693999996,33.64765078100004],[-84.05585529599995,33.64435751600007],[-84.06560290999994,33.64106348000007],[-84.07534978199999,33.637768675000075],[-84.08509591099994,33.63447309900005],[-84.09484129699996,33.63117675400008],[-84.10458594199997,33.62787963900007],[-84.11432984299995,33.624581754000076],[-84.12407300199999,33.62128310000003],[-84.13381541899997,33.61798367700004],[-84.14355709299997,33.61468348500006],[-84.15329802399998,33.61138252400008],[-84.16303821299994,33.608080794000045],[-84.17277765899996,33.60477829600006],[-84.18251636199994,33.60147502900003],[-84.19225432299999,33.59817099400004],[-84.20199154099998,33.59486619100005],[-84.21172801599994,33.59156062000005],[-84.22146374899995,33.58825428100005],[-84.23119873799999,33.584947174000035],[-84.24093298499997,33.58163930000006],[-84.25066648899997,33.57833065800003],[-84.26039924999998,33.57502125000008],[-84.270131269,33.57171107400006],[-84.27986254399997,33.56840013100003],[-84.28959307599996,33.56508842200003],[-84.29932286599995,33.56177594600007],[-84.30905191299996,33.55846270300003],[-84.31878021599994,33.55514869500007],[-84.32850777699997,33.551833920000036],[-84.33823459399997,33.54851837900003],[-84.34796066899997,33.54520207200005],[-84.357686,33.541885]],[[-84.28416,33.260868],[-84.28774342299994,33.26927513800007],[-84.29132753199997,33.277682162000076],[-84.29491232899994,33.28608907100005],[-84.29849781299998,33.294495865000044],[-84.30208398599996,33.30290254500005],[-84.30567084599994,33.311309109000035],[-84.30925839499997,33.31971555900003],[-84.31284663199995,33.32812189300006],[-84.31643555899996,33.33652811300004],[-84.32002517499996,33.34493421700006],[-84.32361548199998,33.35334020600004],[-84.32720647799994,33.361746080000046],[-84.33079816499998,33.37015183900007],[-84.33439054299998,33.378557482000076],[-84.33798361199996,33.386963010000045],[-84.34157737299995,33.395368423000036],[-84.34517182599996,33.40377372000006],[-84.34876697099998,33.41217890100006],[-84.35236280899994,33.42058396700003],[-84.35595933899998,33.42898891700003],[-84.35955656299996,33.43739375200005],[-84.36315448099998,33.445798471000046],[-84.36675309299994,33.45420307400008],[-84.37035239899996,33.46260756100003],[-84.37395239999995,33.47101193200007],[-84.37755309599999,33.47941618700003],[-84.38115448699995,33.487820326000076],[-84.38475657399994,33.496224349000045],[-84.38835935799995,33.504628256000046],[-84.39196283699994,33.513032046000035],[-84.39556701399994,33.521435721000046],[-84.39917188699997,33.52983927900004],[-84.40277745799995,33.538242721000074],[-84.40638372699993,33.546646046000035],[-84.40999069499998,33.55504925500003],[-84.41359835999998,33.563452347000066],[-84.41720672499997,33.57185532300008],[-84.42081578899996,33.58025818200008],[-84.42442555199995,33.58866092400007],[-84.42803601599996,33.59706355000003],[-84.43164717899998,33.60546605900004],[-84.43525904399996,33.61386845100003],[-84.43887160899999,33.62227072600007],[-84.44248487599998,33.630672884000035],[-84.44609884399995,33.639074925000045],[-84.44971351399994,33.64747684900004],[-84.45332888699994,33.65587865600003],[-84.45694496299996,33.664280345000066],[-84.46056174099994,33.67268191800002],[-84.46417922299997,33.681083373000035],[-84.46779740899996,33.689484711000034],[-84.47141629899994,33.69788593100003],[-84.47503589399997,33.70628703400007],[-84.47865619299995,33.71468801900005],[-84.48227719799996,33.723088887000074],[-84.48589890799997,33.73148963700004],[-84.48952132399995,33.739890270000046],[-84.49314444599997,33.74829078500005],[-84.49676827499997,33.756691182000054],[-84.50039281099998,33.765091461000054],[-84.50401805399997,33.77349162200005],[-84.50764400499997,33.781891665000046],[-84.51127066399994,33.79029159000004],[-84.51489803099997,33.798691398000074],[-84.51852610699996,33.80709108700006],[-84.52215489199995,33.815490657000055],[-84.52578438699999,33.823890110000036],[-84.52941459099998,33.832289444000025],[-84.53304550499996,33.84068866000007],[-84.53667712999999,33.84908775800005],[-84.54030946599994,33.857486737000045],[-84.543942513,33.865885597000045],[-84.54757627199996,33.87428433900004],[-84.55121074199997,33.882682963000036],[-84.55484592499994,33.89108146700005],[-84.55848182099999,33.89947985300006],[-84.56211842899995,33.90787812100007],[-84.56575575099998,33.916276269000036],[-84.56939378599998,33.92467429800007],[-84.57303253599997,33.933072209000045],[-84.576672,33.94147]],[[-83.733847,33.781557],[-83.743515759,33.777596],[-83.75318362899998,33.773634240000035],[-83.76285060799995,33.769671720000076],[-83.77251669699996,33.765708440000026],[-83.78218189599994,33.761744401000044],[-83.79184620499996,33.757779603000074],[-83.80150962499994,33.75381404500007],[-83.81117215399996,33.74984772900007],[-83.82083379399995,33.745880654000075],[-83.83049454399998,33.74191282000004],[-83.84015440499996,33.73794422800006],[-83.84981337599999,33.733974878000026],[-83.85947145699998,33.73000477000005],[-83.86912864899995,33.726033904000076],[-83.87878495099994,33.722062280000046],[-83.88844036399996,33.71808989900006],[-83.89809488699996,33.71411676100007],[-83.90774852099997,33.71014286500008],[-83.91740126599996,33.70616821300007],[-83.92705312099997,33.70219280400005],[-83.93670408699995,33.698216638000076],[-83.94635416399996,33.69423971600003],[-83.95600335199998,33.69026203800007],[-83.96565165099997,33.68628360300005],[-83.97529906099999,33.682304413000054],[-83.98494558199997,33.67832446800003],[-83.99459121299998,33.67434376600005],[-84.00423595599995,33.67036231000003],[-84.01387980999993,33.66638009800005],[-84.02352277599994,33.662397132000024],[-84.03316485199997,33.658413411000026],[-84.04280603999996,33.654428935000055],[-84.05244633999996,33.65044370500004],[-84.06208574999994,33.64645772100005],[-84.07172427199998,33.64247098200008],[-84.08136190599998,33.638483490000056],[-84.09099865099995,33.63449524400005],[-84.10063450799998,33.63050624500005],[-84.11026947599998,33.626516492000064],[-84.11990355599994,33.622525987000074],[-84.12953674799996,33.61853472800004],[-84.13916905199994,33.61454271700006],[-84.14880046699994,33.61054995300003],[-84.15843099399996,33.60655643600006],[-84.16806063399997,33.60256216800008],[-84.17768938499995,33.59856714700004],[-84.18731724799994,33.594571375000044],[-84.19694422399994,33.59057485100004],[-84.20657031099995,33.586577575000035],[-84.21619551099997,33.58257954800007],[-84.22581982299994,33.57858077000003],[-84.23544324699998,33.57458124200008],[-84.24506578299997,33.570580962000065],[-84.25468743199997,33.566579932000025],[-84.26430819399997,33.562578151000025],[-84.27392806699999,33.558575620000056],[-84.28354705399994,33.55457234000005],[-84.29316515299996,33.55056830900003],[-84.30278236399994,33.546563528000036],[-84.31239868899996,33.54255799900005],[-84.32201412599994,33.538551719000054],[-84.331628675,33.534544691000065],[-84.34124233799997,33.53053691400004],[-84.35085511399996,33.52652838800003],[-84.36046700199995,33.522519113000044],[-84.37007800299995,33.518509090000066],[-84.379688118,33.51449831900004],[-84.38929734599998,33.510486800000024],[-84.39890568599998,33.50647453300007],[-84.40851313999997,33.502461518000075],[-84.41811970699996,33.498447756000076],[-84.42772538799994,33.49443324600003],[-84.43733018199998,33.490417989000036],[-84.44693408899997,33.48640198600003],[-84.45653710999994,33.48238523500004],[-84.46613924399998,33.47836773800003],[-84.47574049199994,33.47434949400008],[-84.48534085299997,33.47033050500005],[-84.49494032799998,33.466310769000074],[-84.504538917,33.46229028700003],[-84.51413661999999,33.45826906000008],[-84.52373343599999,33.454247087000056],[-84.53332936699996,33.45022436900007],[-84.54292441099994,33.44620090500007],[-84.55251856899997,33.442176697000036],[-84.56211184099999,33.43815174400004],[-84.57170422799999,33.434126046000074],[-84.58129572799999,33.43009960400008],[-84.59088634299997,33.42607241700006],[-84.60047607199994,33.42204448700005],[-84.61006491599994,33.41801581200008],[-84.61965287299995,33.41398639400006],[-84.62923994499994,33.40995623300006],[-84.63882613199996,33.40592532800002],[-84.64841143299998,33.40189368000006],[-84.65799584899997,33.39786128800006],[-84.66757937899996,33.39382815400006],[-84.67716202399998,33.38979427800007],[-84.68674378399999,33.38575965900003],[-84.69632465899997,33.38172429700006],[-84.70590464799994,33.37768819400003],[-84.71548375199995,33.373651349000056],[-84.72506197199993,33.36961376200003],[-84.73463930599996,33.36557543300006],[-84.74421575599996,33.36153636300003],[-84.75379131999995,33.35749655200004],[-84.763366,33.353456]],[[-83.712763,33.993196],[-83.72229910199997,33.98911062800005],[-83.73183429099998,33.98502451300004],[-83.74136856699994,33.98093765800007],[-83.75090193099999,33.97685006100005],[-83.76043438299996,33.97276172200003],[-83.76996592099994,33.96867264300005],[-83.77949654799994,33.96458282300006],[-83.78902626199994,33.96049226200006],[-83.79855506399997,33.95640096100004],[-83.80808295399999,33.952308920000064],[-83.81760993099994,33.94821613800008],[-83.82713599699997,33.94412261700006],[-83.83666114999994,33.94002835600003],[-83.84618539199994,33.93593335500003],[-83.85570872199997,33.93183761500006],[-83.86523113899995,33.927741136000066],[-83.874752646,33.92364391700005],[-83.88427323999997,33.91954596000005],[-83.89379292299998,33.91544726500007],[-83.90331169399997,33.91134783100006],[-83.91282955399998,33.907247658000074],[-83.92234650199998,33.90314674800004],[-83.93186253899995,33.89904510000002],[-83.94137766399996,33.894942714000024],[-83.95089187899998,33.89083959000004],[-83.96040518199999,33.886735729000065],[-83.96991757399996,33.88263113100004],[-83.97942905499997,33.878525796000076],[-83.98893962499994,33.87441972400006],[-83.99844928399995,33.870312915000056],[-84.00795803199998,33.866205370000046],[-84.01746586999997,33.86209708900003],[-84.02697279699998,33.85798807200007],[-84.03647881299997,33.853878319000046],[-84.045983918,33.849767830000076],[-84.05548811299997,33.845656606000034],[-84.06499139799996,33.841544646000045],[-84.07449377199998,33.83743195100004],[-84.08399523599996,33.833318521000024],[-84.09349578899997,33.82920435700004],[-84.102995433,33.82508945700005],[-84.11249416599998,33.82097382400008],[-84.12199198899998,33.81685745600004],[-84.131488903,33.81274035400003],[-84.14098490599997,33.80862251800005],[-84.15047999899997,33.80450394800005],[-84.15997418299997,33.800384645000065],[-84.16946745699994,33.79626460900005],[-84.17895982099998,33.79214383900006],[-84.18845127599997,33.78802233600004],[-84.19794182099997,33.78390010100003],[-84.20743145699998,33.77977713300004],[-84.21692018299996,33.77565343300006],[-84.226408,33.771529]],[[-84.840499,34.237855],[-84.83928196499994,34.22892183600004],[-84.83806518699998,34.21998864700004],[-84.83684866499993,34.21105543300007],[-84.83563240099994,34.202122194000026],[-84.83441639299997,34.193188930000076],[-84.83320064099996,34.18425564100005],[-84.83198514599997,34.17532232600007],[-84.830769907,34.16638898700006],[-84.82955492399998,34.15745562200004],[-84.82834019599994,34.14852223300005],[-84.82712572499997,34.13958881800005],[-84.82591150899998,34.130655379000075],[-84.82469754799996,34.121721914000034],[-84.82348384299996,34.112788425000076],[-84.82227039299994,34.10385491000005],[-84.82105719799995,34.094921370000066],[-84.81984425699994,34.08598780600005],[-84.81863157199996,34.07705421600008],[-84.81741914099996,34.06812060100003],[-84.81620696499994,34.05918696200007],[-84.81499504299995,34.05025329700004],[-84.81378337499996,34.04131960800004],[-84.81257196099995,34.03238589400007],[-84.81136080099998,34.02345215400004],[-84.81014989499994,34.014518390000035],[-84.80893924299994,34.005584601000066],[-84.80772884399994,33.99665078700008],[-84.80651869899998,33.98771694800007],[-84.80530880599997,33.97878308400004],[-84.80409916699995,33.96984919500005],[-84.80288978099998,33.96091528100004],[-84.80168064699996,33.95198134300006],[-84.80047176699998,33.94304738000005],[-84.79926313799996,33.93411339100004],[-84.79805476299998,33.92517937800005],[-84.79684663899997,33.916245340000046],[-84.79563876799995,33.907311278000066],[-84.79443114799994,33.898377190000076],[-84.79322378099994,33.889443078000056],[-84.79201666499995,33.88050894000003],[-84.79080980099997,33.87157477900007],[-84.78960318799994,33.86264059200005],[-84.78839682699999,33.85370638000006],[-84.78719071599994,33.844772144000046],[-84.78598485699996,33.83583788300007],[-84.78477924899994,33.82690359700007],[-84.78357389099995,33.81796928600005],[-84.78236878399997,33.80903495100006],[-84.78116392799996,33.800100591000046],[-84.77995932099998,33.79116620600007],[-84.77875496599995,33.782231797000065],[-84.77755085999996,33.77329736200005],[-84.77634700399994,33.76436290300006],[-84.77514339799995,33.755428420000044],[-84.77394004099995,33.74649391200006],[-84.77273693499995,33.73755937900006],[-84.77153407699996,33.72862482100004],[-84.77033146899998,33.719690239000045],[-84.76912910999994,33.71075563200003],[-84.767927,33.701821]],[[-85.07974399856306,33.582816275050554],[-85.06962902960795,33.579928191027456],[-85.05951473446186,33.577039279232245],[-85.04940111312469,33.57414953966487],[-85.03928816559647,33.57125897232548],[-85.02917589187705,33.568367578214136],[-85.01906429196646,33.56547535733089],[-85.00895336586454,33.56258230867586],[-84.99884311398155,33.5596884325715],[-84.98873353143779,33.55679372433602],[-84.97862462386574,33.553898189114484],[-84.96851639126544,33.55100182790684],[-84.9584088326369,33.54810463971311],[-84.94830194798007,33.545206624533286],[-84.93819573929494,33.542307784367416],[-84.9280902045815,33.539408117215466],[-84.91798534583975,33.53650762407742],[-84.90788116106964,33.533606305953356],[-84.89777765227123,33.53070416184321],[-84.88767422099994,33.52780165300004],[-84.87757208599999,33.524897846000044],[-84.86747062599994,33.52199321400008],[-84.85736984199997,33.51908775600003],[-84.84726973299996,33.516181474000064],[-84.83717029899998,33.513274367000065],[-84.82707154099995,33.51036643500004],[-84.81697345899994,33.50745767900003],[-84.80687605199995,33.50454809800004],[-84.79677932199996,33.50163769300008],[-84.78668326699994,33.49872646400007],[-84.77658788799994,33.49581441200007],[-84.76649318499994,33.492901535000044],[-84.75639915799997,33.48998783400003],[-84.74630580799999,33.487073311000074],[-84.73621313299998,33.48415796300003],[-84.72612113499997,33.48124179300004],[-84.71602981399997,33.47832480000005],[-84.70593916799999,33.47540698300003],[-84.69584919999994,33.472488344000055],[-84.68575990699998,33.46956888200003],[-84.67567129199995,33.46664859800006],[-84.66558335299999,33.46372749100004],[-84.65549609099997,33.460805562000075],[-84.64540950599996,33.45788281100005],[-84.63532359799996,33.45495923900006],[-84.62523836699995,33.452034844000025],[-84.61515381299995,33.44910962800003],[-84.60506993599995,33.44618359000003],[-84.59498673599995,33.443256731000076],[-84.58490421299996,33.44032905100005],[-84.57482236799996,33.43740055000006],[-84.56474119999996,33.43447122800006],[-84.55466070999995,33.43154108500005],[-84.54458089799994,33.42861012100008],[-84.53450176299998,33.42567833700008],[-84.52442330499997,33.422745733000056],[-84.51434552599994,33.419812309000065],[-84.50426842399997,33.41687806400006],[-84.494192,33.413943]],[[-84.4762,34.243933],[-84.46555595399997,34.24338965900006],[-84.45491204399997,34.24284539400003],[-84.44426827199999,34.24230020500005],[-84.43362463699998,34.241754092000065],[-84.42298114,34.241207055000075],[-84.41233777999997,34.24065909400008],[-84.40169455899996,34.24011020900008],[-84.39105147599997,34.23956040000007],[-84.38040853099994,34.23900966700006],[-84.36976572499998,34.238458010000045],[-84.35912305799997,34.23790543000007],[-84.34848052999996,34.23735192600003],[-84.33783814199995,34.236797498000044],[-84.32719589299995,34.23624214600005],[-84.31655378399995,34.235685871000044],[-84.30591181499994,34.23512867200003],[-84.29526998699998,34.23457054900007],[-84.28462829899996,34.23401150300003],[-84.27398675099994,34.23345153300005],[-84.26334534499995,34.23289064000005],[-84.25270407999994,34.232328823000046],[-84.24206295699997,34.231766083000025],[-84.23142197499999,34.231202419000056],[-84.22078113499998,34.23063783200007],[-84.21014043699995,34.23007232100008],[-84.19949988199994,34.22950588800006],[-84.18885946899996,34.22893853000005],[-84.17821919899995,34.22837025000007],[-84.16757907299996,34.227801046000025],[-84.15693908899993,34.22723092000007],[-84.14629924899998,34.22665986900006],[-84.13565955199994,34.226087896000024],[-84.12502,34.225515]],[[-84.357686,33.541885],[-84.36132029899994,33.550165615000026],[-84.36495529099994,33.55844611300006],[-84.36859097699994,33.56672649300003],[-84.37222735699999,33.57500675500006],[-84.37586443199996,33.58328689800004],[-84.37950220099998,33.59156692400006],[-84.38314066599997,33.599846832000026],[-84.38677982599995,33.60812662200004],[-84.39041968199996,33.61640629300007],[-84.39406023399994,33.62468584700002],[-84.39770148299993,33.63296528200004],[-84.40134342799996,33.64124459800007],[-84.40498607099994,33.64952379700003],[-84.40862941099994,33.65780287600006],[-84.41227344899994,33.666081838000025],[-84.41591818499995,33.67436068000006],[-84.41956361999996,33.68263940500003],[-84.42320975399997,33.690918010000075],[-84.42685658699997,33.69919649700006],[-84.43050411999997,33.70747486500005],[-84.43415235199996,33.71575311400005],[-84.43780128499998,33.72403124400006],[-84.44145091899998,33.732309256000065],[-84.44510125299996,33.74058714800003],[-84.44875228899997,33.74886492100006],[-84.45240402699994,33.757142576000035],[-84.45605646599995,33.765420111000026],[-84.45970960799997,33.773697526000035],[-84.46336345199995,33.78197482300004],[-84.467018,33.790252]],[[-84.576672,33.94147],[-84.56603905799994,33.94188302300006],[-84.55540601399997,33.94229512700008],[-84.54477286699995,33.94270631300003],[-84.53413961899997,33.94311658000004],[-84.52350626799995,33.94352593000008],[-84.51287281599997,33.94393436000007],[-84.50223926199999,33.94434187300004],[-84.49160560699994,33.94474846700007],[-84.48097185099994,33.945154142000035],[-84.47033799399998,33.94555889900005],[-84.45970403599995,33.94596273700006],[-84.44906997899994,33.94636565700006],[-84.43843582099998,33.946767659000045],[-84.42780156299995,33.94716874100004],[-84.41716720599999,33.94756890600007],[-84.40653274899995,33.947968151000055],[-84.39589819299994,33.948366478000025],[-84.38526353799995,33.94876388600005],[-84.37462878499997,33.949160376000066],[-84.36399393199997,33.94955594600003],[-84.35335898199997,33.949950598000044],[-84.34272393299995,33.95034433200004],[-84.33208878699998,33.95073714600005],[-84.32145354299996,33.95112904200005],[-84.31081820199995,33.95152001900004],[-84.30018276299995,33.951910077000036],[-84.28954722799995,33.95229921600003],[-84.27891159499995,33.952687436000076],[-84.26827586699994,33.953074738000055],[-84.25764004199993,33.95346112000004],[-84.24700412099997,33.953846584000075],[-84.23636810399995,33.95423112800006],[-84.22573199199996,33.954614753000044],[-84.21509578399997,33.95499746000007],[-84.20445948099996,33.95537924700005],[-84.19382308399997,33.95576011600008],[-84.18318659099998,33.956140065000056],[-84.17255000499995,33.95651909500003],[-84.16191332399995,33.956897206000065],[-84.15127654899999,33.95727439800004],[-84.14063967999994,33.95765067100007],[-84.13000271799996,33.95802602400005],[-84.11936566199995,33.958400459000075],[-84.10872851299996,33.95877397400005],[-84.09809127199998,33.95914657000003],[-84.08745393799995,33.95951824600007],[-84.07681651099995,33.95988900400005],[-84.06617899199995,33.96025884200003],[-84.05554138199994,33.96062776000008],[-84.04490367899996,33.96099576000006],[-84.03426588499997,33.96136283900006],[-84.023628,33.961729]],[[-84.763366,33.353456],[-84.75665189199998,33.36041325600007],[-84.74993671399994,33.36737014200003],[-84.74322046899994,33.37432665600005],[-84.73650315299994,33.381282799000076],[-84.72978476799994,33.388238571000045],[-84.72306531299995,33.395193971000026],[-84.71634478699997,33.402148999000076],[-84.70962318999995,33.40910365600007],[-84.70290052199994,33.416057941000076],[-84.69617678199995,33.42301185300005],[-84.68945196999994,33.42996539300003],[-84.68272608599995,33.43691856100003],[-84.67599912799994,33.443871356000045],[-84.66927109799997,33.45082377800003],[-84.662541993,33.457775827000034],[-84.65581181399995,33.46472750400005],[-84.64908056099995,33.471678807000046],[-84.64234823299995,33.47862973600007],[-84.63561482999995,33.485580292000066],[-84.62888035099996,33.492530475000024],[-84.62214479499994,33.499480283000025],[-84.61540816399997,33.50642971800005],[-84.60867045499998,33.51337877800006],[-84.60193166899995,33.52032746400005],[-84.59519180499996,33.52727577600007],[-84.58845086299993,33.534223713000074],[-84.58170884299994,33.54117127500007],[-84.57496574399994,33.54811846200005],[-84.56822156499999,33.55506527400007],[-84.56147630699996,33.562011711000025],[-84.55472996899994,33.56895777300008],[-84.54798254999997,33.575903459000074],[-84.54123404999996,33.582848769000066],[-84.53448446899995,33.589793703000055],[-84.52773380599996,33.59673826200003],[-84.52098206099998,33.60368244400007],[-84.51422923399997,33.61062625000005],[-84.50747532399998,33.61756967900004],[-84.50072032999998,33.62451273200003],[-84.49396425299994,33.63145540800008],[-84.48720709099996,33.638397707000024],[-84.48044884499996,33.645339629000034],[-84.473689515,33.65228117300006],[-84.46692909799998,33.65922234100003],[-84.46016759699995,33.66616313000003],[-84.45340500899994,33.673103542000035],[-84.44664133399993,33.68004357600006],[-84.43987657299994,33.686983232000046],[-84.43311072399996,33.69392251000005],[-84.42634378699995,33.70086140900003],[-84.41957576299995,33.70779993000008],[-84.41280664999994,33.714738072000046],[-84.40603644799995,33.72167583600003],[-84.39926515599996,33.72861322000006],[-84.39249277499994,33.73555022600004],[-84.38571930399996,33.74248685200007],[-84.37894474199999,33.74942309800008],[-84.37216908999994,33.75635896500006],[-84.36539234499998,33.763294452000025],[-84.35861450999994,33.770229560000075],[-84.35183558199998,33.77716428700006],[-84.34505556099998,33.78409863400003],[-84.33827444799994,33.79103260000005],[-84.33149224099998,33.79796618600005],[-84.32470893999994,33.80489939200004],[-84.31792454599997,33.81183221600003],[-84.31113905599994,33.81876465900007],[-84.30435247199995,33.82569672200003],[-84.29756479199995,33.83262840300006],[-84.29077601699998,33.83955970200003],[-84.28398614499997,33.846490620000054],[-84.27719517699995,33.853421156000024],[-84.27040311199994,33.860351310000055],[-84.26360994899994,33.867281082000034],[-84.25681568899995,33.874210471000026],[-84.25002032999998,33.88113947800008],[-84.24322387299998,33.88806810300008],[-84.23642631699994,33.89499634500004],[-84.22962766099994,33.90192420400007],[-84.22282790599996,33.908851680000055],[-84.21602704999998,33.91577877200007],[-84.20922509399998,33.92270548100004],[-84.20242203699996,33.92963180700008],[-84.19561787799995,33.93655774900003],[-84.18881261699994,33.943483307000065],[-84.18200625399999,33.95040848100007],[-84.17519878899998,33.95733327100004],[-84.16839021999994,33.964257677000035],[-84.16158054799996,33.971181698000066],[-84.15476977199995,33.97810533400008],[-84.14795789099998,33.985028586000055],[-84.14114490599997,33.99195145300007],[-84.13433081599999,33.99887393400007],[-84.12751562099999,34.005796031000045],[-84.12069931899998,34.012717741000074],[-84.11388191099996,34.01963906700007],[-84.107063397,34.02656000600007],[-84.10024377499997,34.033480560000044],[-84.09342304599994,34.040400727000076],[-84.08660120899998,34.04732050800004],[-84.07977826299998,34.05423990300005],[-84.07295420899999,34.061158911000064],[-84.06612904499997,34.068077533000064],[-84.05930277199997,34.074995767000075],[-84.05247538899994,34.081913615000076],[-84.04564689499995,34.08883107500003],[-84.03881729099999,34.09574814800004],[-84.03198657599995,34.10266483400005],[-84.02515474899997,34.10958113200007],[-84.01832180899999,34.11649704200005],[-84.01148775799999,34.123412564000034],[-84.00465259299995,34.13032769700004],[-83.99781631599996,34.13724244300005],[-83.990978924,34.144156800000076],[-83.98414041899997,34.15107076800007],[-83.97730079899998,34.15798434800007],[-83.97046006399995,34.16489753900004],[-83.96361821399995,34.171810340000036],[-83.95677524799999,34.178722752000056],[-83.94993116599994,34.18563477500004],[-83.94308596799993,34.192546408000055],[-83.93623965199998,34.199457652000035],[-83.92939221899996,34.20636850500006],[-83.92254366899994,34.213278969000044],[-83.915694,34.22018904200007],[-83.90884321299995,34.227098725000076],[-83.90199130699995,34.234008017000065],[-83.89513828099996,34.24091691800004],[-83.88828413499994,34.247825429000045],[-83.88142886999998,34.25473354800005],[-83.87457248299995,34.261641277000024],[-83.86771497599995,34.268548613000064],[-83.86085634699998,34.27545555900008],[-83.85399659599994,34.28236211300003],[-83.84713572299995,34.28926827400005],[-83.84027372699995,34.296174044000054],[-83.83341060899994,34.30307942200005],[-83.82654636599995,34.30998440700006],[-83.819681,34.316889]],[[-84.170636,34.444298],[-84.17048481099994,34.43528695900005],[-84.17033365499998,34.42627590500007],[-84.17018253099997,34.41726483700006],[-84.17003143999995,34.40825375500003],[-84.16988038099998,34.39924266000003],[-84.16972935399997,34.390231552000046],[-84.16957835999995,34.38122043000004],[-84.16942739799998,34.37220929500006],[-84.16927646899995,34.36319814600006],[-84.16912557099994,34.35418698400008],[-84.16897470599997,34.34517580800008],[-84.16882387399994,34.336164619000044],[-84.16867307299998,34.327153416000044],[-84.16852230499995,34.31814220000007],[-84.16837156899999,34.30913097000007],[-84.16822086499997,34.30011972700004],[-84.16807019399994,34.29110847100003],[-84.16791955399998,34.282097201000056],[-84.16776894699996,34.27308591700006],[-84.16761837199994,34.26407462000003],[-84.16746782899997,34.255063310000025],[-84.16731731799996,34.246051986000055],[-84.16716683899995,34.23704064800006],[-84.16701639199994,34.228029298000024],[-84.16686597799998,34.21901793300003],[-84.16671559499997,34.21000655600005],[-84.16656524399997,34.20099516500005],[-84.16641492599996,34.19198376000003],[-84.16626463899996,34.18297234200003],[-84.16611438399997,34.17396091100005],[-84.16596416099998,34.16494946600005],[-84.16581396999999,34.15593800700003],[-84.16566381099994,34.146926536000024],[-84.16551368399996,34.13791505100005],[-84.16536358899998,34.128903552000054],[-84.16521352599995,34.119892040000025],[-84.16506349399998,34.11088051400003],[-84.16491349399996,34.10186897500006],[-84.16476352599994,34.092857423000055],[-84.16461358999999,34.08384585700003],[-84.16446368599998,34.074834278000026],[-84.16431381299998,34.06582268600005],[-84.16416397199998,34.056811080000045],[-84.164014163,34.04779946000008],[-84.16386438499995,34.03878782700008],[-84.16371463899998,34.029776181000045],[-84.16356492499995,34.020764521000046],[-84.16341524299997,34.01175284800007],[-84.16326559199996,34.00274116200006],[-84.16311597199996,33.99372946200003],[-84.16296638499995,33.98471774800004],[-84.16281682799996,33.975706022000054],[-84.16266730399997,33.96669428200005],[-84.16251781099999,33.95768252800008],[-84.16236834899996,33.94867076100007],[-84.16221891899994,33.939658981000036],[-84.16206951999999,33.930647187000034],[-84.16192015299998,33.921635380000055],[-84.16177081799998,33.91262356000004],[-84.16162151299994,33.903611726000065],[-84.16147224099996,33.894599878000065],[-84.16132299899994,33.88558801800008],[-84.16117378899997,33.87657614400007],[-84.16102460999997,33.86756425600004],[-84.16087546299997,33.858552356000075],[-84.16072634699998,33.849540441000045],[-84.16057726299994,33.84052851400003],[-84.16042820899997,33.831516573000044],[-84.16027918699996,33.82250461900003],[-84.16013019599995,33.81349265100005],[-84.15998123699995,33.80448067000003],[-84.15983230799998,33.79546867500005],[-84.15968341099995,33.78645666800003],[-84.15953454499999,33.77744464600005],[-84.15938570999998,33.768432612000026],[-84.15923690699998,33.75942056400004],[-84.15908813399994,33.750408503000074],[-84.15893939299997,33.74139642800003],[-84.15879068199996,33.73238434000007],[-84.15864200299995,33.72337223900007],[-84.15849335499996,33.71436012400005],[-84.15834473799998,33.70534799600006],[-84.15819615199996,33.69633585500003],[-84.15804759699995,33.687323700000036],[-84.15789907299995,33.678311532000066],[-84.15775057999997,33.66929935100006],[-84.15760211799994,33.66028715600004],[-84.15745368699999,33.65127494800004],[-84.15730528699999,33.64226272700006],[-84.15715691799994,33.63325049200006],[-84.15700857899998,33.624238244000026],[-84.15686027199996,33.61522598300007],[-84.15671199499997,33.60621370800004],[-84.15656374999998,33.59720142000003],[-84.15641553499995,33.58818911900005],[-84.15626735099994,33.57917680400004],[-84.15611919699995,33.57016447600006],[-84.15597107499997,33.56115213500004],[-84.15582298299995,33.55213978000006],[-84.15567492199995,33.54312741200005],[-84.15552689199995,33.534115031000056],[-84.15537889199999,33.52510263600004],[-84.15523092399997,33.51609022800005],[-84.15508298499998,33.50707780700003],[-84.15493507799994,33.49806537200004],[-84.15478720099998,33.48905292400008],[-84.15463935499997,33.48004046300008],[-84.15449153899993,33.47102798900005],[-84.15434375399997,33.46201550100005],[-84.154196,33.453003]],[[-84.226408,33.771529],[-84.21763724299996,33.766507700000034],[-84.20886750999995,33.76148577200007],[-84.20009879899999,33.75646321700003],[-84.19133111099995,33.751440036000076],[-84.18256444599996,33.746416228000044],[-84.17379880299995,33.74139179300005],[-84.16503418199994,33.73636673200008],[-84.15627058299998,33.73134104500008],[-84.14750800599995,33.72631473100006],[-84.13874644999999,33.721287793000045],[-84.12998591599995,33.71626022800007],[-84.12122640299998,33.71123203800005],[-84.11246791099995,33.706203223000045],[-84.10371043999999,33.70117378300006],[-84.09495398899998,33.69614371900008],[-84.08619855899997,33.691113029000064],[-84.07744414999996,33.68608171500006],[-84.06869075999998,33.681049777000055],[-84.05993838999996,33.67601721500006],[-84.05118703999995,33.67098402900007],[-84.04243670999995,33.665950219000024],[-84.03368739799998,33.66091578600003],[-84.02493910599998,33.655880730000035],[-84.01619183299994,33.650845050000044],[-84.00744557899998,33.645808748000036],[-83.99870034299994,33.64077182300008],[-83.98995612599998,33.63573427500006],[-83.98121292699994,33.63069610500003],[-83.97247074599994,33.62565731300003],[-83.96372958299997,33.620617899000024],[-83.95498943699994,33.615577863000055],[-83.94625030899994,33.61053720500007],[-83.93751219899997,33.60549592600006],[-83.92877510499994,33.60045402600008],[-83.92003902799996,33.59541150500007],[-83.91130396799997,33.59036836200005],[-83.90256992499997,33.585324600000035],[-83.89383689699997,33.58028021600006],[-83.88510488599997,33.57523521300004],[-83.87637389099996,33.57018958900005],[-83.86764391199995,33.56514334600007],[-83.85891494799995,33.56009648300005],[-83.850187,33.555049]],[[-84.767927,33.701821],[-84.77173924399995,33.71023512100004],[-84.77555223199994,33.71864911200004],[-84.77936596399996,33.727062974000035],[-84.78318044099996,33.73547670700003],[-84.78699566199998,33.74389031100003],[-84.79081162799997,33.75230378500004],[-84.79462833999997,33.760717130000046],[-84.79844579699994,33.769130345000065],[-84.80226400099997,33.77754343000004],[-84.80608295199994,33.785956386000066],[-84.80990264899998,33.79436921300004],[-84.81372309399995,33.80278190900003],[-84.81754428599999,33.811194476000026],[-84.82136622699994,33.81960691300003],[-84.82518891599995,33.828019219000055],[-84.82901235299994,33.83643139600008],[-84.83283653999996,33.84484344300006],[-84.83666147699995,33.85325536000005],[-84.84048716399997,33.86166714600006],[-84.84431360099995,33.87007880200008],[-84.84814078799997,33.878490328000055],[-84.85196872699998,33.88690172300005],[-84.85579741699996,33.89531298800006],[-84.85962685899995,33.903724123000075],[-84.863457053,33.912135127000056],[-84.867288,33.920546]],[[-84.494192,33.413943],[-84.48504852399998,33.41867162700004],[-84.47590405699998,33.423399576000065],[-84.46675859899995,33.428126847000044],[-84.45761214899994,33.43285344000003],[-84.44846470799996,33.437579355000025],[-84.43931627499995,33.44230459200003],[-84.43016684999998,33.44702915000005],[-84.42101643299998,33.45175302900003],[-84.41186502299996,33.45647623000008],[-84.40271262199997,33.46119875100004],[-84.39355922799996,33.46592059300008],[-84.38440484099993,33.47064175500003],[-84.37524946199994,33.47536223800006],[-84.36609308899995,33.48008204100006],[-84.35693572399998,33.48480116300004],[-84.34777736499996,33.489519606000044],[-84.33861801299997,33.49423736800003],[-84.32945766799998,33.49895444900005],[-84.32029632899997,33.50367084900006],[-84.31113399599997,33.50838656800005],[-84.30197066899996,33.51310160600008],[-84.29280634899999,33.51781596300003],[-84.28364103399997,33.52252963800004],[-84.27447472499995,33.527242631000036],[-84.26530742099999,33.53195494200003],[-84.25613912199998,33.53666657100007],[-84.24696982899997,33.54137751700006],[-84.23779954099996,33.54608778100004],[-84.22862825799996,33.550797362000026],[-84.21945597999996,33.55550626000007],[-84.21028270699998,33.560214475000066],[-84.20110843799995,33.564922006000074],[-84.19193317299994,33.56962885400003],[-84.18275691299993,33.574335018000056],[-84.17357965599996,33.57904049800004],[-84.16440140399999,33.58374529400004],[-84.15522215599998,33.58844940500006],[-84.14604191099994,33.593152832000044],[-84.13686066999998,33.59785557400005],[-84.12767843199998,33.602557631000025],[-84.11849519699996,33.60725900400007],[-84.10931096599995,33.61195969000005],[-84.10012573699998,33.61665969200004],[-84.09093951199998,33.621359007000024],[-84.08175228899995,33.62605763700003],[-84.07256406799996,33.630755581000074],[-84.06337484999995,33.63545283800005],[-84.05418463499996,33.64014940900006],[-84.04499342099996,33.64484529300006],[-84.03580120999999,33.64954049000005],[-84.026608,33.654235]],[[-84.12502,34.225515],[-84.12649635099996,34.21666665600003],[-84.12797239299994,34.20781828200006],[-84.12944812699999,34.19896987800007],[-84.13092355299995,34.19012144200008],[-84.13239866999999,34.18127297700005],[-84.13387347899999,34.172424480000075],[-84.13534798099994,34.163575954000066],[-84.13682217499996,34.154727396000055],[-84.13829606199994,34.14587880900007],[-84.13976964099999,34.137030190000075],[-84.14124291299999,34.12818154200005],[-84.142715878,34.11933286300007],[-84.14418853599994,34.11048415300007],[-84.14566088799995,34.101635413000054],[-84.14713293299997,34.09278664300007],[-84.14860467199998,34.08393784200007],[-84.15007610499998,34.075089011000046],[-84.15154723199998,34.066240149000066],[-84.15301805199994,34.05739125700006],[-84.15448856799998,34.048542335000036],[-84.15595877699997,34.03969338200005],[-84.15742868199999,34.030844400000035],[-84.15889828099995,34.02199538600007],[-84.16036757499995,34.013146343000074],[-84.16183656499999,34.00429726900006],[-84.16330524999995,33.99544816500003],[-84.16477362999996,33.986599030000036],[-84.16624170599994,33.97774986600007],[-84.16770947699996,33.96890067100003],[-84.16917694499995,33.96005144500003],[-84.17064410899997,33.95120219000006],[-84.17211096899996,33.942352904000074],[-84.17357752599997,33.933503588000065],[-84.17504377899996,33.92465424200003],[-84.17650972899997,33.91580486600003],[-84.17797537599995,33.90695545900007],[-84.17944072099993,33.898106023000025],[-84.18090576199995,33.88925655600008],[-84.18237050099998,33.88040705900005],[-84.18383493699997,33.871557532000054],[-84.18529907199996,33.862707975000035],[-84.18676290399998,33.85385838700006],[-84.18822643399994,33.84500877000005],[-84.18968966299997,33.836159122000026],[-84.19115258999994,33.827309445000026],[-84.19261521599998,33.81845973700007],[-84.19407753999997,33.80960999900003],[-84.19553956299995,33.80076023200007],[-84.19700128599999,33.791910434000044],[-84.19846270699998,33.78306060600005],[-84.19992382799995,33.77421074800003],[-84.20138464899998,33.765360860000044],[-84.20284516899994,33.756510942000034],[-84.20430538999994,33.74766099400006],[-84.20576530999995,33.738811017000046],[-84.20722492999994,33.72996100900008],[-84.20868425099997,33.72111097100003],[-84.21014327199998,33.71226090300007],[-84.21160199399998,33.70341080600008],[-84.21306041699995,33.69456067800007],[-84.21451854099996,33.68571052100003],[-84.21597636599995,33.676860333000036],[-84.21743389199997,33.66801011600006],[-84.21889111999997,33.659159869000064],[-84.22034804999998,33.65030959200004],[-84.22180468099998,33.64145928500005],[-84.22326101399995,33.63260894800004],[-84.22471704999998,33.62375858200005],[-84.22617278799999,33.61490818600004],[-84.22762822799996,33.606057759000066],[-84.22908337099994,33.59720730300006],[-84.23053821599996,33.58835681800008],[-84.23199276499997,33.57950630200003],[-84.23344701599996,33.570655757000054],[-84.23490097099995,33.56180518200006],[-84.23635462899995,33.55295457700004],[-84.23780799099995,33.54410394200005],[-84.23926105699996,33.53525327800003],[-84.240713826,33.52640258400004],[-84.24216629899996,33.517551860000026],[-84.24361847699998,33.508701107000036],[-84.24507035899995,33.49985032400008],[-84.24652194599997,33.49099951100004],[-84.24797323699994,33.482148669000026],[-84.24942423299996,33.47329779700004],[-84.25087493399997,33.46444689500004],[-84.25232533999997,33.455595964000054],[-84.25377545199996,33.446745003000046],[-84.25522526899994,33.43789401200007],[-84.25667479099997,33.42904299200006],[-84.25812401999997,33.42019194200003],[-84.25957295399996,33.41134086300008],[-84.26102159399994,33.402489754000044],[-84.26246994099995,33.39363861600003],[-84.26391799399994,33.384787448000054],[-84.26536575399996,33.37593625000005],[-84.26681321999996,33.36708502300007],[-84.26826039399998,33.35823376700006],[-84.26970727399998,33.34938248100008],[-84.27115386199995,33.34053116500007],[-84.27260015699994,33.33167982000003],[-84.27404615899997,33.322828446000074],[-84.27549186899995,33.31397704200003],[-84.27693728699995,33.305125608000026],[-84.27838241299997,33.29627414500004],[-84.27982724699996,33.28742265300008],[-84.28127178999995,33.278571132000025],[-84.28271604099996,33.26971958000007],[-84.28416,33.260868]],[[-84.467018,33.790252],[-84.45623508699998,33.790155696000056],[-84.44545219799994,33.79005844900007],[-84.43466933299999,33.78996026000004],[-84.42388649399999,33.78986112900003],[-84.41310367899996,33.78976105500004],[-84.40232088899995,33.78966003900007],[-84.39153812499995,33.78955808100005],[-84.38075538699997,33.78945518100005],[-84.36997267399994,33.789351338000074],[-84.35918998799997,33.789246553000055],[-84.34840732799995,33.78914082500006],[-84.33762469499999,33.78903415600007],[-84.32684208799998,33.78892654400005],[-84.31605950899996,33.78881799000004],[-84.305276957,33.78870849300006],[-84.29449443199996,33.78859805500008],[-84.28371193599997,33.78848667400007],[-84.27292946699998,33.78837435100007],[-84.26214702699997,33.788261085000045],[-84.25136461499994,33.78814687800008],[-84.24058223199995,33.78803172800008],[-84.22979987799994,33.78791563600004],[-84.21901755299996,33.787798602000066],[-84.20823525699996,33.787680625000064],[-84.19745299099998,33.787561707000066],[-84.18667075599996,33.787441846000036],[-84.17588854999997,33.78732104300008],[-84.16510637499994,33.787199298000075],[-84.15432422999999,33.78707661100003],[-84.14354211599994,33.78695298100007],[-84.13276003399994,33.786828410000055],[-84.12197798199998,33.786702896000065],[-84.11119596299994,33.78657644000003],[-84.10041397499998,33.78644904200007],[-84.08963201899996,33.78632070200007],[-84.07885009499995,33.78619142000008],[-84.06806820399999,33.78606119500006],[-84.05728634599996,33.78593002900004],[-84.04650452099997,33.78579792000005],[-84.03572272899999,33.78566487000006],[-84.02494096999999,33.78553087700004],[-84.01415924499997,33.78539594200004],[-84.00337755399994,33.785260066000035],[-83.99259589699994,33.78512324700006],[-83.98181427499998,33.78498548600004],[-83.971032687,33.784846783000035],[-83.96025113499996,33.784707138000044],[-83.94946961699998,33.78456655100007],[-83.93868813399996,33.78442502200005],[-83.92790668799995,33.78428255100005],[-83.91712527699997,33.78413913800006],[-83.90634390199995,33.783994783000026],[-83.89556256299994,33.783849486000065],[-83.88478126099994,33.78370324700006],[-83.87399999599995,33.783556066000074],[-83.86321876799997,33.78340794300004],[-83.85243757599994,33.78325887900007],[-83.84165642299996,33.78310887200007],[-83.83087530699999,33.782957923000026],[-83.82009422899995,33.78280603300004],[-83.80931318899997,33.78265320000003],[-83.79853218799997,33.78249942600007],[-83.78775122499997,33.782344710000075],[-83.77697030199994,33.782189051000046],[-83.76618941699996,33.78203245100008],[-83.75540857199996,33.78187490900007],[-83.74462776599995,33.78171642600006],[-83.733847,33.781557]],[[-84.023628,33.961729],[-84.01291234399997,33.96282714000006],[-84.00219641299998,33.963924347000045],[-83.99148020599995,33.965020622000054],[-83.98076372499997,33.96611596200006],[-83.97004696899995,33.96721037000003],[-83.95932993899999,33.96830384400005],[-83.94861263399997,33.96939638500004],[-83.93789505599995,33.97048799200007],[-83.92717720399997,33.97157866600003],[-83.91645907799995,33.972668406000025],[-83.90574067899996,33.973757212000066],[-83.89502200599998,33.97484508500003],[-83.88430306099997,33.97593202400003],[-83.87358384299995,33.97701802900008],[-83.86286435299996,33.978103100000055],[-83.85214459099996,33.979187237000076],[-83.84142455599994,33.98027044000003],[-83.83070424899995,33.98135270900008],[-83.81998367099999,33.98243404400006],[-83.80926282199994,33.983514444000036],[-83.79854170099998,33.98459391100005],[-83.78782030999997,33.985672443000055],[-83.77709864699995,33.98675004000006],[-83.76637671499998,33.98782670300005],[-83.75565451099999,33.98890243200003],[-83.74493203799994,33.989977226000065],[-83.73420929499997,33.99105108500004],[-83.72348628199995,33.992124010000055],[-83.712763,33.993196]],[[-83.819681,34.316889],[-83.83043623599997,34.31610138600007],[-83.84119127099996,34.31531282700007],[-83.85194610499997,34.31452332400005],[-83.86270073699995,34.313732877000064],[-83.87345516799996,34.31294148500007],[-83.88420939599996,34.31214914900005],[-83.89496342299998,34.31135586800008],[-83.90571724699998,34.310561644000074],[-83.91647086799998,34.30976647500006],[-83.92722428699994,34.308970362000025],[-83.93797750199997,34.30817330600007],[-83.94873051399998,34.30737530500005],[-83.95948332299997,34.306576360000065],[-83.97023592699998,34.30577647100006],[-83.98098832799997,34.30497563800003],[-83.99174052399997,34.30417386200003],[-84.00249251599996,34.30337114200006],[-84.01324430399995,34.30256747800007],[-84.02399588599997,34.30176287000006],[-84.03474726299999,34.30095731800003],[-84.04549843499996,34.300150823000024],[-84.05624940099995,34.29934338500004],[-84.06700016099995,34.29853500300004],[-84.07775071499998,34.297725677000074],[-84.08850106299997,34.296915408000075],[-84.09925120399998,34.296104196000044],[-84.11000113799997,34.29529204000005],[-84.12075086599998,34.29447894200007],[-84.13150038599997,34.29366489900008],[-84.14224969799994,34.292849914000044],[-84.15299880299995,34.292033986000035],[-84.16374769999999,34.29121711400006],[-84.17449638899996,34.29039929900006],[-84.18524486999996,34.28958054200007],[-84.19599314099997,34.288760841000055],[-84.20674120399997,34.28794019800006],[-84.21748905799996,34.28711861100004],[-84.22823670299994,34.286296082000035],[-84.23898413799998,34.285472610000056],[-84.24973136299997,34.284648195000045],[-84.26047837799996,34.28382283800005],[-84.27122518299996,34.28299653800008],[-84.28197177799996,34.28216929600006],[-84.29271816099998,34.281341111000074],[-84.30346433399995,34.28051198300005],[-84.31421029599994,34.27968191300005],[-84.32495604599995,34.278850901000055],[-84.33570158499998,34.27801894600003],[-84.34644691199998,34.27718604900008],[-84.35719202699994,34.27635221000003],[-84.36793692899994,34.27551742800006],[-84.37868161899996,34.274681705000035],[-84.38942609699996,34.27384503900004],[-84.40017036099994,34.27300743100005],[-84.41091441199995,34.27216888100003],[-84.42165824999995,34.27132939000006],[-84.43240187399994,34.270488956000065],[-84.44314528399997,34.269647580000026],[-84.45388847899994,34.26880526300005],[-84.46463146099995,34.267962004000026],[-84.47537422799996,34.267117803000076],[-84.48611677999997,34.26627266100007],[-84.49685911699999,34.26542657700003],[-84.50760123899994,34.264579551000054],[-84.51834314599995,34.26373158400003],[-84.52908483599998,34.26288267500007],[-84.53982631099996,34.26203282500006],[-84.55056756899995,34.26118203400006],[-84.56130861099996,34.26033030100007],[-84.57204943699998,34.259477627000024],[-84.58279004499997,34.25862401100005],[-84.59353043699997,34.25776945500007],[-84.60427061099995,34.25691395700005],[-84.61501056799995,34.256057518000034],[-84.62575030699998,34.25520013900007],[-84.63648982699993,34.25434181800006],[-84.64722912999997,34.25348255600005],[-84.65796821399994,34.25262235300005],[-84.66870708,34.25176121000004],[-84.67944572599998,34.250899126000036],[-84.69018415399995,34.250036101000035],[-84.70092236199997,34.24917213500004],[-84.71166034999999,34.248307229000034],[-84.722398119,34.247441382000034],[-84.73313566699994,34.24657459400004],[-84.74387299499995,34.245706866000035],[-84.75461010299995,34.244838198000025],[-84.76534698999995,34.243968589000076],[-84.77608365599997,34.24309804000006],[-84.78682010099999,34.242226550000055],[-84.79755632499996,34.24135412000004],[-84.80829232699995,34.240480751000064],[-84.81902810699995,34.239606440000045],[-84.82976366399998,34.23873119000007],[-84.840499,34.237855]],[[-84.154196,33.453003],[-84.16469793399995,33.45451697100003],[-84.17520023299994,33.45603005100003],[-84.18570289599995,33.457542242000045],[-84.19620592399997,33.45905354200005],[-84.206709317,33.460563953000076],[-84.21721307299998,33.46207347300003],[-84.22771719399998,33.46358210300008],[-84.23822167799995,33.465089842000054],[-84.24872652699997,33.46659669100006],[-84.25923173799998,33.46810265000005],[-84.26973731299995,33.46960771700003],[-84.28024325099994,33.471111894000046],[-84.29074955199997,33.47261518100004],[-84.30125621499997,33.474117576000026],[-84.31176324099994,33.47561908000006],[-84.32227062899995,33.477119694000066],[-84.33277837999998,33.47861941600007],[-84.34328649299994,33.480118247000064],[-84.35379496699994,33.48161618700004],[-84.36430380299998,33.483113235000076],[-84.37481300099995,33.48460939200004],[-84.38532255899997,33.486104657000055],[-84.39583247899998,33.48759903100006],[-84.40634275999997,33.48909251300006],[-84.41685340099997,33.49058510300006],[-84.42736440299996,33.49207680200004],[-84.437875766,33.493567608000035],[-84.44838748799998,33.49505752300007],[-84.45889957099996,33.49654654500006],[-84.46941201299995,33.49803467500004],[-84.47992481499995,33.499521913000024],[-84.49043797599995,33.50100825900006],[-84.50095149699996,33.502493712000046],[-84.51146537699998,33.50397827300003],[-84.52197961499996,33.50546194100008],[-84.53249421299995,33.50694471700007],[-84.54300916899996,33.508426600000064],[-84.553524483,33.50990759000007],[-84.56404015499999,33.511387687000024],[-84.57455618599994,33.512866891000044],[-84.58507257399998,33.51434520200007],[-84.59558931899994,33.51582262000005],[-84.60610642299997,33.51729914500004],[-84.61662388299999,33.51877477600004],[-84.62714169999998,33.52024951400006],[-84.63765987499994,33.52172335900008],[-84.64817840599994,33.52319631000006],[-84.65869729299999,33.52466836700006],[-84.66921653699995,33.52613953100007],[-84.67973613699996,33.52760980100004],[-84.69025609299996,33.52907917700003],[-84.70077640399995,33.530547659000035],[-84.71129707199998,33.53201524800005],[-84.72181809399996,33.53348194200004],[-84.73233947199998,33.53494774200004],[-84.74286120499994,33.536412648000066],[-84.75338329299996,33.53787665900006],[-84.76390573499998,33.53933977600008],[-84.77442853199994,33.54080199900005],[-84.78495168299997,33.54226332700006],[-84.79547518799995,33.543723760000034],[-84.80599904699994,33.54518329900003],[-84.81652325999994,33.546641942000065],[-84.82704782699994,33.54809969100006],[-84.83757274599998,33.54955654500003],[-84.84809801899996,33.55101250400003],[-84.85862364499997,33.552467568000054],[-84.86914962399999,33.55392173700005],[-84.87967595499998,33.555375010000034],[-84.89020324035721,33.55682692690975],[-84.90073030109079,33.55827839740679],[-84.91125771380955,33.55972897191107],[-84.92178547851367,33.561178651422544],[-84.93231359520296,33.562627434941255],[-84.94284206287759,33.56407532246708],[-84.95337088153758,33.565522314000134],[-84.96390005218285,33.566968410540404],[-84.97442957281345,33.56841361008779],[-84.98495944542937,33.56985791364237],[-84.99548966803063,33.57130132220415],[-85.00602023733241,33.572743830538265],[-85.0165511540911,33.574185440542685],[-85.0270824207506,33.575626153665446],[-85.03761403831098,33.57706597090641],[-85.04814600477232,33.57850489126555],[-85.05867832013473,33.57994291574264],[-85.06921098439828,33.581380044337685],[-85.07974399856306,33.582816275050554]],[[-83.850187,33.555049],[-83.85665638899997,33.56224155600006],[-83.86312684999996,33.56943376600003],[-83.86959838499996,33.576625630000024],[-83.87607099299998,33.58381714600006],[-83.88254467499996,33.59100831600006],[-83.88901943199994,33.59819913800004],[-83.89549526299999,33.60538961300006],[-83.90197216899998,33.61257974100005],[-83.90845015099995,33.61976952100002],[-83.91492920899998,33.62695895400003],[-83.92140934299994,33.634148038000035],[-83.92789055399999,33.64133677500007],[-83.93437284299995,33.648525164000034],[-83.94085620899995,33.65571320400005],[-83.94734065299997,33.66290089600005],[-83.95382617599995,33.67008823900005],[-83.96031277799995,33.677275233000046],[-83.96680045899996,33.684461879000025],[-83.97328921999997,33.69164817600006],[-83.97977906099999,33.69883412300004],[-83.98626998299994,33.706019721000075],[-83.99276198599995,33.71320497000005],[-83.99925506999995,33.72038986900003],[-84.00574923699997,33.727574418000074],[-84.01224448499994,33.73475861700007],[-84.01874081699998,33.74194246600007],[-84.02523823099995,33.749125965000076],[-84.03173672899999,33.75630911400003],[-84.03823631099993,33.76349191200006],[-84.04473697799995,33.770674359000054],[-84.05123872899998,33.77785645600005],[-84.05774156599995,33.78503820100008],[-84.06424548899997,33.79221959600005],[-84.07075049699995,33.799400639000055],[-84.07725659299996,33.806581331000075],[-84.08376377499997,33.813761671000066],[-84.09027204399996,33.82094165900003],[-84.09678140199998,33.82812129600006],[-84.10329184699998,33.83530058000008],[-84.10980338199994,33.84247951300006],[-84.11631600499999,33.84965809300007],[-84.12282971799993,33.85683632100006],[-84.12934452099995,33.86401419600003],[-84.13586041499997,33.871191718000034],[-84.14237739899994,33.87836888700008],[-84.14889547399997,33.88554570300005],[-84.15541464099994,33.892722166000055],[-84.16193489999995,33.899898276000044],[-84.16845625199994,33.907074032000025],[-84.17497869599998,33.914249434000055],[-84.18150223399994,33.92142448300007],[-84.18802686599997,33.928599177000024],[-84.19455259199998,33.935773518000076],[-84.20107941199996,33.942947504000074],[-84.20760732799994,33.950121136000064],[-84.21413633899994,33.95729441300006],[-84.22066644599994,33.96446733600004],[-84.22719764999994,33.97163990300004],[-84.23372994999994,33.97881211600003],[-84.24026334699994,33.98598397300003],[-84.24679784199998,33.99315547500004],[-84.25333343499994,34.000326621000056],[-84.25987012699994,34.00749741200008],[-84.26640791699998,34.014667847000055],[-84.27294680699998,34.021837927000036],[-84.27948679599996,34.02900765000004],[-84.28602788599994,34.03617701600007],[-84.29257007599995,34.04334602700004],[-84.29911336799995,34.05051468100004],[-84.30565776099996,34.05768297800006],[-84.31220325499999,34.06485091800005],[-84.31874985199994,34.07201850100006],[-84.32529755199994,34.07918572700004],[-84.33184635499998,34.08635259600004],[-84.33839626199995,34.09351910700008],[-84.34494727299995,34.100685261000024],[-84.35149938799998,34.10785105700006],[-84.35805260799998,34.11501649500008],[-84.36460693399994,34.12218157500007],[-84.37116236499998,34.12934629700004],[-84.37771890199997,34.136510660000056],[-84.38427654599997,34.14367466500005],[-84.39083529699997,34.15083831100003],[-84.39739515599996,34.158001598000055],[-84.40395612199995,34.16516452600007],[-84.41051819699999,34.17232709600006],[-84.41708138099995,34.17948930500006],[-84.42364567399994,34.18665115600004],[-84.43021107599998,34.193812646000026],[-84.43677758899997,34.20097377700006],[-84.44334521199994,34.20813454900008],[-84.44991394599998,34.21529496000005],[-84.45648379099998,34.22245501000003],[-84.463054748,34.22961470100006],[-84.46962681799994,34.23677403100004],[-84.4762,34.243933]],[[-84.867288,33.920546],[-84.85929094399995,33.914645833000066],[-84.85129498899994,33.90874514200004],[-84.84330013699997,33.90284392600006],[-84.83530638599996,33.89694218500006],[-84.82731373699994,33.891039920000026],[-84.819322189,33.88513713100008],[-84.81133174099995,33.879233818000046],[-84.80334239399997,33.87332998200003],[-84.79535414699995,33.86742562200004],[-84.787367,33.86152073900007],[-84.77938095199994,33.85561533200007],[-84.77139600399994,33.84970940200003],[-84.76341215399998,33.843802950000054],[-84.75542940299994,33.83789597500004],[-84.74744775099998,33.83198847800003],[-84.73946719599996,33.826080459000025],[-84.73148773899999,33.82017191700004],[-84.72350937999994,33.81426285400005],[-84.71553211799994,33.808353269000065],[-84.70755595299994,33.80244316200003],[-84.69958088399994,33.79653253400005],[-84.69160691099995,33.790621385000065],[-84.68363403399997,33.784709715000076],[-84.67566225299998,33.77879752500007],[-84.66769156799995,33.772884813000076],[-84.65972197699995,33.76697158200005],[-84.65175348099996,33.76105783000003],[-84.64378607999998,33.75514355800004],[-84.635819772,33.749228767000034],[-84.62785455899996,33.74331345500008],[-84.61989043899996,33.73739762500003],[-84.61192741199994,33.73148127500008],[-84.60396547799996,33.725564406000046],[-84.59600463699996,33.719647018000046],[-84.58804488899995,33.71372911100008],[-84.58008623199999,33.70781068600007],[-84.57212866699996,33.70189174200004],[-84.564172193,33.695972280000035],[-84.55621681099996,33.69005230100004],[-84.548262519,33.68413180300007],[-84.54030931799997,33.67821078800006],[-84.53235720799995,33.672289256000056],[-84.52440618699995,33.666367206000075],[-84.51645625599997,33.66044463900005],[-84.50850741399995,33.65452155500003],[-84.50055966099995,33.64859795500007],[-84.49261299699998,33.642673838000064],[-84.48466742199997,33.63674920400007],[-84.47672293399995,33.63082405500006],[-84.46877953499995,33.624898390000055],[-84.46083722299994,33.61897220800006],[-84.45289599799997,33.61304551200004],[-84.44495586099998,33.607118299000035],[-84.43701680999999,33.601190572000064],[-84.42907884499994,33.595262329000036],[-84.42114196599994,33.589333572000044],[-84.41320617399998,33.58340430000004],[-84.40527146599999,33.57747451400007],[-84.39733784399994,33.57154421300004],[-84.38940530699995,33.56561339800004],[-84.38147385399998,33.559682069000075],[-84.37354348499997,33.553750226000034],[-84.36561420099997,33.547817870000074],[-84.357686,33.541885]],[[-84.026608,33.654235],[-84.03559585899995,33.658963596000035],[-84.04458470099996,33.663691535000055],[-84.05357452599998,33.66841881600004],[-84.06256533499999,33.67314544000004],[-84.07155712799994,33.677871406000065],[-84.08054990499994,33.682596714000056],[-84.08954366499995,33.68732136500006],[-84.09853840999995,33.69204535700004],[-84.10753413899994,33.696768690000056],[-84.11653085199998,33.70149136500004],[-84.12552854999996,33.706213381000055],[-84.13452723299997,33.71093473700006],[-84.14352689999998,33.71565543500003],[-84.15252755299997,33.72037547300005],[-84.16152919099994,33.72509485200004],[-84.17053181399996,33.72981357100008],[-84.17953542199996,33.73453163000005],[-84.188540016,33.739249029000064],[-84.19754559599994,33.74396576700008],[-84.20655216199998,33.74868184500008],[-84.21555971299995,33.75339726200008],[-84.22456825099994,33.75811201800008],[-84.23357777499996,33.762826113000074],[-84.24258828599994,33.76753954700007],[-84.25159978299996,33.772252320000064],[-84.26061226799999,33.77696443000008],[-84.26962573899993,33.78167587900003],[-84.27864019699996,33.786386666000055],[-84.28765564199995,33.79109679100003],[-84.29667207499995,33.79580625300002],[-84.30568949499997,33.80051505200004],[-84.31470790199995,33.80522318900006],[-84.32372729799994,33.809930663000046],[-84.33274768099994,33.81463747400005],[-84.34176905299995,33.81934362100003],[-84.35079141299997,33.82404910500003],[-84.35981476099994,33.82875392500006],[-84.36883909699998,33.83345808100006],[-84.37786442299995,33.838161573000036],[-84.38689073699999,33.84286440100004],[-84.39591803999997,33.84756656400003],[-84.40494633199995,33.852268063000054],[-84.41397561299993,33.85696889700006],[-84.42300588399996,33.86166906600005],[-84.43203714399993,33.86636856900003],[-84.44106939399995,33.871067407000055],[-84.45010263399996,33.87576558000006],[-84.45913686299997,33.88046308600008],[-84.46817208299996,33.885159927000075],[-84.477208293,33.88985610200007],[-84.48624549299996,33.894551610000065],[-84.49528368399996,33.89924645100007],[-84.50432286599994,33.903940626000065],[-84.51336303799997,33.90863413400007],[-84.52240420199996,33.913326975000075],[-84.53144635599995,33.91801914900003],[-84.54048950199996,33.92271065500006],[-84.54953363899995,33.92740149300005],[-84.55857876799996,33.93209166300005],[-84.56762488799995,33.93678116600006],[-84.576672,33.94147]],[[-84.28416,33.260868],[-84.29456672699996,33.26290043000006],[-84.30497393599995,33.26493198900005],[-84.31538162699997,33.26696267600005],[-84.32578979999994,33.26899249100006],[-84.33619845399994,33.27102143400003],[-84.34660758899997,33.27304950400003],[-84.35701720599997,33.275076703000025],[-84.36742730299994,33.277103030000035],[-84.37783788199994,33.27912848300008],[-84.38824894099997,33.28115306500007],[-84.39866048099998,33.283176774000026],[-84.40907250099997,33.28519961000006],[-84.41948500199999,33.28722157300007],[-84.42989798299999,33.28924266300004],[-84.44031144299998,33.29126288000003],[-84.45072538399995,33.29328222400005],[-84.46113980499996,33.29530069500004],[-84.47155470399997,33.297318293000046],[-84.48197008399995,33.29933501700003],[-84.49238594199994,33.30135086700005],[-84.50280227999997,33.30336584400004],[-84.513219097,33.30537994600007],[-84.52363639199996,33.30739317500007],[-84.53405416699997,33.30940553000005],[-84.54447241899999,33.31141701100006],[-84.55489114999995,33.31342761800005],[-84.56531035999996,33.315437350000025],[-84.57573004699998,33.317446208000035],[-84.58615021199995,33.319454191000034],[-84.59657085499998,33.32146130000007],[-84.60699197599996,33.32346753400003],[-84.61741357399995,33.32547289300004],[-84.62783564999995,33.32747737700004],[-84.63825820299996,33.32948098600008],[-84.64868123199994,33.33148372000005],[-84.65910473899999,33.33348557800008],[-84.66952872199994,33.33548656100004],[-84.67995318199996,33.33748666900004],[-84.69037811799996,33.339485901000046],[-84.70080353099996,33.34148425700005],[-84.71122941999994,33.34348173800004],[-84.72165578499994,33.345478343000025],[-84.73208262499998,33.34747407100008],[-84.74250994099998,33.349468924000064],[-84.75293773299995,33.35146290000006],[-84.763366,33.353456]],[[-83.733847,33.781557],[-83.73900704399995,33.78945627100006],[-83.74416803499997,33.79735531500006],[-83.74932997499997,33.80525413400005],[-83.75449286299994,33.813152726000055],[-83.75965669999994,33.82105109200006],[-83.76482148699995,33.82894923200007],[-83.76998722399998,33.836847145000036],[-83.77515391099996,33.84474483200006],[-83.78032154899995,33.85264229200004],[-83.78549013799994,33.860539525000036],[-83.79065967899999,33.86843653200003],[-83.79583017199997,33.87633331100005],[-83.80100161699994,33.88422986300003],[-83.80617401599994,33.89212618800008],[-83.81134736799999,33.90002228600002],[-83.81652167299995,33.90791815600005],[-83.82169693299994,33.915813799000034],[-83.82687314799995,33.92370921400004],[-83.83205031699998,33.93160440100007],[-83.83722844199997,33.93949936000007],[-83.84240752299996,33.947394092000025],[-83.84758756099995,33.95528859500007],[-83.85276855599994,33.96318287100007],[-83.85795050699994,33.97107691800005],[-83.86313341699997,33.978970736000065],[-83.86831728399994,33.986864327000035],[-83.87350211099994,33.99475768800005],[-83.87868789599997,34.00265082100003],[-83.88387463999999,34.01054372500005],[-83.88906234499996,34.01843640100003],[-83.89425100999995,34.02632884700006],[-83.89944063599995,34.034221064000064],[-83.90463122299997,34.04211305200005],[-83.90982277099994,34.050004810000075],[-83.91501528199996,34.057896339000024],[-83.92020875499998,34.065787639000064],[-83.92540319099999,34.073678709000035],[-83.93059859099998,34.08156954900005],[-83.93579495399996,34.089460160000044],[-83.94099228199997,34.097350540000036],[-83.94619057399996,34.10524069000007],[-83.95138983099997,34.11313061100003],[-83.95659005399995,34.121020301000044],[-83.96179124399998,34.128909760000056],[-83.96699339899999,34.136798989000056],[-83.97219652099994,34.144687988000044],[-83.97740061099995,34.15257675500004],[-83.98260566899995,34.160465292000026],[-83.98781169499995,34.16835359800007],[-83.99301868899994,34.17624167300005],[-83.99822665199997,34.18412951700003],[-84.00343558499998,34.19201713000007],[-84.00864548799996,34.19990451100006],[-84.01385636199996,34.207791661000044],[-84.01906820599999,34.21567857900004],[-84.02428102199997,34.22356526600004],[-84.02949480899997,34.23145172100004],[-84.03470956899997,34.239337944000056],[-84.03992530099998,34.24722393500008],[-84.04514200599994,34.255109693000065],[-84.05035968499999,34.26299522000005],[-84.05557833699999,34.270880515000044],[-84.06079796399996,34.27876557700006],[-84.06601856599997,34.286650406000035],[-84.07124014299995,34.29453500300008],[-84.07646269599996,34.30241936700003],[-84.08168622499994,34.31030349800005],[-84.08691073099999,34.31818739600004],[-84.09213621299995,34.32607106200004],[-84.09736267299996,34.33395449400007],[-84.10259011099998,34.34183769300006],[-84.10781852799994,34.349720658000024],[-84.11304792299995,34.357603390000065],[-84.11827829799995,34.36548588800008],[-84.12350965199994,34.37336815300006],[-84.12874198599997,34.381250184000066],[-84.13397530099996,34.38913198100005],[-84.139209597,34.39701354300007],[-84.14444487499998,34.40489487200006],[-84.14968113399993,34.41277596700007],[-84.15491837599996,34.42065682700007],[-84.16015659999994,34.42853745200006],[-84.16539580799997,34.43641784400006],[-84.170636,34.444298]],[[-83.712763,33.993196],[-83.723041675,33.990410722000036],[-83.73331967999997,33.98762458400006],[-83.74359701299994,33.984837586000026],[-83.75387367599996,33.98204972800005],[-83.76414966699997,33.97926101100006],[-83.77442498699997,33.976471435000065],[-83.78469963599997,33.973681],[-83.79497361399996,33.97088970500005],[-83.80524691999995,33.968097552000074],[-83.81551955499998,33.965304540000034],[-83.82579151799996,33.96251066900004],[-83.83606280899994,33.959715940000024],[-83.84633342899997,33.956920353000044],[-83.85660337599995,33.95412390700005],[-83.86687265199998,33.95132660400003],[-83.87714125599996,33.948528442000054],[-83.88740918699995,33.945729423000046],[-83.89767644599993,33.94292954600007],[-83.90794303299998,33.94012881200007],[-83.91820894699998,33.93732722100003],[-83.92847418899999,33.93452477200003],[-83.93873875799994,33.931721466000056],[-83.94900265499996,33.92891730400004],[-83.95926587799994,33.926112285000045],[-83.96952842899998,33.92330640900008],[-83.97979030699997,33.920499677000066],[-83.99005151199998,33.917692088000024],[-84.00031204299995,33.91488364400004],[-84.01057190199998,33.91207434300003],[-84.02083108699998,33.909264187000076],[-84.03108959799994,33.906453175000024],[-84.04134743599997,33.90364130700004],[-84.05160459999996,33.90082858400007],[-84.06186109099997,33.89801500600004],[-84.07211690799994,33.89520057300007],[-84.08237205099994,33.892385285000046],[-84.09262651999995,33.88956914100004],[-84.10288031499994,33.88675214400007],[-84.11313343599994,33.88393429100006],[-84.12338588299997,33.88111558500003],[-84.13363765499997,33.878296024000065],[-84.14388875299994,33.875475609000034],[-84.15413917599994,33.872654340000054],[-84.16438892499997,33.86983221700007],[-84.17463799899997,33.86700924100006],[-84.18488639899994,33.86418541100005],[-84.19513412299995,33.86136072700003],[-84.20538117299998,33.858535191000044],[-84.21562754699994,33.85570880100005],[-84.22587324699998,33.852881559000025],[-84.23611827099995,33.85005346400004],[-84.24636261999996,33.84722451600004],[-84.25660629399994,33.84439471500008],[-84.26684929199996,33.84156406200003],[-84.27709161499996,33.83873255800006],[-84.28733326199995,33.83590020100007],[-84.29757423299998,33.833066992000056],[-84.30781452799994,33.83023293100007],[-84.31805414799999,33.82739801900004],[-84.32829309199997,33.824562255000046],[-84.33853135899994,33.82172564000007],[-84.34876895099995,33.81888817400005],[-84.35900586599996,33.81604985700005],[-84.36924210499996,33.81321068800003],[-84.37947766699995,33.810370670000054],[-84.38971255299998,33.807529800000054],[-84.39994676299995,33.80468808000006],[-84.41018029599996,33.80184551000008],[-84.42041315199998,33.799002090000045],[-84.43064533099994,33.79615781900003],[-84.44087683299995,33.79331269900007],[-84.45110765899994,33.79046672900006],[-84.46133780699995,33.787619910000046],[-84.47156727799995,33.78477224100004],[-84.48179607199995,33.781923723000034],[-84.49202418799996,33.779074355000034],[-84.50225162699996,33.77622413900008],[-84.51247838899997,33.77337307400006],[-84.52270447299998,33.770521160000044],[-84.53292987899994,33.76766839800007],[-84.54315460799995,33.764814787000034],[-84.55337865899997,33.76196032800004],[-84.56360203199995,33.75910502100004],[-84.57382472699999,33.75624886500003],[-84.58404674299999,33.75339186200006],[-84.59426808199999,33.75053401200006],[-84.60448874199994,33.74767531400005],[-84.61470872399997,33.744815768000024],[-84.62492802799994,33.74195537500003],[-84.63514665299994,33.73909413600006],[-84.64536459999994,33.73623204900008],[-84.65558186799996,33.73336911500007],[-84.66579845699994,33.73050533500003],[-84.67601436699994,33.727640708000024],[-84.68622959899994,33.72477523500004],[-84.69644415099998,33.721908916000075],[-84.70665802499997,33.71904175100008],[-84.71687121899998,33.716173740000045],[-84.72708373399996,33.713304883000035],[-84.73729556999996,33.71043518000005],[-84.74750672599998,33.70756463200007],[-84.75771720299997,33.70469323900005],[-84.767927,33.701821]],[[-84.840499,34.237855],[-84.83689466099997,34.22936662700005],[-84.83329104499995,34.22087813600007],[-84.82968815299995,34.212389528000074],[-84.82608598199994,34.20390080200008],[-84.82248453399995,34.19541195900007],[-84.81888380699996,34.18692299800006],[-84.81528380199995,34.17843391900004],[-84.81168451799994,34.16994472400006],[-84.80808595399998,34.16145541100008],[-84.80448811099996,34.15296598100008],[-84.80089098799994,34.14447643300008],[-84.79729458399999,34.135986769000056],[-84.79369889899993,34.12749698700003],[-84.79010393299995,34.119007088000046],[-84.78650968599999,34.11051707300004],[-84.78291615599994,34.10202694000003],[-84.77932334499997,34.093536691000054],[-84.77573125099997,34.085046325000064],[-84.77213987299996,34.07655584200006],[-84.76854921299997,34.068065243000035],[-84.76495926799998,34.05957452600006],[-84.76137003999997,34.051083694000056],[-84.75778152699996,34.042592744000046],[-84.75419372899995,34.03410167900006],[-84.75060664599994,34.02561049600007],[-84.74702027799998,34.017119198000046],[-84.74343462299998,34.008627783000065],[-84.73984968299999,34.00013625200006],[-84.73626545499997,33.99164460500003],[-84.73268194099995,33.98315284100005],[-84.72909913999996,33.97466096200003],[-84.72551704999995,33.966168966000055],[-84.72193567299996,33.957676855000045],[-84.71835500699996,33.94918462800007],[-84.71477505199994,33.94069228400008],[-84.71119580899995,33.932199825000055],[-84.70761727499996,33.92370725100005],[-84.70403945199996,33.91521456000004],[-84.70046233899996,33.906721754000046],[-84.69688593499995,33.89822883200003],[-84.69331023999996,33.889735795000036],[-84.68973525399997,33.881242642000075],[-84.68616097599994,33.87274937400008],[-84.68258740599998,33.86425599100005],[-84.67901454399998,33.85576249200005],[-84.67544238899995,33.84726887800008],[-84.67187094099995,33.83877514900007],[-84.66830019999998,33.83028130400004],[-84.66473016399993,33.821787345000075],[-84.66116083499998,33.81329327000003],[-84.65759221099995,33.804799081000056],[-84.65402429199997,33.796304776000056],[-84.65045707799999,33.78781035700007],[-84.64689056799995,33.77931582300005],[-84.64332476299995,33.77082117400005],[-84.63975966099997,33.76232641000007],[-84.63619526199994,33.75383153200005],[-84.63263156699998,33.74533653900005],[-84.62906857399997,33.73684143100007],[-84.62550628299994,33.72834620900005],[-84.62194469399998,33.71985087300004],[-84.61838380699999,33.711355422000054],[-84.61482362099997,33.70285985700008],[-84.61126413599999,33.69436417800006],[-84.60770535099994,33.68586838400006],[-84.60414726699997,33.67737247600007],[-84.60058988199995,33.66887645400004],[-84.59703319699997,33.66038031800008],[-84.59347721099994,33.65188406900006],[-84.58992192399995,33.643387705000066],[-84.58636733499998,33.634891227000026],[-84.58281344399995,33.626394635000054],[-84.57926024999995,33.61789793000003],[-84.57570775399995,33.60940111000008],[-84.57215595499997,33.600904178000064],[-84.56860485299995,33.59240713100007],[-84.56505444699997,33.583909971000026],[-84.56150473599996,33.57541269700005],[-84.55795572199997,33.56691531000007],[-84.55440740199998,33.55841781000004],[-84.55085977799996,33.54992019600007],[-84.547312848,33.541422469000054],[-84.54376661199996,33.532924628000046],[-84.54022106999997,33.52442667500003],[-84.53667622099994,33.515928608000024],[-84.53313206599995,33.50743042800008],[-84.52958860299998,33.498932135000075],[-84.52604583299996,33.490433729000074],[-84.52250375399996,33.481935210000074],[-84.51896236799996,33.473436578000076],[-84.51542167199995,33.46493783400007],[-84.51188166799994,33.45643897600007],[-84.50834235499997,33.44794000600007],[-84.50480373099998,33.43944092400005],[-84.50126579799996,33.43094172800005],[-84.49772855399993,33.42244242000004],[-84.494192,33.413943]],[[-85.07974399856306,33.582816275050554],[-85.07143123100005,33.58848624953597],[-85.06311737674578,33.59415565965302],[-85.05480243480028,33.59982450540175],[-85.0464864051635,33.605492786782015],[-85.03816928683551,33.61116050379386],[-85.02985108081633,33.61682765543729],[-85.02153178610592,33.62249424271233],[-85.01321140170438,33.62816026461885],[-85.00488992961164,33.633825721156896],[-84.99656736431646,33.63949061032265],[-84.98824370656797,33.64515493293466],[-84.97991895786528,33.650818690524055],[-84.9715931192083,33.65648188209072],[-84.96326618959705,33.66214450763474],[-84.95493816903151,33.667806566156045],[-84.94660905751167,33.67346805865468],[-84.93827885403762,33.679128985130646],[-84.92994755860931,33.68478934458391],[-84.92161517122669,33.69044913701452],[-84.91328169188989,33.69610836242246],[-84.90494711959879,33.701767019807654],[-84.8966114543534,33.707425110170185],[-84.88827410499994,33.71308307400005],[-84.87993627299994,33.71874001900005],[-84.87159734699998,33.72439639500004],[-84.86325732699999,33.730052202000024],[-84.85491621199998,33.735707442000034],[-84.84657400299994,33.74136211200005],[-84.83823069999994,33.74701621400004],[-84.82988630099999,33.75266974700003],[-84.82154080699996,33.75832271000007],[-84.81319421699999,33.76397510400005],[-84.80484653099995,33.769626929000026],[-84.79649774999996,33.77527818300007],[-84.78814787099998,33.78092886700006],[-84.77979689699998,33.78657898200004],[-84.77144482499995,33.79222852500004],[-84.76309165599997,33.79787749800005],[-84.75473738899996,33.80352590100006],[-84.74638202499995,33.80917373200003],[-84.73802556299995,33.81482099200008],[-84.72966800199998,33.820467681000025],[-84.72130934299997,33.82611379800005],[-84.712949585,33.831759343000044],[-84.70458872899997,33.83740431600006],[-84.69622677199999,33.843048717000045],[-84.68786371599998,33.84869254600005],[-84.67949955999995,33.85433580200004],[-84.67113430399996,33.859978486000045],[-84.66276794799995,33.86562059600004],[-84.654400491,33.87126213400006],[-84.64603193299996,33.87690309800007],[-84.63766227399998,33.88254348800007],[-84.62929151299994,33.88818330500004],[-84.62091964999996,33.89382254800006],[-84.61254668599997,33.89946121600008],[-84.60417261899994,33.90509931100007],[-84.59579744899997,33.910736830000076],[-84.58742117699995,33.91637377600006],[-84.57904380099995,33.92201014600005],[-84.57066532299996,33.92764594100004],[-84.56228573999994,33.933281161000025],[-84.55390505399998,33.93891580500008],[-84.54552326299995,33.944549874000074],[-84.53714036799994,33.95018336700008],[-84.52875636899995,33.955816284000036],[-84.52037126399995,33.96144862400007],[-84.51198505399998,33.967080388000056],[-84.50359773899999,33.97271157600005],[-84.49520931799998,33.97834218600008],[-84.48681978999997,33.983972220000055],[-84.47842915699994,33.98960167600006],[-84.47003741699996,33.995230555000035],[-84.46164456999998,34.000858856000036],[-84.45325061599993,34.00648658000006],[-84.44485555399996,34.01211372500006],[-84.43645938499998,34.01774029200004],[-84.42806210799995,34.02336628100005],[-84.41966372299999,34.028991691000044],[-84.41126422899998,34.03461652200008],[-84.40286362599994,34.04024077500003],[-84.39446191499997,34.04586444800003],[-84.38605909399996,34.051487542000075],[-84.37765516399998,34.057110056000056],[-84.36925012399996,34.06273199000003],[-84.36084397399998,34.06835334500005],[-84.35243671399996,34.07397411900007],[-84.34402834299993,34.07959431300003],[-84.33561886099994,34.08521392600005],[-84.32720826799994,34.09083295900007],[-84.31879656299998,34.09645141000004],[-84.31038374699995,34.10206928100007],[-84.30196981899996,34.107686570000055],[-84.29355477899998,34.11330327700006],[-84.28513862599993,34.11891940300006],[-84.27672136099994,34.12453494700003],[-84.26830298199997,34.13014990900007],[-84.25988349099998,34.135764288000075],[-84.25146288499997,34.14137808500004],[-84.24304116599995,34.146991299000035],[-84.23461833299996,34.152603930000055],[-84.22619438599997,34.158215978000044],[-84.21776932399996,34.16382744300006],[-84.20934314699997,34.169438324000055],[-84.20091585399996,34.17504862200008],[-84.19248744699996,34.18065833600008],[-84.18405792399994,34.18626746500007],[-84.17562728499996,34.191876010000044],[-84.16719552899997,34.197483971000054],[-84.15876265699995,34.203091347000054],[-84.15032866899998,34.208698138000045],[-84.14189356299994,34.21430434400003],[-84.13345733999995,34.219909965000056],[-84.12502,34.225515]],[[-84.4762,34.243933],[-84.47601901799999,34.23503762300004],[-84.47583807299998,34.226142233000076],[-84.47565716699995,34.21724683000008],[-84.47547629899998,34.20835141400005],[-84.47529546899995,34.19945598400005],[-84.47511467599998,34.19056054200007],[-84.47493392199993,34.181665086000066],[-84.47475320599995,34.17276961700003],[-84.47457252699996,34.16387413500007],[-84.47439188699997,34.154978639000035],[-84.47421128399998,34.14608313100007],[-84.47403071899998,34.13718760900008],[-84.47385019199999,34.12829207400006],[-84.47366970299998,34.11939652600006],[-84.473489251,34.11050096500003],[-84.47330883799998,34.10160539000003],[-84.47312846199998,34.09270980200006],[-84.47294812399997,34.08381420200004],[-84.47276782299997,34.07491858800006],[-84.47258756099995,34.066022961000044],[-84.47240733599995,34.05712732000006],[-84.47222714799994,34.04823166700004],[-84.47204699799994,34.039336],[-84.47186688599999,34.03044032100007],[-84.47168681199997,34.02154462800007],[-84.47150677499997,34.01264892200004],[-84.47132677499997,34.00375320200004],[-84.47114681299996,33.994857470000056],[-84.47096688899995,33.98596172400005],[-84.47078700199995,33.977065966000055],[-84.47060715299995,33.96817019400004],[-84.47042733999996,33.959274409000045],[-84.47024756599995,33.950378611000076],[-84.47006782899996,33.941482800000074],[-84.46988812899997,33.93258697500005],[-84.46970846599999,33.92369113800004],[-84.46952884099994,33.91479528700006],[-84.46934925399995,33.90589942300005],[-84.46916970299998,33.897003546000064],[-84.46899018999994,33.888107656000045],[-84.46881071399997,33.87921175300005],[-84.46863127499995,33.87031583700008],[-84.46845187399998,33.86141990800007],[-84.46827250999996,33.852523965000046],[-84.46809318299995,33.84362800900004],[-84.46791389299995,33.83473204100005],[-84.46773463999995,33.82583605900004],[-84.46755542399995,33.81694006400005],[-84.46737624599996,33.80804405600003],[-84.46719710399998,33.79914803400004],[-84.467018,33.790252]],[[-84.357686,33.541885],[-84.35174912599996,33.54939035900003],[-84.34581122599997,33.55689542500005],[-84.33987229799999,33.564400196000065],[-84.33393234299996,33.57190467400005],[-84.32799135999994,33.57940885700003],[-84.32204934799995,33.58691274600005],[-84.31610630799997,33.594416340000066],[-84.31016223899996,33.60191964000006],[-84.30421713899995,33.60942264500005],[-84.29827100999995,33.616925355000035],[-84.29232384999995,33.62442777000007],[-84.28637565899999,33.63192989000004],[-84.28042643699996,33.63943171500006],[-84.27447618199994,33.646933244000024],[-84.26852489599997,33.65443447800004],[-84.26257257699996,33.66193541700005],[-84.25661922399996,33.66943605900008],[-84.25066483799998,33.67693640500005],[-84.24470941899995,33.68443645600007],[-84.23875296399996,33.69193621000005],[-84.23279547499999,33.699435668000035],[-84.22683694999995,33.70693483000008],[-84.22087738999994,33.714433695000025],[-84.21491679299999,33.72193226300004],[-84.20895515999996,33.72943053400007],[-84.20299248999999,33.73692850900005],[-84.19702878299995,33.744426186000055],[-84.191064037,33.75192356600007],[-84.18509825299998,33.75942064900005],[-84.17913142999998,33.76691743400005],[-84.17316356899994,33.774413922000065],[-84.167194667,33.78191011200005],[-84.16122472499995,33.78940600400006],[-84.15525374299995,33.796901598000034],[-84.14928171999998,33.804396894000035],[-84.14330865599999,33.81189189200006],[-84.13733454899995,33.81938659100007],[-84.13135940099994,33.82688099100005],[-84.12538320899995,33.83437509300006],[-84.11940597499995,33.84186889600005],[-84.11342769699996,33.849362401000064],[-84.107448375,33.85685560600007],[-84.10146800799998,33.86434851200005],[-84.095486597,33.87184111800008],[-84.08950413999997,33.87933342500003],[-84.08352063799998,33.88682543300007],[-84.07753608899998,33.894317140000055],[-84.07155049399995,33.901808548000076],[-84.06556385099998,33.90929965600003],[-84.05957616199998,33.91679046400003],[-84.05358742399994,33.92428097100003],[-84.04759763699997,33.931771178000076],[-84.041606802,33.939261085000055],[-84.03561491799996,33.946750691000034],[-84.02962198399996,33.95423999600007],[-84.023628,33.961729]],[[-84.576672,33.94147],[-84.56748064599998,33.94607642200003],[-84.55828830199994,33.95068215400005],[-84.54909496799996,33.95528719600003],[-84.53990064299995,33.95989154800003],[-84.53070532799995,33.96449521000005],[-84.52150902199998,33.96909818200004],[-84.51231172399997,33.97370046200007],[-84.50311343599998,33.97830205200006],[-84.49391415699995,33.98290295100003],[-84.48471388699994,33.98750315800004],[-84.47551262499996,33.99210267400008],[-84.46631037099996,33.99670149900004],[-84.45710712599998,34.00129963100005],[-84.44790288899998,34.00589707200004],[-84.43869765999995,34.01049382000008],[-84.42949143899995,34.01508987600005],[-84.42028422599998,34.01968523900007],[-84.41107602099999,34.024279910000075],[-84.40186682299998,34.02887388700003],[-84.39265663299994,34.03346717100004],[-84.38344544999995,34.038059762000046],[-84.37423327399995,34.04265166000005],[-84.36502010499999,34.047242863000065],[-84.35580594299995,34.05183337300008],[-84.34659078699997,34.05642318900004],[-84.33737463899996,34.061012310000024],[-84.32815749699995,34.06560073600008],[-84.31893936099993,34.070188468000026],[-84.30972023199996,34.07477550600004],[-84.30050010899998,34.07936184700003],[-84.29127899099996,34.08394749400003],[-84.28205687999997,34.088532445000055],[-84.27283377399993,34.09311670100004],[-84.26360967399995,34.09770026000007],[-84.25438457999996,34.10228312400005],[-84.24515849099998,34.10686529100008],[-84.23593140699995,34.11144676200007],[-84.22670332799999,34.11602753600005],[-84.21747425399997,34.12060761400005],[-84.20824418599994,34.125186994000046],[-84.19901312099995,34.12976567700008],[-84.18978106199995,34.13434366300004],[-84.18054800699997,34.138920951000046],[-84.17131395599995,34.143497542000034],[-84.16207890899994,34.148073434000025],[-84.15284286699995,34.152648628000065],[-84.14360582899997,34.15722312400004],[-84.13436779399996,34.161796921000075],[-84.12512876299996,34.166370020000045],[-84.11588873599999,34.17094241900003],[-84.10664771199998,34.17551412000006],[-84.09740569099995,34.18008512100005],[-84.08816267399999,34.18465542200005],[-84.07891865999994,34.18922502400005],[-84.06967364799993,34.19379392600007],[-84.06042763999994,34.19836212700005],[-84.051180634,34.20292962900004],[-84.04193263099995,34.20749643000005],[-84.03268362999995,34.212062530000026],[-84.02343363199998,34.216627929000026],[-84.01418263599999,34.22119262800004],[-84.00493064099999,34.22575662500003],[-83.99567764899996,34.230319920000056],[-83.98642365899997,34.23488251400005],[-83.97716866999997,34.239444406000075],[-83.96791268299995,34.24400559600008],[-83.95865569699998,34.24856608400006],[-83.94939771299994,34.25312586900003],[-83.94013872999994,34.257684952000034],[-83.93087874799994,34.262243332000025],[-83.92161776599994,34.26680100900006],[-83.91235578599998,34.27135798200004],[-83.90309280599996,34.27591425300005],[-83.89382882699994,34.280469819000075],[-83.88456384899996,34.28502468200003],[-83.87529786999994,34.289578841000036],[-83.86603089199997,34.29413229600004],[-83.85676291399994,34.29868504600006],[-83.84749393599998,34.303237092000074],[-83.83822395799996,34.30778843300004],[-83.82895297899995,34.312339069000075],[-83.819681,34.316889]],[[-84.763366,33.353456],[-84.75287488499998,33.35519765300006],[-84.74238335299998,33.35693842000006],[-84.73189140299996,33.358678299000076],[-84.72139903599998,33.36041729200008],[-84.71090625099998,33.36215539700004],[-84.70041304899996,33.363892615000054],[-84.68991943099996,33.36562894600007],[-84.67942539499995,33.367364389000045],[-84.66893094299996,33.36909894400003],[-84.65843607399995,33.37083261200007],[-84.64794078999995,33.37256539300006],[-84.63744508899998,33.37429728500007],[-84.62694897199998,33.37602828900003],[-84.61645243899994,33.377758406000055],[-84.60595549099997,33.37948763400004],[-84.59545812799996,33.38121597400004],[-84.58496034899997,33.382943426000054],[-84.57446215499994,33.38466999000008],[-84.56396354599997,33.386395665000066],[-84.55346452299995,33.38812045100008],[-84.54296508499993,33.38984434900004],[-84.53246523199994,33.39156735800003],[-84.52196496599998,33.39328947900003],[-84.51146428499999,33.395010710000065],[-84.50096318999994,33.396731052000064],[-84.49046168199999,33.39845050500003],[-84.47995975999999,33.40016906900007],[-84.46945742499997,33.401886744000024],[-84.45895467699995,33.403603529000065],[-84.44845151499999,33.40531942500007],[-84.43794794099995,33.407034431000056],[-84.42744395399995,33.40874854700007],[-84.41693955399995,33.410461774000055],[-84.40643474199999,33.41217411100007],[-84.39592951799995,33.41388555800006],[-84.38542388199994,33.41559611500003],[-84.37491783399997,33.41730578100004],[-84.36441137499997,33.41901455800007],[-84.35390450399996,33.420722444000035],[-84.34339722099998,33.42242944000003],[-84.33288952799995,33.42413554500007],[-84.32238142399996,33.42584076000003],[-84.31187290799994,33.42754508400003],[-84.30136398199994,33.429248517000076],[-84.29085464599996,33.43095106000004],[-84.28034489899994,33.43265271100006],[-84.269834743,33.434353471000065],[-84.25932417599995,33.43605334100005],[-84.24881319899998,33.437752319000026],[-84.23830181299996,33.43945040500006],[-84.22779001799995,33.44114760000008],[-84.21727781299995,33.44284390400003],[-84.20676519899996,33.44453931600003],[-84.19625217699996,33.44623383700008],[-84.18573874499998,33.44792746600007],[-84.17522490499994,33.44962020200006],[-84.16471065699994,33.451312047000044],[-84.154196,33.453003]],[[-84.170636,34.444298],[-84.16749245799997,34.43566918300007],[-84.16434956199998,34.427040273000046],[-84.16120731199999,34.418411270000036],[-84.15806570799998,34.40978217400004],[-84.15492474799998,34.40115298500007],[-84.15178443399998,34.39252370300005],[-84.14864476399998,34.38389432900004],[-84.14550573799994,34.37526486200005],[-84.14236735599997,34.36663530200008],[-84.13922961699996,34.35800565000005],[-84.13609252199996,34.349375905000045],[-84.13295606899999,34.340746067000055],[-84.12982025899998,34.33211613700007],[-84.12668509099996,34.32348611500004],[-84.12355056499996,34.314856],[-84.12041667999995,34.30622579200008],[-84.11728343699997,34.297595493000074],[-84.11415083399999,34.28896510100003],[-84.11101887199999,34.28033461600006],[-84.10788754999999,34.27170404000003],[-84.10475686699994,34.263073371000075],[-84.10162682499998,34.25444261100006],[-84.098497421,34.24581175800006],[-84.09536865599995,34.237180813000066],[-84.09224052999997,34.22854977600008],[-84.08911304199995,34.21991864800003],[-84.08598619199995,34.21128742700006],[-84.08285997899998,34.202656114000035],[-84.07973440299997,34.194024710000065],[-84.076609465,34.185393214000044],[-84.07348516199994,34.17676162600003],[-84.07036149599998,34.16812994700007],[-84.06723846599994,34.159498176000056],[-84.06411607099994,34.15086631300005],[-84.06099431199993,34.14223435800005],[-84.05787318699998,34.13360231300004],[-84.05475269699997,34.124970175000044],[-84.05163284199995,34.116337947000034],[-84.04851361999994,34.10770562600004],[-84.04539503099994,34.09907321500003],[-84.04227707599995,34.09044071200003],[-84.03915975399997,34.081808118000026],[-84.03604306399995,34.073175433000074],[-84.03292700699996,34.06454265700006],[-84.029811581,34.055909789000054],[-84.02669678699993,34.047276830000044],[-84.02358262399997,34.038643781000076],[-84.02046909299997,34.03001064000006],[-84.01735619199997,34.021377408000035],[-84.01424392099995,34.012744086000055],[-84.01113227999997,34.004110672000024],[-84.00802126899998,33.995477168000036],[-84.00491088699994,33.986843573000044],[-84.00180113399995,33.97820988700005],[-83.99869200899997,33.96957611100004],[-83.99558351299999,33.96094224400008],[-83.99247564499996,33.95230828600006],[-83.98936840499994,33.94367423800003],[-83.98626179199994,33.93504009900005],[-83.98315580599996,33.926405869000064],[-83.98005044699994,33.917771549000065],[-83.97694571399995,33.90913713900005],[-83.97384160699994,33.900502639000024],[-83.97073812599996,33.89186804800005],[-83.96763526999996,33.88323336700006],[-83.96453303999994,33.874598595000066],[-83.96143143399996,33.86596373300006],[-83.95833045199998,33.857328782000025],[-83.955230095,33.848693740000044],[-83.95213036199993,33.84005860800005],[-83.94903125199994,33.83142338600004],[-83.94593276499995,33.82278807400007],[-83.94283490099997,33.814152672000034],[-83.93973765899995,33.80551718000004],[-83.93664103999998,33.79688159900007],[-83.93354504199993,33.78824592700005],[-83.93044966599996,33.779610166000055],[-83.92735491199994,33.770974315000046],[-83.92426077799996,33.762338374000024],[-83.92116726399996,33.75370234400003],[-83.91807437099999,33.74506622400003],[-83.91498209799994,33.736430014000064],[-83.91189044499998,33.727793715000075],[-83.90879940999997,33.71915732700006],[-83.90570899499994,33.710520849000034],[-83.90261919899996,33.70188428200004],[-83.89953001999999,33.693247625000026],[-83.89644145999995,33.68461087900005],[-83.89335351699998,33.67597404400004],[-83.89026619199996,33.667337119000024],[-83.88717948399994,33.658700106000026],[-83.88409339299994,33.65006300300007],[-83.88100791799997,33.64142581100003],[-83.87792305899995,33.63278853000003],[-83.87483881599996,33.62415116000005],[-83.87175518799995,33.615513701000054],[-83.86867217499997,33.60687615300003],[-83.86558977799996,33.59823851600004],[-83.86250799399994,33.58960079000008],[-83.85942682499996,33.58096297600002],[-83.85634626999996,33.57232507300006],[-83.85326632799996,33.56368708100007],[-83.850187,33.555049]],[[-84.226408,33.771529],[-84.23672708099997,33.773958923000066],[-84.24704674399999,33.77638798300006],[-84.257366989,33.778816179000046],[-84.26768781699997,33.781243510000024],[-84.27800922699998,33.783669977000045],[-84.28833121999998,33.78609558000005],[-84.29865379399996,33.78852031900004],[-84.30897694999999,33.79094419300003],[-84.31930068699995,33.79336720200007],[-84.32962500699995,33.79578934700004],[-84.33994990699995,33.79821062600007],[-84.35027538999998,33.80063104100003],[-84.36060145299996,33.803050590000055],[-84.370928097,33.805469274000075],[-84.38125532299995,33.80788709300003],[-84.39158312899997,33.810304045000066],[-84.40191151599998,33.81272013300003],[-84.41224048399994,33.81513535400006],[-84.42257003199995,33.81754970900005],[-84.43290016099996,33.81996319900003],[-84.443230869,33.822375822000026],[-84.45356215799995,33.82478757800004],[-84.46389402699998,33.82719846900005],[-84.47422647599996,33.829608492000034],[-84.48455950499994,33.83201764900008],[-84.49489311299999,33.83442593900003],[-84.505227301,33.83683336300004],[-84.51556206799995,33.83923991900008],[-84.52589741399999,33.84164560700003],[-84.53623333999997,33.84405042900005],[-84.54656984399998,33.84645438300004],[-84.55690692799999,33.84885746900005],[-84.56724458999997,33.85125968800003],[-84.57758283099997,33.85366103900003],[-84.58792164999994,33.85606152100007],[-84.59826104799998,33.858461136000074],[-84.60860102399994,33.860859883000046],[-84.61894157899997,33.86325776100006],[-84.62928271099997,33.86565477000005],[-84.63962442099995,33.86805091100007],[-84.64996670899995,33.87044618300007],[-84.66030957499999,33.87284058700004],[-84.67065301799994,33.87523412100006],[-84.68099703799999,33.877626787000054],[-84.69134163599995,33.88001858300004],[-84.70168681099995,33.88240950900007],[-84.71203256299998,33.88479956600003],[-84.72237889199994,33.88718875400008],[-84.73272579699994,33.889577072000066],[-84.74307327999998,33.891964520000045],[-84.75342133899994,33.89435109800007],[-84.76376997399996,33.896736806000035],[-84.77411918499996,33.89912164300006],[-84.78446897299995,33.90150561100006],[-84.79481933699998,33.90388870700008],[-84.80517027599996,33.90627093300003],[-84.81552179099998,33.90865228900003],[-84.82587388199994,33.911032773000045],[-84.83622654899995,33.91341238700005],[-84.84657979099995,33.91579112900007],[-84.85693360799996,33.918169],[-84.867288,33.920546]],[[-84.767927,33.701821],[-84.75717749899997,33.701163121000036],[-84.74642816299996,33.700504307000074],[-84.73567898999994,33.69984455700006],[-84.72492998199994,33.69918387300004],[-84.71418113899995,33.69852225300008],[-84.70343245999999,33.69785969700007],[-84.69268394699998,33.69719620700005],[-84.68193559899998,33.69653178100003],[-84.67118741599995,33.69586642100006],[-84.66043939999997,33.69520012500004],[-84.64969154899995,33.694532894000076],[-84.63894386499999,33.69386472800005],[-84.62819634699997,33.69319562800007],[-84.61744899599995,33.69252559200004],[-84.60670181099994,33.69185462200005],[-84.59595479399997,33.69118271600007],[-84.58520794499998,33.69050987600008],[-84.57446126199994,33.689836101000026],[-84.56371474799994,33.689161392000074],[-84.55296840199998,33.68848574700007],[-84.54222222399994,33.68780916900005],[-84.53147621499994,33.68713165500003],[-84.52073037399998,33.686453207000056],[-84.50998470199994,33.68577382400008],[-84.49923919999998,33.68509350700003],[-84.48849386699999,33.68441225600003],[-84.47774870299997,33.683730070000024],[-84.46700370899998,33.68304694900007],[-84.45625888599994,33.68236289500004],[-84.44551423299998,33.68167790600006],[-84.43476974999999,33.68099198200008],[-84.42402543799994,33.680305125000075],[-84.41328129699997,33.67961733300007],[-84.40253732699995,33.678928607000046],[-84.39179352899998,33.67823894800006],[-84.38104990299996,33.677548354000066],[-84.37030644799995,33.67685682600006],[-84.35956316499994,33.676164364000044],[-84.34882005499998,33.67547096800007],[-84.33807711699995,33.674776638000026],[-84.32733435199998,33.674081374000025],[-84.31659175999994,33.67338517700006],[-84.30584934199999,33.67268804500003],[-84.29510709699997,33.671989980000035],[-84.28436502499994,33.67129098100003],[-84.27362312799994,33.67059104900005],[-84.26288140399998,33.669890183000064],[-84.25213985499994,33.66918838300006],[-84.24139848099998,33.66848565000004],[-84.23065728099994,33.667781983000054],[-84.21991625599998,33.66707738300005],[-84.20917540699998,33.66637184900003],[-84.19843473299994,33.66566538200004],[-84.18769423499998,33.66495798200003],[-84.17695391299998,33.664249648000066],[-84.16621376699999,33.663540381000075],[-84.15547379699996,33.66283018100006],[-84.14473400399999,33.66211904700003],[-84.13399438699997,33.66140698100003],[-84.12325494799995,33.660693981000065],[-84.11251568599994,33.65998004800008],[-84.10177660199997,33.65926518200007],[-84.09103769499995,33.658549384000025],[-84.08029896699998,33.657832652000025],[-84.06956041599994,33.65711498700006],[-84.05882204399995,33.656396390000054],[-84.04808384999995,33.65567685900004],[-84.03734583599999,33.654956396000046],[-84.026608,33.654235]],[[-84.494192,33.413943],[-84.48610024499999,33.40806214700007],[-84.47800957899995,33.40218076000008],[-84.46992000499995,33.39629884000004],[-84.46183151999998,33.39041638800006],[-84.45374412399997,33.384533403000034],[-84.44565781799997,33.37864988500007],[-84.43757260099994,33.37276583500005],[-84.42948847299994,33.36688125300003],[-84.42140543299996,33.360996139000065],[-84.41332348099996,33.35511049300004],[-84.40524261699994,33.34922431600006],[-84.39716284099995,33.343337607000024],[-84.38908415199995,33.33745036800008],[-84.38100654899995,33.33156259700007],[-84.37293003399998,33.325674295000056],[-84.36485460499995,33.31978546300007],[-84.35678026199997,33.31389610100007],[-84.34870700399995,33.30800620800005],[-84.34063483299997,33.30211578500007],[-84.33256374599995,33.29622483300005],[-84.32449374499998,33.290333350000026],[-84.31642482799998,33.28444133800008],[-84.30835699499994,33.27854879700004],[-84.30029024599997,33.27265572700003],[-84.29222458099997,33.26676212800004],[-84.28416,33.260868]],[[-84.12502,34.225515],[-84.11867833299993,34.21836455400006],[-84.11233773799995,34.211213773000054],[-84.10599821299996,34.20406265500003],[-84.09965975899996,34.196911201000034],[-84.09332237599995,34.18975941200006],[-84.08698606199994,34.182607286000064],[-84.08065081799998,34.17545482600008],[-84.07431664199999,34.16830203000006],[-84.06798353499994,34.16114889900007],[-84.06165149599997,34.153995433000034],[-84.05532052499996,34.14684163100003],[-84.04899062099997,34.13968749600008],[-84.04266178399996,34.13253302500004],[-84.03633401299999,34.12537822000007],[-84.03000730899998,34.11822308100005],[-84.02368166999997,34.11106760700005],[-84.01735709599996,34.10391180000005],[-84.01103358699999,34.09675565800006],[-84.00471114199996,34.089599183000075],[-83.99838976099994,34.08244237400004],[-83.99206944399998,34.075285232000056],[-83.98575018999998,34.068127756000024],[-83.97943199799994,34.060969947000046],[-83.97311486899997,34.053811805000066],[-83.96679880099998,34.04665333000003],[-83.96048379499996,34.03949452200004],[-83.95416985099996,34.03233538200004],[-83.94785696599996,34.02517590900004],[-83.94154514199994,34.018016104000026],[-83.93523437799996,34.010855966000065],[-83.92892467299998,34.003695497000024],[-83.92261602699995,33.99653469500004],[-83.91630843899998,33.989373562000026],[-83.91000190999995,33.98221209700006],[-83.90369643799994,33.97505030100007],[-83.89739202299995,33.96788817300006],[-83.89108866599997,33.960725714000034],[-83.88478636499997,33.95356292400004],[-83.87848511999994,33.94639980300008],[-83.87218492999995,33.939236351000034],[-83.86588579599999,33.93207256900007],[-83.85958771699995,33.924908456000026],[-83.85329069099998,33.91774401200007],[-83.84699471999994,33.910579238000025],[-83.84069980299995,33.90341413500005],[-83.83440593799997,33.89624870100005],[-83.82811312699994,33.88908293700007],[-83.82182136799997,33.881916844000045],[-83.81553065999998,33.874750421000044],[-83.80924100399994,33.867583669000055],[-83.80295239899993,33.86041658800008],[-83.79666484499995,33.853249177000066],[-83.79037834099995,33.846081437000066],[-83.78409288699999,33.83891336900007],[-83.77780848299994,33.831744972000024],[-83.77152512699996,33.82457624600005],[-83.76524281999997,33.817407192000076],[-83.75896156099998,33.81023781000005],[-83.75268134999999,33.80306809900003],[-83.74640218699994,33.79589806100006],[-83.74012406999998,33.788727694000045],[-83.733847,33.781557]],[[-84.467018,33.790252],[-84.45684921899993,33.79302524700006],[-84.446679782,33.79579765400007],[-84.43650968999998,33.798569222000026],[-84.42633894199997,33.801339951000045],[-84.41616753899996,33.804109839000034],[-84.40599547999994,33.80687888800003],[-84.39582276699997,33.80964709600005],[-84.38564939799994,33.812414465000074],[-84.37547537399996,33.81518099300007],[-84.36530069499997,33.817946680000034],[-84.35512536099998,33.82071152700007],[-84.34494937199997,33.82347553300008],[-84.33477272799996,33.826238698000054],[-84.32459542999999,33.82900102200006],[-84.31441747799994,33.83176250400004],[-84.30423887099994,33.83452314600004],[-84.29405960899999,33.83728294600007],[-84.28387969399995,33.84004190400003],[-84.27369912399996,33.84280002000003],[-84.26351789999995,33.84555729500005],[-84.25333602199998,33.84831372800005],[-84.24315348999994,33.85106931800004],[-84.23297030399993,33.85382406600007],[-84.22278646499996,33.856577971000036],[-84.21260197199996,33.859331034000036],[-84.20241682499994,33.86208325500007],[-84.19223102499996,33.864834632000054],[-84.18204457199994,33.867585166000026],[-84.17185746499996,33.870334857000046],[-84.16166970499995,33.873083705000056],[-84.15148129199997,33.87583170900007],[-84.14129222599996,33.87857887000007],[-84.13110250699998,33.88132518700007],[-84.12091213499997,33.88407066000008],[-84.11072110999999,33.886815289000026],[-84.10052943299996,33.88955907400003],[-84.09033710399996,33.89230201400005],[-84.08014412099999,33.89504411100006],[-84.06995048699997,33.897785362000036],[-84.05975619999998,33.90052576900007],[-84.04956126099995,33.90326533100006],[-84.03936566999994,33.90600404800006],[-84.02916942599995,33.90874192000007],[-84.01897253099997,33.911478947000035],[-84.00877498399996,33.91421512800002],[-83.99857678599994,33.916950464000024],[-83.98837793499996,33.91968495400005],[-83.97817843399997,33.922418598000036],[-83.96797827999995,33.92515139600005],[-83.957777476,33.92788334800008],[-83.94757601999999,33.93061445400008],[-83.93737391299999,33.933344713000054],[-83.92717115499994,33.93607412600005],[-83.91696774599995,33.938802692000024],[-83.90676368499999,33.94153041200008],[-83.89655897499995,33.94425728400006],[-83.88635361299998,33.946983309000075],[-83.87614760099996,33.949708487000066],[-83.86594093799994,33.952432818000034],[-83.85573362499997,33.955156301000045],[-83.84552566199994,33.95787893700003],[-83.83531704799998,33.96060072500006],[-83.82510778399995,33.963321665000024],[-83.81489786999998,33.96604175600004],[-83.80468730699994,33.968761],[-83.79447609299996,33.971479395000074],[-83.78426422899997,33.97419694200005],[-83.77405171599997,33.97691364000008],[-83.76383855399996,33.979629490000036],[-83.75362474199994,33.98234449000006],[-83.74341027999998,33.98505864100008],[-83.73319516899994,33.98777194400003],[-83.72297940899995,33.990484397000046],[-83.712763,33.993196]],[[-84.023628,33.961729],[-84.03355786699996,33.96512909200004],[-84.04348852299995,33.968528381000056],[-84.05341996999994,33.971926867000036],[-84.06335220699998,33.97532455000004],[-84.07328523399997,33.978721429000075],[-84.08321905099996,33.98211750400003],[-84.09315365899994,33.985512776000064],[-84.10308905599999,33.98890724300003],[-84.11302524299998,33.992300906000025],[-84.12296221999998,33.995693765000055],[-84.13289998799996,33.99908581900007],[-84.14283854499996,34.002477069000065],[-84.15277789199996,34.005867514000045],[-84.16271802899996,34.00925715300008],[-84.17265895499997,34.01264598800003],[-84.18260067199998,34.01603401700004],[-84.19254317799994,34.01942124000004],[-84.20248647499994,34.02280765800003],[-84.21243056099996,34.02619327000008],[-84.22237543599994,34.029578076000064],[-84.23232110199996,34.03296207600005],[-84.24226755699993,34.03634526900004],[-84.25221480199997,34.039727656000025],[-84.26216283599996,34.04310923600008],[-84.27211165999995,34.046490009000024],[-84.28206127399994,34.049869976000025],[-84.29201167699995,34.053249135000044],[-84.30196286999995,34.05662748700007],[-84.31191485199997,34.06000503100006],[-84.32186762399994,34.06338176700007],[-84.33182118499997,34.066757696000025],[-84.34177553599994,34.07013281700006],[-84.35173067599999,34.07350712900006],[-84.36168660499999,34.07688063400008],[-84.371643324,34.08025332900007],[-84.38160083199995,34.08362521600003],[-84.39155912999996,34.08699629500006],[-84.40151821699999,34.09036656400008],[-84.41147809299997,34.093736024000066],[-84.42143875799997,34.097104675000026],[-84.43140021199997,34.100472516000025],[-84.44136245599998,34.103839547000064],[-84.45132548899994,34.107205769000075],[-84.46128931099997,34.11057118100007],[-84.47125392099997,34.113935783000045],[-84.48121932199996,34.11729957400007],[-84.49118551099997,34.120662555000024],[-84.50115248899994,34.12402472500003],[-84.51112025599997,34.12738608400008],[-84.52108881199996,34.13074663300006],[-84.53105815699996,34.13410637000004],[-84.54102829099998,34.13746529600007],[-84.55099921299995,34.14082341000005],[-84.56097092499994,34.144180713000026],[-84.57094342499994,34.14753720400006],[-84.58091671499994,34.15089288300004],[-84.59089079199998,34.154247750000025],[-84.60086565899996,34.15760180500007],[-84.61084131499996,34.16095504700007],[-84.62081775899998,34.16430747700008],[-84.63079499099996,34.167659093000054],[-84.64077301199995,34.17100989700003],[-84.65075182199996,34.174359888000026],[-84.66073142099998,34.177709065000045],[-84.67071180799996,34.18105742900008],[-84.68069298299997,34.18440498000007],[-84.69067494699993,34.18775171600004],[-84.70065769899998,34.19109763900008],[-84.71064123999997,34.19444274800003],[-84.72062556899994,34.19778704200007],[-84.73061068699997,34.20113052200003],[-84.74059659199997,34.204473187000076],[-84.75058328599994,34.207815037000046],[-84.76057076899997,34.21115607300004],[-84.77055903899998,34.214496293000025],[-84.78054809799994,34.217835699000034],[-84.79053794499998,34.22117428800004],[-84.80052857999993,34.22451206300008],[-84.81052000299997,34.227849021000054],[-84.82051221399996,34.23118516300008],[-84.83050521299998,34.23452049000008],[-84.840499,34.237855]],[[-83.819681,34.316889],[-83.82856808599996,34.31180104300006],[-83.83745409899996,34.306712437000044],[-83.84633903999998,34.30162318300006],[-83.85522290999995,34.29653328000006],[-83.86410570799995,34.29144272900004],[-83.87298743399998,34.28635152900006],[-83.88186808899997,34.28125968200004],[-83.89074767299996,34.276167187000055],[-83.89962618599998,34.271074044000045],[-83.90850362899994,34.265980254000056],[-83.91738000099997,34.26088581700003],[-83.92625530299995,34.255790733000026],[-83.93512953399994,34.25069500200004],[-83.94400269599998,34.24559862500007],[-83.95287478799997,34.24050160100006],[-83.96174581099996,34.235403932000054],[-83.97061576499993,34.23030561600007],[-83.97948464899997,34.22520665400003],[-83.98835246499993,34.220107047000056],[-83.99721921099996,34.21500679500008],[-84.00608488999995,34.209905897000056],[-84.01494949999994,34.20480435500008],[-84.02381304199997,34.199702168000044],[-84.03267551599998,34.19459933600007],[-84.04153692199998,34.18949586000008],[-84.05039726099994,34.184391740000024],[-84.05925653299994,34.179286975000025],[-84.06811473799996,34.17418156700006],[-84.07697187499997,34.16907551600008],[-84.08582794599994,34.163968821000026],[-84.09468295099998,34.15886148300007],[-84.10353688899994,34.15375350200003],[-84.11238976099997,34.14864487800003],[-84.12124156699997,34.14353561200005],[-84.13009230799997,34.13842570300005],[-84.13894198299994,34.13331515200008],[-84.14779059299997,34.128203959000075],[-84.15663813799995,34.12309212400004],[-84.16548461699995,34.11797964800007],[-84.174330033,34.112866530000076],[-84.18317438299994,34.107752772000026],[-84.19201766899994,34.10263837200006],[-84.20085989199998,34.09752333100005],[-84.20970104999998,34.09240765000004],[-84.21854114499996,34.08729132800005],[-84.22738017599994,34.08217436600006],[-84.23621814399996,34.077056765000066],[-84.24505504899997,34.07193852300003],[-84.25389088999998,34.06681964200004],[-84.26272566999995,34.06170012100006],[-84.27155938599998,34.05657996100007],[-84.28039204099997,34.05145916200007],[-84.28922363299995,34.04633772500006],[-84.29805416399995,34.04121564800005],[-84.30688363199994,34.03609293400007],[-84.31571203999994,34.03096958100008],[-84.32453938599997,34.025845590000074],[-84.33336566999998,34.02072096100005],[-84.34219089499999,34.01559569400007],[-84.35101505799997,34.01046979100005],[-84.35983816099997,34.00534324900008],[-84.368660203,34.00021607100007],[-84.37748118599995,33.99508825600003],[-84.38630110799994,33.98995980400008],[-84.39511997099999,33.98483071600003],[-84.40393777499997,33.97970099200006],[-84.41275451899998,33.97457063100006],[-84.42157020399998,33.96943963500007],[-84.43038482999998,33.96430800300004],[-84.43919839799997,33.95917573600008],[-84.44801090699997,33.954042833000074],[-84.45682235699996,33.94890929500008],[-84.46563274999994,33.943775122000034],[-84.47444208499996,33.93864031500004],[-84.48325036199998,33.93350487300006],[-84.49205758199997,33.928368797000076],[-84.50086374399996,33.92323208600004],[-84.50966884999997,33.91809474200005],[-84.51847289799997,33.91295676400006],[-84.52727588999994,33.90781815300005],[-84.53607782499995,33.90267890800004],[-84.54487870499997,33.897539030000075],[-84.55367852799998,33.89239851900004],[-84.56247729499995,33.887257376000036],[-84.57127500599995,33.88211560000008],[-84.58007166299996,33.87697319100005],[-84.58886726399999,33.87183015100004],[-84.59766180899999,33.86668647800008],[-84.60645529999994,33.86154217400008],[-84.61524773699995,33.856397238000056],[-84.62403911899997,33.85125167100006],[-84.63282944599996,33.84610547300008],[-84.64161871999994,33.84095864300008],[-84.65040693999998,33.83581118300003],[-84.65919410599997,33.830663093000055],[-84.66798021899996,33.82551437200004],[-84.67676527799995,33.82036502100004],[-84.68554928499998,33.815215039000066],[-84.69433223899995,33.81006442800003],[-84.70311413999997,33.80491318800006],[-84.71189498899997,33.79976131800004],[-84.72067478499997,33.79460881800003],[-84.72945352999994,33.78945569000007],[-84.73823122199997,33.78430193300005],[-84.74700786299996,33.779147547000036],[-84.75578345299994,33.77399253300007],[-84.76455799199994,33.768836891000035],[-84.77333147899998,33.76368062100005],[-84.78210391599998,33.758523722000064],[-84.79087530199996,33.75336619600006],[-84.79964563799996,33.748208043000034],[-84.80841492299999,33.743049262000056],[-84.81718315899997,33.73788985500005],[-84.82595034499997,33.73272982000003],[-84.83471648099999,33.72756915900004],[-84.84348156799996,33.72240787100003],[-84.85224560599994,33.717245957000046],[-84.86100859399994,33.71208341700003],[-84.86977053499999,33.70692025100004],[-84.87853142599994,33.70175645900002],[-84.88729126899995,33.69659204200008],[-84.89605067371889,33.69142654602292],[-84.90480844097519,33.686260868189784],[-84.91356516127536,33.68109456433485],[-84.9223208326194,33.675927636458155],[-84.93107545800737,33.67076008355965],[-84.93982903543915,33.66559190663944],[-84.94858156691484,33.66042310469742],[-84.95733305043441,33.65525367973369],[-84.96608348899781,33.65008363074813],[-84.97483288060513,33.644912957740814],[-84.98358122525629,33.639741661711724],[-84.99232852495139,33.634569742660915],[-85.001074777935,33.62939719923452],[-85.00981998070823,33.62422403107293],[-85.01856413877783,33.61905024055771],[-85.02730725114378,33.61387582568887],[-85.03604931880609,33.60870078946651],[-85.04479034276478,33.60352513089049],[-85.05353032301984,33.59834884996091],[-85.06226925857123,33.59317194667772],[-85.07100715041899,33.58799442204092],[-85.07974399856306,33.582816275050554]],[[-84.154196,33.453003],[-84.15762708499994,33.46151260200003],[-84.16105884099994,33.47002209600004],[-84.16449126799995,33.478531485000076],[-84.16792436599997,33.487040766000064],[-84.17135813499993,33.495549941000036],[-84.17479257699995,33.50405900800007],[-84.17822768999997,33.51256796900003],[-84.18166347599998,33.521076823000044],[-84.18509993499998,33.52958557000005],[-84.18853706699997,33.538094209000064],[-84.19197487299994,33.54660274200006],[-84.19541335299994,33.555111167000064],[-84.19885250699997,33.56361948600005],[-84.20229233499998,33.57212769600005],[-84.20573283899995,33.58063580000004],[-84.20917401799994,33.58914379600003],[-84.21261587199996,33.59765168500007],[-84.21605840199999,33.606159466000065],[-84.21950160899996,33.61466714000005],[-84.22294549199995,33.62317470600004],[-84.22639005299999,33.63168216500003],[-84.22983528999998,33.64018951500003],[-84.23328120599996,33.648696759000075],[-84.23672779899994,33.65720389400008],[-84.24017507099995,33.66571092100003],[-84.24362302099996,33.67421784100003],[-84.24707165099994,33.68272465300004],[-84.25052095899997,33.69123135600006],[-84.25397094799996,33.69973795200008],[-84.25742161699998,33.708244440000044],[-84.26087296599997,33.716750819000026],[-84.26432499599997,33.72525709000007],[-84.26777770699994,33.73376325300006],[-84.27123109999997,33.74226930800006],[-84.27468517399996,33.750775254000075],[-84.27813993099994,33.75928109200004],[-84.28159536999993,33.76778682200006],[-84.285051491,33.776292443000045],[-84.28850829699996,33.784797955000045],[-84.29196578499995,33.79330335900005],[-84.29542395799996,33.80180865400007],[-84.29888281499996,33.81031384000005],[-84.30234235599994,33.818818918000034],[-84.30580258199996,33.827323887000034],[-84.30926349399994,33.83582874700005],[-84.31272509099995,33.844333498000026],[-84.31618737399998,33.85283814100006],[-84.31965034399997,33.86134267400007],[-84.323114,33.86984709800004],[-84.32657834299994,33.878351413000075],[-84.33004337399996,33.88685561900007],[-84.33350909199999,33.89535971500004],[-84.33697549899995,33.90386370300007],[-84.34044259299998,33.91236758100007],[-84.34391037699999,33.92087134900004],[-84.34737884999998,33.92937500800008],[-84.35084801199997,33.93787855800008],[-84.35431786399994,33.94638199800005],[-84.35778840599994,33.954885329000035],[-84.36125963899997,33.96338855000005],[-84.36473156199997,33.97189166100003],[-84.36820417699994,33.98039466300003],[-84.37167748299998,33.98889755500005],[-84.37515148099999,33.997400337000045],[-84.37862617199994,34.005903009000065],[-84.38210155499996,34.014405571000054],[-84.385577631,34.02290802300007],[-84.38905440099995,34.031410365000056],[-84.39253186399998,34.03991259700007],[-84.39601002099994,34.04841471900005],[-84.39948887199995,34.05691673100006],[-84.402968419,34.065418632000046],[-84.40644865999997,34.07392042300006],[-84.40992959699997,34.082422104000045],[-84.41341122899996,34.09092367400007],[-84.41689355799997,34.09942513400006],[-84.42037658299995,34.10792648300003],[-84.42386030499995,34.116427722000026],[-84.42734472499995,34.12492885000006],[-84.43082984199998,34.133429868000064],[-84.43431565599997,34.14193077500005],[-84.43780216899995,34.15043157100007],[-84.441289381,34.15893225600007],[-84.44477729199997,34.16743283000005],[-84.44826590199995,34.17593329300007],[-84.45175521099998,34.18443364600006],[-84.45524522099998,34.19293388700004],[-84.45873593099998,34.201434017000054],[-84.46222734199995,34.20993403600005],[-84.46571945399995,34.218433944000026],[-84.46921226699999,34.22693374100004],[-84.47270578299998,34.23543342600004],[-84.4762,34.243933]],[[-83.850187,33.555049],[-83.86076142599995,33.554795969000054],[-83.87133579099998,33.554542035000054],[-83.88191009299999,33.554287198000054],[-83.89248433399996,33.554031458000054],[-83.90305851199997,33.553774815000054],[-83.91363262699997,33.553517268000064],[-83.92420667899995,33.553258819000064],[-83.93478066899996,33.552999466000074],[-83.94535459499997,33.55273921100007],[-83.95592845699997,33.552478052000026],[-83.96650225599996,33.552215990000036],[-83.97707599099994,33.551953025000046],[-83.98764966099998,33.551689158000045],[-83.99822326699996,33.551424387000054],[-84.00879680899999,33.55115871300006],[-84.01937028599997,33.55089213600007],[-84.02994369799995,33.550624656000025],[-84.04051704399996,33.55035627400002],[-84.05109032499996,33.55008698800003],[-84.06166353999998,33.54981680000003],[-84.07223668899996,33.54954570800004],[-84.08280977299995,33.54927371400004],[-84.09338278899997,33.549000817000035],[-84.10395573999995,33.54872701700003],[-84.11452862299996,33.54845231400003],[-84.12510143899993,33.54817670800003],[-84.13567418899999,33.54790020000007],[-84.14624686999997,33.54762278800007],[-84.15681948399998,33.547344474000056],[-84.16739202999997,33.54706525800003],[-84.17796450799995,33.546785138000075],[-84.18853691799995,33.54650411600005],[-84.19910925899995,33.54622219100003],[-84.20968153099994,33.54593936300006],[-84.22025373499997,33.545655633000024],[-84.23082586899994,33.545371],[-84.24139793299997,33.54508546400007],[-84.25196992799994,33.54479902500003],[-84.26254185399995,33.54451168400004],[-84.27311370899997,33.54422344100004],[-84.28368549299995,33.54393429500004],[-84.29425720799998,33.54364424600004],[-84.30482885099997,33.54335329500003],[-84.31540042399996,33.54306144100008],[-84.32597192499998,33.542768684000066],[-84.33654335499995,33.542475025000044],[-84.34711471299994,33.54218046400007],[-84.357686,33.541885]],[[-84.867288,33.920546],[-84.85652699199994,33.921333193000066],[-84.84576578499997,33.92211944500008],[-84.83500438099998,33.922904757000026],[-84.82424277999996,33.923689128000035],[-84.81348098199999,33.92447255900004],[-84.80271898599995,33.92525504900004],[-84.79195679399999,33.92603659900004],[-84.78119440599994,33.926817208000045],[-84.77043182099999,33.92759687700004],[-84.75966903999995,33.92837560400005],[-84.74890606399998,33.92915339100006],[-84.73814289199998,33.929930237000065],[-84.72737952499995,33.930706142000076],[-84.71661596199993,33.931481107000025],[-84.70585220499999,33.932255130000044],[-84.69508825299994,33.93302821200007],[-84.68432410599996,33.93380035400003],[-84.67355976599998,33.93457155400006],[-84.66279523099996,33.935341813000036],[-84.65203050299993,33.936111131000075],[-84.64126558099997,33.93687950800006],[-84.63050046599994,33.93764694300006],[-84.61973515799997,33.938413437000065],[-84.60896965699999,33.93917899000007],[-84.59820396399994,33.93994360200003],[-84.58743807799993,33.940707271000065],[-84.576672,33.94147]],[[-84.026608,33.654235],[-84.03620897199994,33.65035703500007],[-84.04580908199995,33.646478322000064],[-84.05540833199996,33.64259886100007],[-84.06500671999999,33.63871865300007],[-84.07460424799996,33.63483769700008],[-84.08420091399995,33.63095599400003],[-84.09379671899995,33.62707354400004],[-84.10339166399996,33.62319034800004],[-84.11298574699998,33.61930640400004],[-84.12257896999995,33.615421714000036],[-84.13217133199998,33.61153627700003],[-84.14176283299997,33.607650095000054],[-84.15135347399996,33.60376316600008],[-84.16094325299997,33.599875491000034],[-84.17053217199998,33.595987071000025],[-84.18012023099999,33.59209790500006],[-84.18970742899995,33.58820799400007],[-84.19929376599998,33.58431733800006],[-84.20887924299996,33.58042593700003],[-84.21846385899994,33.57653379100003],[-84.22804761499998,33.57264090000007],[-84.23763051099996,33.56874726500007],[-84.24721254599996,33.56485288600004],[-84.25679372099995,33.56095776300003],[-84.26637403599995,33.55706189500006],[-84.27595348999995,33.553165284000045],[-84.28553208499994,33.54926793000004],[-84.29510981899995,33.54536983200006],[-84.30468669299995,33.54147099000005],[-84.31426270699995,33.53757140600004],[-84.32383786099996,33.533671079000044],[-84.33341215499996,33.52977000900006],[-84.34298558899997,33.52586819700008],[-84.35255816299997,33.521965642000055],[-84.36212987799996,33.51806234500003],[-84.37170073199997,33.51415830600007],[-84.38127072699996,33.51025352600004],[-84.39083986199995,33.50634800300003],[-84.40040813799999,33.50244173900006],[-84.40997555299998,33.49853473400003],[-84.41954210999995,33.49462698800005],[-84.429107806,33.49071850100006],[-84.43867264299996,33.48680927300006],[-84.44823662099998,33.48289930400006],[-84.45779973899994,33.47898859500003],[-84.46736199799994,33.47507714600005],[-84.47692339699995,33.47116495600005],[-84.48648393699995,33.46725202700003],[-84.49604361799999,33.463338358000044],[-84.50560243999996,33.45942394900004],[-84.51516040199994,33.455508801000065],[-84.52471750599994,33.45159291400006],[-84.53427374999995,33.447676288000025],[-84.54382913499995,33.443758923000075],[-84.55338366199999,33.43984081900004],[-84.56293732899996,33.43592197700008],[-84.57249013699999,33.43200239600003],[-84.582042087,33.428082077000056],[-84.59159317699994,33.42416102000004],[-84.60114340899997,33.420239226000035],[-84.61069278199994,33.416316693000056],[-84.62024129699995,33.41239342400007],[-84.62978895299995,33.40846941700005],[-84.63933574999999,33.40454467300003],[-84.64888168799996,33.40061919100003],[-84.65842676799997,33.396692974000075],[-84.66797098999996,33.39276601900008],[-84.67751435299994,33.38883832800008],[-84.68705685799995,33.38490990100007],[-84.69659850499994,33.38098073800006],[-84.70613929299998,33.37705083900005],[-84.71567922299994,33.37312020400003],[-84.72521829399994,33.369188834000056],[-84.73475650799998,33.36525672800008],[-84.74429386299994,33.361323887000026],[-84.75383036099998,33.357390311000074],[-84.763366,33.353456]],[[-84.28416,33.260868],[-84.28331160299996,33.26983462000004],[-84.28246303199995,33.27880122200003],[-84.28161428699997,33.287767805000044],[-84.28076536999998,33.296734369000035],[-84.27991627799997,33.305700914000056],[-84.27906701199998,33.31466744000005],[-84.27821757299995,33.323633948000065],[-84.27736795999994,33.33260043700005],[-84.27651817199995,33.34156690700007],[-84.27566820999994,33.35053335900005],[-84.27481807499998,33.359499791000076],[-84.27396776399996,33.36846620500006],[-84.27311727899996,33.37743260000008],[-84.27226661999998,33.386398977000056],[-84.27141578599998,33.395365334000076],[-84.27056477699995,33.40433167300006],[-84.26971359399994,33.41329799300007],[-84.26886223499997,33.42226429400006],[-84.26801070099998,33.431230576000075],[-84.26715899299995,33.440196839000066],[-84.26630710899997,33.44916308400008],[-84.26545504899997,33.45812930900007],[-84.26460281499999,33.46709551600003],[-84.26375040399995,33.476061704000074],[-84.26289781799994,33.485027873000035],[-84.26204505699997,33.49399402300003],[-84.26119211899999,33.50296015500004],[-84.26033900599998,33.511926267000035],[-84.25948571699996,33.52089236100005],[-84.25863225099994,33.52985843600004],[-84.25777860999995,33.53882449200006],[-84.25692479199995,33.54779052900005],[-84.25607079799994,33.55675654700008],[-84.25521662699998,33.565722546000075],[-84.25436227999995,33.574688526000045],[-84.25350775599998,33.583654488000036],[-84.25265305499994,33.59262043000007],[-84.25179817699996,33.60158635400006],[-84.25094312299996,33.61055225800004],[-84.25008789099996,33.61951814400004],[-84.24923248199997,33.62848401100007],[-84.24837689599997,33.63744985900007],[-84.24752113299996,33.64641568800005],[-84.24666519199997,33.655381498000054],[-84.24580907399996,33.664347289000034],[-84.24495277799997,33.673313061000044],[-84.24409630399998,33.68227881400003],[-84.24323965199994,33.69124454800004],[-84.24238282299996,33.70021026300003],[-84.24152581499999,33.70917595900005],[-84.24066862899997,33.71814163600004],[-84.23981126499996,33.727107294000064],[-84.23895372299995,33.73607293400005],[-84.23809600299995,33.745038554000075],[-84.23723810299998,33.754004155000075],[-84.23638002599995,33.76296973700005],[-84.23552176899994,33.77193530100004],[-84.23466333399995,33.780900845000076],[-84.23380471999997,33.78986637000003],[-84.23294592699995,33.798831876000065],[-84.23208695399995,33.80779736300008],[-84.23122780299997,33.81676283100006],[-84.23036847199995,33.82572828000008],[-84.22950896199995,33.83469371000007],[-84.22864927199998,33.84365912100003],[-84.22778940299997,33.85262451300002],[-84.22692935399994,33.86158988600005],[-84.22606912499998,33.870555240000044],[-84.22520871699999,33.879520574000026],[-84.22434812799997,33.88848589000003],[-84.22348735999998,33.89745118600007],[-84.22262641099996,33.906416464000074],[-84.22176528199998,33.91538172200006],[-84.22090397199997,33.924346961000026],[-84.22004248199994,33.933312182000066],[-84.219180812,33.94227738300003],[-84.21831896099997,33.95124256500003],[-84.21745692899998,33.96020772700007],[-84.21659471599997,33.96917287100007],[-84.21573232199995,33.978137996000044],[-84.21486974699997,33.98710310100006],[-84.21400699099996,33.99606818800004],[-84.21314405399994,34.00503325500006],[-84.21228093499997,34.01399830300005],[-84.21141763499998,34.022963332000074],[-84.21055415299998,34.031928341000025],[-84.20969048999996,34.04089333200005],[-84.20882664499999,34.049858303000065],[-84.20796261799995,34.05882325600004],[-84.20709840899997,34.067788189000055],[-84.20623401799998,34.076753103000044],[-84.20536944499997,34.085717997000074],[-84.20450468899998,34.09468287300007],[-84.20363975199996,34.103647729000045],[-84.20277463199994,34.11261256600005],[-84.20190932899999,34.121577384000034],[-84.20104384299998,34.130542183000045],[-84.20017817499996,34.13950696300003],[-84.19931232399995,34.14847172300006],[-84.19844628999994,34.15743646400006],[-84.19758007299998,34.16640118600003],[-84.19671367299998,34.175365889000034],[-84.19584708899998,34.18433057200008],[-84.19498032299998,34.19329523600004],[-84.19411337199995,34.20225988100003],[-84.19324623899996,34.211224507000054],[-84.19237892099994,34.22018911300006],[-84.19151141999998,34.22915370000004],[-84.19064373499998,34.23811826800005],[-84.18977586599993,34.247082817000035],[-84.18890781299996,34.25604734600006],[-84.18803957499995,34.26501185600006],[-84.18717115399994,34.27397634700003],[-84.18630254799996,34.28294081800004],[-84.18543375699994,34.29190527000003],[-84.18456478199994,34.300869703000046],[-84.18369562299995,34.30983411700004],[-84.18282627799994,34.31879851100007],[-84.18195674899994,34.32776288600007],[-84.18108703499996,34.33672724200005],[-84.18021713599995,34.34569157800007],[-84.17934705099998,34.354655895000064],[-84.17847678199996,34.36362019200004],[-84.17760632599999,34.37258447100004],[-84.17673568599997,34.38154873000008],[-84.17586486,34.39051296900004],[-84.17499384799999,34.39947718900004],[-84.17412264999996,34.408441390000064],[-84.17325126699996,34.417405572000064],[-84.17237969699994,34.42636973400005],[-84.17150794199995,34.43533387700006],[-84.170636,34.444298]],[[-83.733847,33.781557],[-83.74455602999996,33.781359906000034],[-83.75526501199994,33.78116188400003],[-83.76597394299995,33.78096293100003],[-83.77668282499997,33.780763050000076],[-83.787391658,33.78056223900006],[-83.79810043999998,33.78036049900004],[-83.80880917199994,33.780157829000075],[-83.81951785299998,33.77995423100003],[-83.83022648399998,33.77974970300005],[-83.84093506299996,33.77954424500007],[-83.85164359099997,33.779337859000066],[-83.86235206799995,33.779130543000065],[-83.87306049299997,33.778922298000055],[-83.88376886599997,33.778713124000035],[-83.89447718699995,33.77850302000007],[-83.90518545599997,33.778291988000035],[-83.91589367099994,33.778080026000055],[-83.92660183399994,33.777867135000065],[-83.93730994399994,33.777653315000066],[-83.94801800099998,33.77743856600006],[-83.95872600399997,33.77722288800004],[-83.96943395299996,33.77700628000008],[-83.98014184799996,33.776788744000044],[-83.99084968899996,33.776570278000065],[-84.00155747599996,33.77635088300008],[-84.01226520799997,33.77613056000007],[-84.02297288499994,33.77590930700006],[-84.03368050599994,33.77568712500005],[-84.04438807299994,33.77546401400008],[-84.05509558299997,33.775239974000044],[-84.06580303799996,33.77501500500006],[-84.07651043699997,33.77478910700006],[-84.08721777899996,33.774562281000044],[-84.09792506499997,33.77433452500003],[-84.10863229399996,33.77410584000006],[-84.11933946599999,33.77387622600003],[-84.13004658099999,33.77364568300004],[-84.14075363799998,33.773414212000034],[-84.15146063799995,33.77318181100003],[-84.16216757899997,33.77294848200006],[-84.17287446299997,33.772714224000026],[-84.18358128799997,33.77247903700004],[-84.19428805499996,33.77224292100004],[-84.20499476199996,33.77200587600004],[-84.21570141099994,33.77176790200008],[-84.226408,33.771529]],[[-83.712763,33.993196],[-83.72087271899994,33.98724995800006],[-83.72898130799996,33.98130337500004],[-83.73708876799998,33.97535625300003],[-83.74519509999999,33.96940859000006],[-83.75330030199996,33.96346038900003],[-83.76140437599997,33.95751164700005],[-83.76950732299997,33.951562367000065],[-83.77760914099997,33.94561254700005],[-83.78570983299994,33.939662189000046],[-83.79380939699996,33.933711292000055],[-83.80190783399996,33.92775985600008],[-83.81000514499993,33.92180788200005],[-83.81810133,33.91585537000003],[-83.82619638899996,33.90990232100006],[-83.83429032199996,33.90394873300005],[-83.84238312999997,33.89799460800003],[-83.85047481299995,33.89203994600007],[-83.85856537199999,33.88608474700004],[-83.86665480599999,33.880129010000076],[-83.87474311699998,33.87417273700004],[-83.88283030299993,33.86821592800004],[-83.89091636699999,33.86225858200004],[-83.89900130699993,33.85630070000008],[-83.90708512399993,33.85034228200004],[-83.91516781899998,33.84438332800005],[-83.92324939199995,33.83842383900003],[-83.93132984299996,33.83246381400005],[-83.93940917299994,33.826503254000045],[-83.94748738099997,33.82054215900007],[-83.95556446799998,33.81458052900007],[-83.96364043499995,33.80861836500003],[-83.97171528199993,33.80265566600008],[-83.97978900799995,33.79669243300003],[-83.98786161499999,33.790728666000064],[-83.99593310199998,33.78476436500006],[-84.00400347099998,33.77879953100006],[-84.01207271999994,33.77283416300003],[-84.02014085099995,33.76686826100007],[-84.02820786399997,33.760901827000055],[-84.03627375999997,33.75493485900006],[-84.04433853699999,33.74896735900006],[-84.05240219799998,33.742999327000064],[-84.06046474099998,33.737030762000074],[-84.06852616799995,33.73106166500003],[-84.07658647899996,33.725092036000035],[-84.08464567299995,33.71912187500004],[-84.09270375199998,33.71315118200005],[-84.10076071599997,33.70717995900003],[-84.10881656399994,33.70120820400007],[-84.11687129799998,33.69523591800004],[-84.12492491699999,33.68926310100005],[-84.13297742199995,33.68328975400004],[-84.14102881399998,33.67731587600008],[-84.14907909099998,33.67134146800004],[-84.15712825599996,33.66536653000003],[-84.16517630799996,33.659391062000054],[-84.17322324699995,33.65341506400006],[-84.18126907399994,33.64743853700003],[-84.18931378799994,33.64146148100008],[-84.19735739099997,33.63548389500005],[-84.20539988299998,33.629505781000034],[-84.21344126399998,33.62352713800004],[-84.22148153399996,33.617547966000075],[-84.22952069299998,33.61156826600006],[-84.23755874199998,33.605588038000064],[-84.24559568199999,33.59960728200008],[-84.25363151199997,33.59362599800005],[-84.26166623199998,33.587644186000034],[-84.26969984399994,33.58166184700008],[-84.27773234699998,33.57567898100007],[-84.28576374199997,33.56969558800006],[-84.29379402899997,33.56371166800005],[-84.30182320799997,33.55772722200004],[-84.30985127999998,33.55174224900003],[-84.31787824499997,33.54575674900008],[-84.32590410299997,33.53977072400005],[-84.33392885399996,33.53378417300007],[-84.34195249899994,33.52779709600003],[-84.34997503899996,33.521809493000035],[-84.35799647299996,33.51582136500008],[-84.366016802,33.50983271200005],[-84.37403602499995,33.503843534000055],[-84.38205414399994,33.49785383200003],[-84.39007115899994,33.49186360400006],[-84.39808706999997,33.485872853000046],[-84.40610187699997,33.47988157700007],[-84.41411558099998,33.47388977700007],[-84.42212818199994,33.467897454000024],[-84.43013967999997,33.461904606000076],[-84.43815007499995,33.45591123600008],[-84.44615936899999,33.44991734200005],[-84.45416755999997,33.44392292500004],[-84.46217464999995,33.437927985000044],[-84.47018063799999,33.43193252200007],[-84.47818552599995,33.42593653700004],[-84.48618931299995,33.41994003000008],[-84.494192,33.413943]],[[-84.840499,34.237855],[-84.82965693699998,34.23769918000005],[-84.81881491299998,34.23754240200003],[-84.80797293099994,34.237384665000036],[-84.79713098799994,34.237225969000065],[-84.78628908699994,34.23706631500005],[-84.77544722599998,34.23690570200006],[-84.76460540699998,34.236744130000034],[-84.75376362899993,34.23658160000008],[-84.74292189399995,34.236418111000035],[-84.73208019999998,34.23625366400006],[-84.72123854799997,34.23608825800005],[-84.71039693899996,34.23592189300007],[-84.69955537299995,34.23575457000004],[-84.68871384999994,34.235586289000025],[-84.67787236999999,34.235417048000045],[-84.66703093299998,34.23524684900008],[-84.65618954099995,34.235075692000066],[-84.64534819199997,34.23490357600008],[-84.63450688699999,34.23473050200005],[-84.62366562799997,34.23455646900004],[-84.61282441199995,34.234381478000046],[-84.60198324199996,34.234205528000075],[-84.59114211699995,34.23402861900007],[-84.58030103699997,34.23385075300007],[-84.56946000399995,34.233671927000046],[-84.55861901599997,34.233492144000024],[-84.54777807399995,34.23331140200003],[-84.53693717899995,34.23312970100005],[-84.52609632999997,34.232947042000035],[-84.51525552899994,34.23276342500003],[-84.50441477399994,34.23257884900005],[-84.49357406699994,34.232393315000024],[-84.48273340799994,34.23220682200008],[-84.47189279699995,34.232019371000035],[-84.46105223299998,34.23183096200006],[-84.45021171899998,34.23164159500004],[-84.43937125199994,34.23145126900005],[-84.42853083499995,34.231259985000065],[-84.41769046699994,34.23106774200005],[-84.406850148,34.23087454200004],[-84.39600987899996,34.23068038300005],[-84.38516965999997,34.23048526500003],[-84.37432949099997,34.230289190000065],[-84.36348937199995,34.23009215600007],[-84.35264930399995,34.22989416400003],[-84.341809287,34.22969521400006],[-84.33096932099994,34.22949530500006],[-84.32012940599998,34.22929443800007],[-84.30928954299998,34.229092614000024],[-84.29844973099995,34.22888983100006],[-84.28760997199998,34.228686089000064],[-84.27677026499998,34.22848139000007],[-84.26593061099999,34.22827573300003],[-84.25509100899995,34.228069117000075],[-84.24425146099998,34.227861543000074],[-84.23341196599995,34.22765301100003],[-84.22257252399999,34.227443521000055],[-84.21173313599996,34.227233073000036],[-84.20089380299999,34.22702166700003],[-84.19005452299996,34.22680930300004],[-84.17921529799997,34.22659598100006],[-84.16837612799998,34.22638170100004],[-84.15753701299997,34.22616646300003],[-84.14669795299994,34.22595026600004],[-84.13585894899995,34.22573311200006],[-84.12502,34.225515]],[[-85.07974399856306,33.582816275050554],[-85.06988468203814,33.58618613217611],[-85.06002459973091,33.589555201041854],[-85.05016375164139,33.592923482647905],[-85.04030213676947,33.596290976994254],[-85.03043975511513,33.59965768208104],[-85.02057660767832,33.60302359890826],[-85.01071269445895,33.60638872847596],[-85.00084801545705,33.6097530677843],[-84.99098256373802,33.61311661632352],[-84.9811163455016,33.616479374506575],[-84.97124936029745,33.61984134467362],[-84.96138160912543,33.62320252582469],[-84.95151309198563,33.62656291695976],[-84.94164380887798,33.629922520078836],[-84.93177375980252,33.633281333181905],[-84.92190294375919,33.636639356268994],[-84.91203136174806,33.6399965893401],[-84.90215901376904,33.64335303339527],[-84.89228589982211,33.64670868643443],[-84.88241143999994,33.650063991000025],[-84.87253681699997,33.65341805200006],[-84.86266142799997,33.656771322000054],[-84.85278527299994,33.660123801000054],[-84.84290835199994,33.663475489000064],[-84.83303066499997,33.66682638700007],[-84.82315221199997,33.67017649300004],[-84.81327299299994,33.67352580700003],[-84.80339300799994,33.67687433000003],[-84.79351225699997,33.68022206200004],[-84.78363074099997,33.68356900100002],[-84.77374845799994,33.68691514900007],[-84.76386540999994,33.69026050400004],[-84.75398159599996,33.69360506700008],[-84.74409701699994,33.696948837000036],[-84.73421167099997,33.70029181500007],[-84.72432555999995,33.703634],[-84.71443868299997,33.70697539200006],[-84.70455104099995,33.71031599100007],[-84.69466263299995,33.71365579600007],[-84.68477345899998,33.71699480800004],[-84.67488351999998,33.72033302700004],[-84.66499281599994,33.72367045100003],[-84.65510134499993,33.72700708200006],[-84.64520910999994,33.730342918000076],[-84.63531610899997,33.73367796100007],[-84.62542234199998,33.73701220800007],[-84.61552780999995,33.74034566200004],[-84.60563251299999,33.74367832000007],[-84.59573644999995,33.74701018400003],[-84.58583962199998,33.750341252000055],[-84.57594202899998,33.75367152500007],[-84.56604366999994,33.75700100300003],[-84.55614454599998,33.760329685000045],[-84.54624465699999,33.76365757200006],[-84.53634400299995,33.76698466300007],[-84.52644258299995,33.77031095700005],[-84.51654039899995,33.77363645600008],[-84.50663744899998,33.77696115800006],[-84.49673373399997,33.780285064000054],[-84.48682925499998,33.78360817300006],[-84.47692400999995,33.78693048500003],[-84.467018,33.790252]],[[-84.4762,34.243933],[-84.46763304199999,34.23862399200004],[-84.45906715999996,34.233314380000024],[-84.450502353,34.22800416500007],[-84.44193862099996,34.222693348000064],[-84.43337596399994,34.217381929000055],[-84.42481438199997,34.21206990700006],[-84.41625387399995,34.20675728200007],[-84.40769443999994,34.20144405600007],[-84.39913607999995,34.19613022900006],[-84.39057879399996,34.19081579900006],[-84.382022582,34.185500768000054],[-84.37346744199994,34.180185137000024],[-84.36491337599995,34.17486890400005],[-84.35636038299998,34.169552070000066],[-84.34780846199999,34.16423463600006],[-84.33925761299997,34.158916601000044],[-84.33070783699998,34.15359796700005],[-84.32215913199997,34.14827873200005],[-84.31361149999998,34.14295889700003],[-84.30506493799999,34.13763846300003],[-84.29651944799997,34.13231742900007],[-84.28797502899994,34.126995796000074],[-84.27943168099995,34.12167356400005],[-84.27088940299996,34.11635073400004],[-84.26234819499996,34.11102730400006],[-84.25380805799995,34.10570327600004],[-84.24526898999994,34.10037865000004],[-84.23673099199993,34.09505342600005],[-84.22819406399998,34.089727604000075],[-84.21965820399998,34.08440118400006],[-84.21112341399999,34.079074166000055],[-84.20258969199995,34.073746551000056],[-84.19405703899997,34.06841834000005],[-84.18552545399996,34.06308953100006],[-84.17699493699996,34.05776012500007],[-84.16846548699993,34.05243012300008],[-84.15993710599997,34.04709952500008],[-84.15140979099994,34.041768330000025],[-84.14288354399997,34.03643653900008],[-84.13435836399998,34.03110415300006],[-84.12583424999997,34.02577117100003],[-84.11731120299999,34.02043759400004],[-84.10878922099994,34.01510342100005],[-84.10026830599998,34.00976865300004],[-84.09174845699994,34.004433291000055],[-84.08322967299995,33.999097334000055],[-84.07471195399995,33.99376078200004],[-84.06619530099994,33.98842363600005],[-84.05767971199998,33.983085897000024],[-84.04916518799996,33.97774756300004],[-84.04065172799994,33.97240863500008],[-84.03213933199999,33.967069114000026],[-84.023628,33.961729]],[[-84.357686,33.541885],[-84.35235384599997,33.54964706900006],[-84.34702073899996,33.55740889900005],[-84.34168667699998,33.565170489000025],[-84.33635166099998,33.572931839000034],[-84.33101568999996,33.58069295000007],[-84.32567876399997,33.58845382100003],[-84.32034088199998,33.59621445200003],[-84.31500204299994,33.60397484200007],[-84.30966224899998,33.61173499300003],[-84.30432149699999,33.61949490400008],[-84.29897978699995,33.62725457300007],[-84.29363711999997,33.63501400300004],[-84.28829349399996,33.64277319200005],[-84.28294890999996,33.65053214000005],[-84.27760336699998,33.658290847000046],[-84.27225686299994,33.66604931400008],[-84.26690939999997,33.67380753900005],[-84.26156097699999,33.681565523000074],[-84.25621159199994,33.68932326600003],[-84.25086124699999,33.697080767000045],[-84.24550993899999,33.70483802700005],[-84.24015766999997,33.71259504600005],[-84.23480443799997,33.720351822000055],[-84.22945024299997,33.72810835700005],[-84.22409508399994,33.73586465000005],[-84.21873896199997,33.743620701000054],[-84.21338187499998,33.75137651000006],[-84.20802382399995,33.75913207600007],[-84.20266480699996,33.76688740000003],[-84.19730482499995,33.77464248200005],[-84.19194387699997,33.782397321000076],[-84.18658196299998,33.79015191700006],[-84.18121908199998,33.797906271000045],[-84.17585523299994,33.80566038100005],[-84.17049041699994,33.81341424900006],[-84.16512463199996,33.821167873000036],[-84.15975787999997,33.82892125400008],[-84.15439015799996,33.83667439200008],[-84.14902146599997,33.84442728600004],[-84.143651805,33.85217993700007],[-84.13828117399999,33.85993234400007],[-84.13290957199996,33.867684507000035],[-84.12753699899997,33.87543642700007],[-84.12216345399997,33.88318810200008],[-84.11678893699997,33.89093953300005],[-84.11141344799995,33.89869072000005],[-84.10603698599994,33.90644166200008],[-84.10065955099998,33.91419236000007],[-84.09528114199998,33.92194281400003],[-84.08990175899999,33.92969302300003],[-84.08452140099996,33.937442987000054],[-84.07914006799996,33.94519270600006],[-84.07375775999998,33.952942180000036],[-84.06837447599997,33.96069140900005],[-84.06299021599995,33.96844039200005],[-84.05760497899996,33.97618913000008],[-84.05221876499996,33.98393762300003],[-84.04683157299996,33.991685870000026],[-84.04144340299996,33.999433872000054],[-84.03605425499995,34.00718162700008],[-84.03066412799996,34.014929137000024],[-84.02527302199996,34.02267640100007],[-84.01988093499995,34.030423419000044],[-84.01448786899994,34.03817019000007],[-84.00909382199995,34.04591671500003],[-84.00369879399994,34.053662993000046],[-83.99830278399997,34.061409025000046],[-83.99290579299998,34.06915481000004],[-83.98750781899997,34.07690034900003],[-83.98210886199996,34.084645640000076],[-83.976708923,34.092390684000065],[-83.97130799899998,34.10013548200004],[-83.96590609099997,34.107880031000036],[-83.96050319899996,34.115624334000074],[-83.95509932199997,34.12336838900006],[-83.94969445899994,34.13111219700005],[-83.944288611,34.138855756000055],[-83.93888177599996,34.14659906800006],[-83.93347395499995,34.15434213200007],[-83.92806514599994,34.16208494800003],[-83.92265534999996,34.169827516000055],[-83.91724456599997,34.17756983500004],[-83.91183279399996,34.18531190600004],[-83.90642003199997,34.19305372900004],[-83.90100628099998,34.20079530300006],[-83.89559154099999,34.20853662800005],[-83.89017580999996,34.21627770400005],[-83.88475908799995,34.22401853200006],[-83.87934137599996,34.23175911000004],[-83.87392267099995,34.23949943900004],[-83.86850297499996,34.24723951900006],[-83.86308228699994,34.25497934900005],[-83.85766060599997,34.26271893000006],[-83.852237931,34.270458261000044],[-83.84681426299994,34.278197343000045],[-83.84138959999996,34.285936175000074],[-83.83596394299997,34.29367475600003],[-83.83053729099998,34.30141308800006],[-83.82510964399995,34.309151169000074],[-83.819681,34.316889]],[[-84.576672,33.94147],[-84.57033108599995,33.93419040300006],[-84.56399125099995,33.92691047100004],[-84.55765249399997,33.91963020400004],[-84.55131481599994,33.91234960300005],[-84.54497821499996,33.905068666000034],[-84.53864269199994,33.89778739600007],[-84.53230824599996,33.89050579000008],[-84.52597487599996,33.883223851000025],[-84.51964258199996,33.87594157700005],[-84.51331136399995,33.86865897000007],[-84.506981221,33.86137602900004],[-84.50065215199999,33.85409275400008],[-84.49432415799998,33.846809145000066],[-84.48799723799993,33.83952520300005],[-84.48167139199995,33.83224092800003],[-84.47534661799995,33.82495632000007],[-84.46902291699996,33.817671379000046],[-84.46270028799995,33.81038610500008],[-84.45637873099997,33.80310049900004],[-84.45005824499998,33.79581456000005],[-84.44373882999997,33.788528289000055],[-84.43742048599995,33.781241685000055],[-84.43110321099994,33.77395475000003],[-84.42478700699996,33.76666748200006],[-84.41847187099995,33.759379883000065],[-84.41215780399995,33.75209195200006],[-84.40584480599995,33.74480368900004],[-84.39953287499998,33.73751509600004],[-84.39322201199997,33.73022617100003],[-84.38691221599998,33.72293691400006],[-84.38060348599998,33.715647327000056],[-84.37429582299995,33.708357410000076],[-84.36798922499997,33.701067161000026],[-84.36168369299997,33.693776582000055],[-84.35537922499998,33.68648567300005],[-84.34907582299996,33.67919443400007],[-84.34277348399996,33.67190286400006],[-84.33647220899996,33.664610965000065],[-84.33017199699998,33.65731873500005],[-84.32387284699996,33.65002617600004],[-84.31757476099995,33.642733288000045],[-84.31127773599997,33.63544007000007],[-84.30498177199996,33.628146523000055],[-84.29868686999998,33.62085264700005],[-84.29239302799994,33.613558442000055],[-84.28610024699998,33.606263908000074],[-84.27980852499996,33.598969046000036],[-84.27351786299994,33.59167385500007],[-84.26722825999997,33.58437833600004],[-84.26093971499995,33.57708248800003],[-84.25465222799994,33.569786313000066],[-84.24836579899994,33.562489809000056],[-84.24208042799995,33.555192978000036],[-84.23579611299994,33.547895819000075],[-84.22951285399995,33.54059833200006],[-84.22323065199998,33.53330051900008],[-84.21694950499995,33.526002377000054],[-84.21066941299995,33.51870390900007],[-84.20439037599994,33.51140511400007],[-84.19811239399996,33.50410599200006],[-84.19183546499994,33.49680654400004],[-84.18555958999997,33.48950676900006],[-84.17928476699996,33.48220666700007],[-84.17301099799994,33.47490623900006],[-84.16673827999995,33.467605485000036],[-84.16046661399997,33.460304406000034],[-84.154196,33.453003]],[[-84.763366,33.353456],[-84.75301278599994,33.35578457100007],[-84.74265902099995,33.35811227700003],[-84.732304705,33.360439119000034],[-84.72194983699995,33.36276509700008],[-84.71159441899994,33.36509021000006],[-84.70123844999995,33.36741445900003],[-84.69088193099998,33.36973784300005],[-84.68052485999993,33.37206036200007],[-84.67016723999996,33.37438201600003],[-84.65980906899995,33.376702805000036],[-84.64945034799996,33.37902272800005],[-84.63909107699999,33.38134178700005],[-84.62873125599998,33.38365998000006],[-84.61837088599998,33.385977307000076],[-84.60800996499995,33.38829376800004],[-84.59764849599998,33.390609364000056],[-84.58728647699996,33.39292409400008],[-84.57692390799997,33.39523795700006],[-84.56656079099997,33.39755095400005],[-84.55619712399994,33.39986308500005],[-84.54583290899996,33.40217435000005],[-84.53546814499998,33.40448474800007],[-84.52510283199996,33.40679427900005],[-84.514736971,33.40910294400004],[-84.50437056199996,33.411410742000044],[-84.49400360399994,33.413717672000075],[-84.48363609799998,33.41602373500007],[-84.47326804499994,33.418328931000076],[-84.46289944299997,33.420633260000045],[-84.45253029399998,33.42293672100004],[-84.44216059699994,33.425239315000056],[-84.43179035299994,33.42754104000005],[-84.42141956099994,33.42984189800006],[-84.41104822299997,33.43214188800005],[-84.40067633699994,33.43444100900007],[-84.39030390399995,33.43673926300005],[-84.37993092499994,33.43903664800007],[-84.36955739799998,33.44133316400007],[-84.35918332599994,33.44362881200004],[-84.34880870699999,33.44592359100005],[-84.33843354099997,33.448217502000034],[-84.32805782999998,33.450510543000064],[-84.31768157199997,33.452802715000075],[-84.30730476899998,33.45509401800007],[-84.29692741999997,33.45738445200004],[-84.28654952499994,33.459674016000065],[-84.27617108499999,33.46196271000008],[-84.26579209899995,33.464250535000076],[-84.25541256799994,33.466537490000064],[-84.24503249199995,33.468823575000044],[-84.23465187099998,33.47110879000007],[-84.22427070599997,33.47339313500004],[-84.213888995,33.47567661000005],[-84.20350673999997,33.477959214000066],[-84.19312394099995,33.48024094800007],[-84.18274059699996,33.482521811000026],[-84.17235670899998,33.48480180300004],[-84.16197227699996,33.487080924000054],[-84.15158730099995,33.48935917400007],[-84.14120178199994,33.491636553000035],[-84.13081571799995,33.49391306100006],[-84.12042911199995,33.496188698000026],[-84.11004196099998,33.498463463000064],[-84.09965426799994,33.50073735600006],[-84.08926603199995,33.50301037700007],[-84.07887725199998,33.50528252700008],[-84.06848792999995,33.50755380500004],[-84.05809806499997,33.50982421100008],[-84.04770765699999,33.512093744000026],[-84.03731670699995,33.51436240500004],[-84.02692521499995,33.51663019400007],[-84.01653317999995,33.51889711000007],[-84.00614060299995,33.52116315300003],[-83.99574748499998,33.523428324000065],[-83.98535382499995,33.525692622000065],[-83.97495962299996,33.52795604600004],[-83.96456487899997,33.53021859800003],[-83.95416959399995,33.53248027600006],[-83.94377376799997,33.53474108100005],[-83.93337740099997,33.537001012000076],[-83.92298049299995,33.53926006900008],[-83.91258304399997,33.54151825300005],[-83.90218505399997,33.543775563000054],[-83.89178652399994,33.546031999000036],[-83.88138745299995,33.54828756100005],[-83.87098784199998,33.550542248000056],[-83.86058769099998,33.55279606100004],[-83.850187,33.555049]],[[-84.170636,34.444298],[-84.17869260599997,34.43830070200005],[-84.18674805999996,34.43230286800008],[-84.19480236399994,34.42630449700005],[-84.20285551699999,34.420305590000055],[-84.21090751899999,34.41430614600006],[-84.21895837199997,34.408306167000035],[-84.22700807499996,34.40230565300004],[-84.23505662899998,34.39630460300003],[-84.24310403399994,34.390303017000065],[-84.25115029099999,34.38430089700006],[-84.25919539899996,34.37829824200003],[-84.26723935899997,34.37229505200003],[-84.27528217099996,34.366291327000056],[-84.28332383699995,34.36028706800005],[-84.29136435499998,34.35428227600005],[-84.29940372599998,34.348276949000024],[-84.30744195099999,34.342271088000075],[-84.31547902999995,34.33626469400008],[-84.32351496299998,34.330257767000035],[-84.33154975099995,34.32425030600007],[-84.33958339299994,34.31824231300004],[-84.34761589099998,34.312233787000025],[-84.35564724399995,34.306224728000075],[-84.36367745399997,34.300215137000066],[-84.37170651899999,34.29420501300007],[-84.37973444099998,34.288194358000055],[-84.38776121899997,34.28218317100004],[-84.39578685499998,34.27617145200003],[-84.40381134799998,34.27015920200006],[-84.41183469999999,34.26414642100008],[-84.41985690899998,34.25813310900003],[-84.427877976,34.25211926600008],[-84.43589790199997,34.24610489200006],[-84.44391668799994,34.24008998700003],[-84.45193433199995,34.23407455300003],[-84.45995083699995,34.22805858800007],[-84.46796620099997,34.222042094000074],[-84.47598042599998,34.21602507000006],[-84.48399351099994,34.210007516000076],[-84.49200545799994,34.20398943300006],[-84.50001626499994,34.19797082100007],[-84.50802593499998,34.191951680000045],[-84.51603446599995,34.185932011000034],[-84.52404185899996,34.17991181200006],[-84.53204811499995,34.173891086000026],[-84.54005323399997,34.167869831000075],[-84.54805721599996,34.16184804900007],[-84.55606006199997,34.15582573800003],[-84.56406177199995,34.149802900000054],[-84.57206234499995,34.14377953500008],[-84.58006178299996,34.13775564200006],[-84.58806008599998,34.13173122300003],[-84.59605725399996,34.125706276000074],[-84.60405328799999,34.11968080300005],[-84.61204818699997,34.11365480400008],[-84.62004195299994,34.10762827800005],[-84.62803458399998,34.10160122600007],[-84.636026083,34.09557364800003],[-84.64401644899993,34.08954554500008],[-84.65200568099993,34.083516916000065],[-84.65999378199996,34.07748776200003],[-84.66798075099996,34.07145808300004],[-84.67596658799994,34.065427879000026],[-84.68395129299995,34.05939715000005],[-84.69193486799998,34.05336589700005],[-84.69991731199997,34.04733411900003],[-84.70789862499998,34.04130181700003],[-84.71587880799996,34.035268991000066],[-84.72385786199999,34.02923564200006],[-84.73183578599998,34.023201769000025],[-84.73981258099997,34.017167372000074],[-84.74778824699996,34.01113245200003],[-84.75576278499994,34.00509701000004],[-84.76373619399999,33.99906104400003],[-84.77170847599996,33.99302455600008],[-84.77967962999998,33.986987545000034],[-84.78764965699997,33.98095001200005],[-84.79561855699995,33.974911957000074],[-84.80358633099996,33.96887338000005],[-84.81155297799995,33.962834282000074],[-84.81951849899997,33.95679466200005],[-84.82748289499995,33.95075452000003],[-84.83544616499995,33.94471385800006],[-84.84340831099996,33.93867267400003],[-84.85136933099994,33.93263097000005],[-84.85932922799998,33.92658874500006],[-84.867288,33.920546]],[[-84.226408,33.771529],[-84.21770973899999,33.76643603500003],[-84.20901250599997,33.761342452000065],[-84.20031630299997,33.756248253000024],[-84.19162112799995,33.75115343700003],[-84.18292698199997,33.746058004000076],[-84.17423386399997,33.740961955000046],[-84.16554177399996,33.73586529000005],[-84.15685071199994,33.73076800800004],[-84.14816067799995,33.725670111000056],[-84.13947167099997,33.72057159900004],[-84.13078369199997,33.715472471000055],[-84.12209673899997,33.71037272800004],[-84.11341081399996,33.705272369000056],[-84.10472591599995,33.70017139600003],[-84.09604204399994,33.69506980800003],[-84.08735919799994,33.68996760600004],[-84.07867737899994,33.68486478900007],[-84.06999658499996,33.679761359000054],[-84.06131681699998,33.67465731400006],[-84.05263807499995,33.669552656000064],[-84.04396035799994,33.66444738400003],[-84.03528366699999,33.65934149800006],[-84.026608,33.654235]],[[-84.767927,33.701821],[-84.76067042799997,33.695253784000045],[-84.75341496099998,33.68868613500007],[-84.74616059699997,33.68211805300007],[-84.73890733599995,33.67554953800004],[-84.73165517799998,33.668980591000036],[-84.72440412299994,33.66241121100006],[-84.71715416999996,33.65584139900005],[-84.70990531799998,33.649271155000065],[-84.70265756799995,33.64270047900004],[-84.69541091899998,33.63612937100004],[-84.68816537099997,33.629557832000046],[-84.68092092299997,33.622985861000075],[-84.67367757499994,33.61641345900006],[-84.66643532699999,33.60984062600005],[-84.65919417799995,33.603267362000054],[-84.65195412799994,33.59669366700007],[-84.64471517599998,33.590119541000035],[-84.63747732199994,33.58354498600005],[-84.63024056599994,33.57696999900003],[-84.62300490699994,33.57039458300005],[-84.61577034599998,33.56381873700008],[-84.60853688099996,33.557242461000044],[-84.60130451199996,33.55066575600006],[-84.59407323899995,33.54408862100007],[-84.58684306199996,33.537511057000074],[-84.57961397899999,33.53093306400007],[-84.57238599199997,33.52435464300004],[-84.56515909899997,33.517775792000066],[-84.55793329999995,33.51119651300007],[-84.55070859499995,33.50461680500007],[-84.54348498299998,33.498036669000044],[-84.53626246399995,33.491456106000044],[-84.52904103699996,33.48487511400003],[-84.52182070299995,33.47829369400006],[-84.51460146099998,33.47171184700005],[-84.50738330999997,33.46512957300007],[-84.50016624999995,33.45854687100007],[-84.49295028099993,33.45196374300008],[-84.48573540199999,33.44538018700007],[-84.47852161299994,33.438796205000074],[-84.47130891399996,33.43221179600005],[-84.46409730399995,33.425626961000034],[-84.45688678399995,33.41904170000004],[-84.44967735099993,33.41245601300005],[-84.44246900699994,33.40586989900004],[-84.43526175099998,33.39928336000003],[-84.42805558199996,33.392696396000076],[-84.42085049999997,33.38610900600003],[-84.41364650499997,33.37952119100004],[-84.40644359599997,33.37293295100005],[-84.39924177299997,33.36634428600007],[-84.39204103599997,33.35975519600004],[-84.38484138399997,33.35316568200005],[-84.37764281599993,33.34657574300007],[-84.37044533399995,33.339985381000076],[-84.36324893499994,33.333394594000026],[-84.35605361999995,33.326803383000026],[-84.34885938899998,33.320211749000066],[-84.34166624099998,33.31361969100004],[-84.33447417499997,33.30702721000006],[-84.32728319199998,33.30043430500007],[-84.32009328999999,33.29384097700006],[-84.31290447099997,33.28724722700008],[-84.30571673199995,33.28065305400003],[-84.29853007399998,33.27405845800007],[-84.29134449699995,33.26746344000003],[-84.28416,33.260868]],[[-84.494192,33.413943],[-84.48495829899997,33.41845427100003],[-84.47572364299998,33.422964852000064],[-84.46648803199997,33.427474741000026],[-84.45725146599995,33.431983940000066],[-84.44801394499996,33.436492448000024],[-84.43877546799996,33.441000264000024],[-84.42953603599994,33.44550738800007],[-84.42029564799998,33.45001382100003],[-84.41105430499994,33.45451956200003],[-84.40181200499995,33.459024611000075],[-84.39256874999995,33.46352896700006],[-84.38332453799995,33.46803263100003],[-84.37407936999995,33.47253560200005],[-84.36483324599999,33.47703788100006],[-84.35558616499998,33.48153946600007],[-84.34633812799996,33.486040358000025],[-84.33708913399994,33.49054055600004],[-84.32783918399997,33.495040061000054],[-84.31858827599996,33.49953887200007],[-84.30933641199994,33.50403698900004],[-84.30008358999999,33.508534412000074],[-84.29082981099998,33.513031141000056],[-84.28157507499998,33.517527175000055],[-84.27231938099999,33.52202251400007],[-84.26306272999994,33.52651715800005],[-84.25380511999998,33.53101110700004],[-84.24454655299996,33.53550436100005],[-84.23528702899995,33.53999691900003],[-84.22602654599996,33.54448878100004],[-84.216765104,33.54897994800007],[-84.20750270499997,33.553470419000064],[-84.19823934699997,33.55796019300004],[-84.18897503099998,33.56244927100005],[-84.17970975599997,33.566937652000036],[-84.17044352199997,33.57142533600006],[-84.16117632999999,33.57591232300007],[-84.15190817799999,33.58039861300006],[-84.14263906799994,33.58488420600003],[-84.13336899799998,33.589369101000045],[-84.124097969,33.593853299000045],[-84.11482597999998,33.59833679800005],[-84.10555303199999,33.60281959900004],[-84.09627912399998,33.60730170200003],[-84.087004257,33.611783107000065],[-84.07772842999998,33.61626381200006],[-84.06845164199996,33.62074381900004],[-84.05917389499996,33.62522312700003],[-84.04989518699995,33.629701735000026],[-84.04061551899997,33.63417964400003],[-84.03133489099997,33.63865685300004],[-84.02205330199996,33.64313336300006],[-84.01277075199994,33.647609172000045],[-84.00348724199995,33.65208428100004],[-83.99420276999996,33.656558690000054],[-83.98491733799995,33.66103239800003],[-83.97563094499998,33.66550540500003],[-83.96634358999995,33.66997771200005],[-83.95705527399997,33.67444931700004],[-83.94776599699998,33.678920221000055],[-83.93847575799998,33.68339042300005],[-83.92918455699999,33.687859924000065],[-83.91989239399999,33.69232872200007],[-83.91059926999998,33.69679681900004],[-83.90130518399997,33.70126421300006],[-83.89201013499996,33.70573090500005],[-83.88271412499995,33.710196894000035],[-83.87341715199994,33.71466218000006],[-83.86411921599995,33.71912676300008],[-83.85482031799995,33.72359064300008],[-83.84552045699996,33.728053819000024],[-83.83621963399997,33.73251629200007],[-83.82691784699995,33.73697806100006],[-83.81761509799998,33.741439126000046],[-83.80831138599996,33.74589948700003],[-83.79900670999996,33.75035914400007],[-83.78970107099997,33.754818095000076],[-83.78039446799994,33.75927634300007],[-83.77108690199998,33.76373388500008],[-83.76177837199998,33.76819072200004],[-83.75246887899993,33.772646853000026],[-83.74315842099998,33.777102280000065],[-83.733847,33.781557]],[[-84.12502,34.225515],[-84.11603389399994,34.220479426000054],[-84.10704885599995,34.21544319000003],[-84.09806488899994,34.21040629100003],[-84.08908198999995,34.20536873000003],[-84.08010015899998,34.200330508000036],[-84.07111939799995,34.19529162400005],[-84.06213970499994,34.19025207800007],[-84.05316107999994,34.185211871000035],[-84.04418352299996,34.180171003000055],[-84.03520703399994,34.17512947400007],[-84.02623161199995,34.17008728500008],[-84.01725725799997,34.16504443500003],[-84.00828397199996,34.16000092500008],[-83.99931175199998,34.15495675400007],[-83.99034059899998,34.14991192400004],[-83.98137051299994,34.14486643500004],[-83.97240149399994,34.13982028500004],[-83.96343353999998,34.13477347700007],[-83.95446665299994,34.12972601000007],[-83.94550083199994,34.12467788300006],[-83.93653607699997,34.119629098000075],[-83.92757238699994,34.11457965500006],[-83.91860976199996,34.10952955300007],[-83.90964820299996,34.104478794000045],[-83.90068770899995,34.09942737600005],[-83.89172827899995,34.09437530100007],[-83.88276991399994,34.08932256800006],[-83.87381261399997,34.084269178000056],[-83.86485637699997,34.07921513100007],[-83.85590120499995,34.07416042800003],[-83.84694709699994,34.069105067000066],[-83.83799405199994,34.06404905000005],[-83.82904206999996,34.05899237700004],[-83.82009115199997,34.05393504800003],[-83.81114129699995,34.04887706300008],[-83.80219250499994,34.04381842300006],[-83.79324477599994,34.03875912700005],[-83.78429810899996,34.03369917500004],[-83.77535250399995,34.028638569000066],[-83.76640796199996,34.02357730800003],[-83.75746448099994,34.01851539200004],[-83.74852206199995,34.01345282200003],[-83.73958070499998,34.008389597000075],[-83.73064040899999,34.00332571800004],[-83.72170117399997,33.998261186000036],[-83.712763,33.993196]],[[-84.467018,33.790252],[-84.47310916099997,33.79759912000003],[-84.47920136299996,33.80494593100008],[-84.48529460599997,33.81229243200005],[-84.49138889099999,33.81963862400005],[-84.49748421899994,33.82698450500004],[-84.50358058799998,33.83433007600007],[-84.50967800099994,33.84167533800007],[-84.51577645799995,33.84902028800008],[-84.52187595799995,33.85636492900005],[-84.52797650199994,33.86370925800003],[-84.53407809099997,33.871053277000044],[-84.54018072599996,33.87839698500005],[-84.54628440499994,33.88574038200005],[-84.55238913099998,33.89308346800004],[-84.55849490399999,33.90042624200004],[-84.56460172299995,33.907768705000024],[-84.57070958899999,33.91511085700006],[-84.57681850299997,33.92245269600005],[-84.58292846499995,33.929794224000034],[-84.58903947599998,33.93713544000008],[-84.59515153599995,33.944476344000066],[-84.60126464499996,33.95181693600006],[-84.60737880399995,33.95915721500006],[-84.61349401299998,33.96649718200007],[-84.61961027299998,33.97383683600003],[-84.62572758399995,33.981176177000066],[-84.63184594699999,33.988515205000056],[-84.63796536099994,33.99585392000006],[-84.64408582799996,34.003192322000075],[-84.65020734799998,34.01053041100005],[-84.65632992099995,34.017868186000044],[-84.66245354799997,34.02520564800005],[-84.668578229,34.03254279600003],[-84.67470396399995,34.03987963000003],[-84.68083075399994,34.047216150000054],[-84.68695859999997,34.054552356000045],[-84.69308750099998,34.06188824700007],[-84.69921745899995,34.06922382400006],[-84.70534847299996,34.07655908700008],[-84.71148054499997,34.08389403500007],[-84.71761367399995,34.09122866800004],[-84.72374786099994,34.09856298600005],[-84.72988310599999,34.10589698800004],[-84.73601941099997,34.11323067600006],[-84.74215677399997,34.12056404800006],[-84.74829519699995,34.127897105000045],[-84.75443468099996,34.13522984600007],[-84.76057522399998,34.14256227100003],[-84.76671682899996,34.149894381000024],[-84.77285949499998,34.15722617400007],[-84.77900322299996,34.16455765100005],[-84.78514801399996,34.17188881200008],[-84.79129386699998,34.17921965600004],[-84.79744078299996,34.186550184000055],[-84.80358876299994,34.193880395000065],[-84.80973780599999,34.20121028900007],[-84.81588791499996,34.208539865000034],[-84.82203908799994,34.21586912500004],[-84.82819132599997,34.223198068000045],[-84.83434462999998,34.23052669300006],[-84.840499,34.237855]],[[-84.023628,33.961729],[-84.03354127199998,33.958229868000046],[-84.04345373099994,33.954729936000035],[-84.05336537999995,33.951229203000025],[-84.06327621599996,33.94772767100005],[-84.07318624099997,33.944225338000024],[-84.08309545299994,33.94072220700008],[-84.09300385399996,33.93721827500008],[-84.10291144399997,33.933713545000046],[-84.11281822099994,33.93020801500006],[-84.12272418699996,33.92670168600006],[-84.13262933999994,33.923194559000024],[-84.14253368199996,33.919686633000026],[-84.15243721199994,33.916177909000055],[-84.16233993099996,33.912668386000064],[-84.17224183699994,33.90915806500004],[-84.18214293099999,33.90564694700004],[-84.19204321399997,33.90213503000007],[-84.20194268499995,33.89862231600006],[-84.21184134299995,33.89510880500006],[-84.22173918999994,33.89159449600004],[-84.23163622499999,33.88807939000003],[-84.24153244799999,33.884563488000026],[-84.25142785899999,33.88104678800005],[-84.26132245799994,33.87752929200008],[-84.27121624499995,33.874011],[-84.28110921999996,33.870491912000034],[-84.29100138299998,33.86697202700003],[-84.30089273399994,33.86345134600003],[-84.31078327299997,33.85992987000003],[-84.320673,33.85640759800003],[-84.33056191499998,33.85288453100003],[-84.34045001799996,33.84936066900008],[-84.35033730899994,33.845836011000074],[-84.36022378799998,33.842310559000055],[-84.37010945499998,33.83878431200003],[-84.37999430999997,33.83525727000006],[-84.38987835299997,33.83172943400007],[-84.39976158299999,33.82820080400006],[-84.40964400199994,33.82467138000004],[-84.41952560799996,33.82114116200006],[-84.42940640299997,33.817610150000064],[-84.43928638499995,33.81407834500004],[-84.44916555499998,33.81054574700005],[-84.45904391299996,33.80701235500004],[-84.46892145899994,33.80347817000006],[-84.47879819199994,33.79994319200006],[-84.48867411399993,33.79640742200007],[-84.49854922299994,33.79287085900006],[-84.50842352099994,33.78933350400007],[-84.51829700599995,33.78579535700004],[-84.52816967899997,33.78225641700004],[-84.53804153899995,33.77871668600005],[-84.54791258799997,33.775176163000026],[-84.55778282399996,33.771634849000066],[-84.56765224899993,33.76809274400006],[-84.57752086099998,33.76454984700007],[-84.58738865999999,33.76100615900003],[-84.59725564799999,33.75746168000006],[-84.60712182299994,33.753916411000034],[-84.61698718599996,33.75037035100007],[-84.62685173699998,33.74682350100005],[-84.63671547599995,33.74327586100003],[-84.64657840199999,33.73972743100006],[-84.65644051699996,33.73617821100004],[-84.66630181899995,33.73262820100007],[-84.67616230799996,33.72907740200003],[-84.68602198599996,33.72552581400004],[-84.69588085099997,33.72197343700003],[-84.70573890399999,33.718420270000024],[-84.71559614499995,33.71486631500005],[-84.72545257299998,33.71131157100007],[-84.73530818899997,33.70775603900006],[-84.74516299299995,33.70419971800004],[-84.75501698499994,33.700642610000045],[-84.76487016399994,33.69708471300004],[-84.77472253099995,33.693526029000054],[-84.78457408599996,33.68996655700005],[-84.794424828,33.686406297000076],[-84.80427475799996,33.68284525100006],[-84.81412387599994,33.67928341700008],[-84.82397218099999,33.675720796000064],[-84.83381967499997,33.67215738900006],[-84.84366635499998,33.66859319500003],[-84.85351222399999,33.665028214000074],[-84.86335727999995,33.661462447000076],[-84.87320152399997,33.657895895000024],[-84.88304495599994,33.65432855600005],[-84.89288817905675,33.650759977176115],[-84.90273000892128,33.64719105515912],[-84.91257102681989,33.64362134812525],[-84.92241123175258,33.640050855074406],[-84.93225062471934,33.636479577006625],[-84.94208920572021,33.632907514921904],[-84.95192697375514,33.6293346668202],[-84.96176392982422,33.62576103470159],[-84.97160007392736,33.622186618566026],[-84.98143540606462,33.61861141841355],[-84.99126992523603,33.61503543324407],[-85.00110363072096,33.611458664621715],[-85.01093651964433,33.60788110738813],[-85.02076859579815,33.604302767879545],[-85.03059985918243,33.60072364309594],[-85.04043031179731,33.597143736037225],[-85.05025995164272,33.59356304570341],[-85.06008877971878,33.589981571094405],[-85.06991679502556,33.58639931421011],[-85.07974399856306,33.582816275050554]],[[-83.819681,34.316889],[-83.83045268799998,34.31572138400003],[-83.84122407799998,34.31455282100006],[-83.85199516999995,34.31338331000006],[-83.86276596199997,34.31221285200007],[-83.87353645499996,34.311041447000036],[-83.88430664899994,34.30986909400008],[-83.89507654399995,34.30869579400007],[-83.90584613899995,34.30752154800007],[-83.91661543399994,34.30634635400003],[-83.92738442899997,34.30517021300005],[-83.93815312299995,34.30399312600008],[-83.94892151699997,34.30281509100007],[-83.95968960999994,34.30163611000006],[-83.97045740099998,34.30045618200006],[-83.98122489199994,34.29927530800006],[-83.99199208099998,34.298093487000074],[-84.00275896899996,34.29691072000003],[-84.01352555399995,34.29572700600005],[-84.02429183699996,34.29454234600007],[-84.03505781799998,34.293356740000036],[-84.04582349699996,34.29217018700007],[-84.05658887199996,34.29098268900003],[-84.06735394499998,34.28979424400006],[-84.07811871399997,34.28860485300004],[-84.08888317999998,34.28741451700006],[-84.09964734199997,34.28622323400003],[-84.11041119999999,34.285031006000054],[-84.12117475399998,34.283837832000074],[-84.13193800399995,34.28264371300003],[-84.14270094899996,34.28144864700005],[-84.15346358999994,34.280252637000046],[-84.16422592499998,34.279055681000045],[-84.17498795599994,34.277857779000044],[-84.18574967999996,34.27665893300008],[-84.19651109999995,34.275459141000056],[-84.20727221299995,34.27425840400008],[-84.21803301999995,34.273056721000046],[-84.22879352099994,34.27185409400005],[-84.23955371499994,34.27065052200004],[-84.25031360299994,34.26944600500008],[-84.26107318399994,34.26824054300005],[-84.27183245699996,34.26703413600006],[-84.28259142299999,34.26582678500006],[-84.29335008199996,34.26461848900004],[-84.30410843199996,34.26340924800007],[-84.31486647499997,34.26219906400007],[-84.32562420899995,34.26098793400007],[-84.33638163499995,34.25977586100004],[-84.34713875199998,34.25856284300005],[-84.35789555999997,34.25734888000005],[-84.36865205899994,34.25613397400008],[-84.37940824899994,34.25491812400003],[-84.39016412899997,34.25370133000007],[-84.40091969999997,34.25248359100004],[-84.41167495999997,34.25126490900004],[-84.42242990999995,34.25004528300008],[-84.43318454999996,34.24882471400008],[-84.44393887899997,34.24760320100006],[-84.45469289699997,34.24638074400008],[-84.46544660399996,34.24515734400006],[-84.4762,34.243933]],[[-84.154196,33.453003],[-84.16343652499995,33.457050362000075],[-84.17267790899996,33.461097033000044],[-84.18192015199998,33.465143013000045],[-84.19116325399995,33.46918830000004],[-84.20040721399994,33.47323289600007],[-84.20965203299994,33.47727680000003],[-84.21889771099995,33.48132001100004],[-84.22814424799998,33.48536253000003],[-84.23739164399996,33.48940435700007],[-84.24663989999993,33.493445491000045],[-84.255889014,33.497485932000075],[-84.265138988,33.50152567900005],[-84.27438982099994,33.505564734000075],[-84.28364151399995,33.509603095000045],[-84.29289406599997,33.51364076200008],[-84.30214747699995,33.51767773600005],[-84.31140174799998,33.52171401600003],[-84.32065687899996,33.525749602000076],[-84.32991286999999,33.52978449300008],[-84.33916971999997,33.53381869000003],[-84.34842742999996,33.53785219200006],[-84.357686,33.541885]],[[-83.850187,33.555049],[-83.85922792199995,33.559905696000044],[-83.86826985699997,33.564761728000065],[-83.87731280299994,33.56961709600006],[-83.88635676199993,33.57447179900004],[-83.89540173399996,33.579325837000056],[-83.90444771799997,33.58417921000006],[-83.91349471499996,33.589031919000035],[-83.92254272499997,33.59388396200006],[-83.93159174799996,33.59873533900003],[-83.94064178499997,33.603586051000036],[-83.94969283499995,33.60843609700004],[-83.95874489899995,33.61328547700003],[-83.96779797599999,33.618134190000035],[-83.97685206799997,33.62298223700003],[-83.98590717299999,33.62782961800008],[-83.99496329299996,33.63267633100003],[-84.00402042699994,33.63752237800003],[-84.01307857599994,33.642367757000045],[-84.02213773999995,33.64721246900007],[-84.03119791899996,33.65205651300005],[-84.040259113,33.656899889000044],[-84.04932132199997,33.661742598000046],[-84.05838454599996,33.666584638000074],[-84.06744878599994,33.67142600900007],[-84.07651404199999,33.67626671200003],[-84.08558031399997,33.68110674700006],[-84.09464760099996,33.68594611200007],[-84.10371590499994,33.690784808000046],[-84.11278522599997,33.69562283400006],[-84.12185556199995,33.70046019100005],[-84.13092691599996,33.70529687900006],[-84.13999928599998,33.71013289600006],[-84.14907267399997,33.714968243000044],[-84.15814707799996,33.71980292000006],[-84.16722249999998,33.72463692600007],[-84.17629893999998,33.729470261000074],[-84.18537639699997,33.734302926000055],[-84.19445487199994,33.73913491900004],[-84.20353436499994,33.74396624100007],[-84.21261487599998,33.74879689100004],[-84.22169640499999,33.75362687000006],[-84.23077895299997,33.75845617700003],[-84.23986251899998,33.76328481100006],[-84.24894710399997,33.76811277400003],[-84.25803270799997,33.77294006400007],[-84.26711933099995,33.77776668100006],[-84.276206974,33.78259262500006],[-84.28529563499995,33.78741789600008],[-84.29438531699998,33.79224249400005],[-84.30347601799997,33.79706641800004],[-84.31256773899997,33.80188966900005],[-84.32166047999993,33.80671224500003],[-84.33075424099997,33.81153414800008],[-84.33984902199995,33.81635537600005],[-84.34894482399994,33.82117593000004],[-84.35804164699994,33.82599580900006],[-84.36713948999994,33.83081501400005],[-84.37623835499994,33.83563354300003],[-84.38533823999995,33.84045139700004],[-84.39443914699996,33.845268576000024],[-84.40354107599995,33.85008507800006],[-84.41264402599995,33.85490090600007],[-84.42174799699995,33.85971605700007],[-84.43085299099994,33.86453053100007],[-84.43995900699997,33.86934433000005],[-84.44906604499994,33.87415745200008],[-84.45817410499996,33.87896989600006],[-84.46728318799995,33.883781664000026],[-84.476393294,33.88859275500005],[-84.48550442199996,33.89340316800008],[-84.49461657399996,33.89821290400005],[-84.50372974899994,33.903021962000025],[-84.51284394699996,33.90783034200007],[-84.52195916799997,33.91263804300007],[-84.53107541399999,33.917445067000074],[-84.54019268299999,33.92225141100005],[-84.54931097599996,33.92705707700003],[-84.55843029299996,33.93186206400003],[-84.56755063399999,33.93666637200005],[-84.576672,33.94147]],[[-84.867288,33.920546],[-84.86565368299995,33.91168629500004],[-84.86401970499998,33.902826556000036],[-84.86238606499995,33.893966782000064],[-84.86075276199995,33.88510697400005],[-84.85911979699995,33.87624713200006],[-84.85748716899997,33.86738725500004],[-84.85585487899993,33.85852734400004],[-84.85422292599998,33.849667398000065],[-84.85259130999998,33.840807418000054],[-84.85096002999995,33.83194740400006],[-84.84932908699994,33.82308735500004],[-84.84769848099995,33.81422727300003],[-84.84606820999994,33.805367155000056],[-84.84443827599995,33.796507004000034],[-84.84280867699994,33.78764681800004],[-84.84117941399995,33.77878659800007],[-84.83955048699994,33.769926344000055],[-84.83792189499997,33.76106605500007],[-84.83629363799997,33.75220573200005],[-84.83466571599996,33.74334537500005],[-84.83303812799994,33.73448498400006],[-84.83141087499996,33.72562455900004],[-84.82978395699996,33.716764099000045],[-84.82815737299995,33.70790360600006],[-84.82653112199995,33.699043078000045],[-84.82490520599998,33.69018251600005],[-84.82327962299996,33.68132192000007],[-84.821654374,33.67246129000006],[-84.82002945799996,33.66360062500007],[-84.81840487499994,33.65473992700004],[-84.81678062499998,33.64587919500008],[-84.81515670799996,33.63701842800003],[-84.81353312399995,33.628157628000054],[-84.81190987199994,33.619296793000046],[-84.81028695199996,33.61043592500005],[-84.80866436399998,33.60157502200008],[-84.80704210799996,33.59271408600006],[-84.80542018399996,33.58385311500007],[-84.80379859099997,33.57499211100003],[-84.80217732999995,33.566131072000076],[-84.80055639999995,33.55727],[-84.79893580099997,33.54840889400003],[-84.79731553199997,33.53954775400007],[-84.79569559499998,33.530686580000065],[-84.79407598699999,33.52182537200002],[-84.79245670999995,33.51296413000006],[-84.79083776299996,33.50410285400005],[-84.78921914599994,33.495241545000056],[-84.78760085899995,33.48638020100003],[-84.78598290099995,33.47751882400007],[-84.78436527299993,33.468657413000074],[-84.78274797399996,33.45979596800004],[-84.78113100399997,33.450934490000066],[-84.77951436299998,33.442072977000066],[-84.77789804999998,33.433211431000075],[-84.77628206699995,33.424349852000034],[-84.77466641099994,33.41548823800008],[-84.77305108299998,33.40662659100008],[-84.77143608399996,33.397764910000035],[-84.76982141199994,33.38890319500007],[-84.76820706799998,33.38004144700005],[-84.76659305199996,33.37117966500006],[-84.76497936199996,33.36231784900008],[-84.763366,33.353456]],[[-84.026608,33.654235],[-84.02821156599998,33.663113606000024],[-84.02981546099994,33.67199217900003],[-84.03141968599994,33.68087071800005],[-84.03302424099996,33.689749224000025],[-84.03462912599997,33.698627696000074],[-84.03623434099995,33.70750613400003],[-84.03783988599997,33.716384539000046],[-84.03944576199996,33.725262910000026],[-84.04105196799998,33.734141247000025],[-84.04265850599995,33.74301955100003],[-84.04426537399996,33.75189782100006],[-84.04587257399999,33.760776057000044],[-84.04748010499998,33.76965426000004],[-84.04908796799998,33.77853242900005],[-84.05069616299994,33.78741056400003],[-84.05230468999997,33.79628866500008],[-84.05391354799997,33.80516673300008],[-84.05552273999996,33.81404476700004],[-84.05713226299997,33.82292276700008],[-84.05874211999998,33.83180073300008],[-84.06035230899994,33.84067866500004],[-84.06196283099996,33.84955656300008],[-84.06357368599998,33.858434428000066],[-84.06518487499994,33.86731225900007],[-84.06679639799995,33.87619005600004],[-84.06840825399996,33.88506781900003],[-84.07002044399997,33.89394554800003],[-84.07163296799996,33.90282324300006],[-84.07324582699994,33.91170090400004],[-84.07485901999996,33.920578532000036],[-84.07647254799997,33.92945612500006],[-84.07808640999997,33.93833368500003],[-84.07970060799994,33.947211210000034],[-84.08131514099995,33.956088701000056],[-84.08293000899994,33.96496615900003],[-84.08454521299996,33.97384358200003],[-84.08616075199996,33.98272097200004],[-84.08777662799997,33.99159832700008],[-84.08939283999996,34.00047564800008],[-84.09100938699999,34.00935293500004],[-84.09262627199996,34.018230189000064],[-84.09424349299996,34.02710740800006],[-84.09586105099999,34.035984592000034],[-84.09747894499998,34.04486174300007],[-84.09909717799997,34.05373886000007],[-84.10071574699998,34.062615942000036],[-84.10233465399995,34.07149299100007],[-84.10395389899998,34.08037000500008],[-84.10557348199995,34.089246985000045],[-84.10719340199995,34.09812393100003],[-84.10881366199999,34.10700084200005],[-84.11043425899999,34.11587772000007],[-84.11205519499998,34.12475456300007],[-84.11367646999997,34.133631372000025],[-84.11529808499995,34.14250814600007],[-84.11692003799999,34.15138488700006],[-84.11854233099996,34.16026159300003],[-84.12016496299998,34.169138264000026],[-84.12178793499999,34.17801490200003],[-84.12341124699998,34.18689150500006],[-84.12503489899996,34.19576807300007],[-84.12665889199997,34.204644608000024],[-84.12828322499996,34.213521108000066],[-84.12990789799994,34.22239757300002],[-84.13153291299994,34.231274005000046],[-84.13315826799999,34.24015040100005],[-84.13478396499994,34.249026764000064],[-84.13641000299998,34.25790309200005],[-84.13803638299999,34.26677938500006],[-84.13966310499995,34.27565564400004],[-84.14129016799995,34.284531869000034],[-84.14291757399997,34.29340805900006],[-84.14454532199994,34.30228421400005],[-84.14617341299999,34.31116033500007],[-84.14780184599994,34.320036422000044],[-84.14943062199995,34.32891247400005],[-84.15105974099998,34.337788491000026],[-84.15268920399996,34.34666447400008],[-84.15431900999994,34.35554042200005],[-84.15594915899999,34.36441633600003],[-84.15757965299997,34.37329221500005],[-84.15921048999996,34.38216805900004],[-84.16084167199995,34.39104386900004],[-84.16247319799999,34.39991964400008],[-84.16410506799997,34.408795385000076],[-84.16573728399999,34.417671091000045],[-84.16736984399995,34.426546762000044],[-84.16900274899996,34.43542239800007],[-84.170636,34.444298]],[[-84.28416,33.260868],[-84.28315262599995,33.26982755900008],[-84.28214504699997,33.27878709600003],[-84.28113726199996,33.287746613000024],[-84.28012926999997,33.29670610800002],[-84.27912107299994,33.305665583000064],[-84.27811266899994,33.31462503600005],[-84.27710405999994,33.323584468000035],[-84.27609524299999,33.33254387900007],[-84.27508621999993,33.34150326900004],[-84.27407699099996,33.35046263700008],[-84.27306755399997,33.35942198500004],[-84.272057911,33.368381311000064],[-84.27104806099999,33.377340616000026],[-84.27003800399996,33.38629990100003],[-84.26902773899997,33.39525916300005],[-84.26801726699995,33.40421840500005],[-84.26700658799996,33.41317762600005],[-84.26599570099995,33.42213682500005],[-84.26498460599998,33.43109600300005],[-84.263973304,33.44005516000004],[-84.26296179399998,33.44901429500004],[-84.26195007499996,33.45797341000008],[-84.26093814899997,33.466932503000066],[-84.25992601399997,33.47589157500005],[-84.25891367099996,33.484850626000025],[-84.25790111999999,33.493809655000064],[-84.25688835999995,33.50276866400003],[-84.25587539099996,33.51172765100006],[-84.25486221299997,33.520686616000035],[-84.25384882699996,33.52964556100005],[-84.25283523099995,33.538604484000075],[-84.25182142599994,33.547563386000036],[-84.25080741199997,33.55652226700005],[-84.24979318899994,33.565481126000066],[-84.24877875599998,33.57443996400008],[-84.24776411399995,33.58339878100003],[-84.24674926199998,33.59235757600004],[-84.24573419999996,33.60131635000005],[-84.24471892799994,33.61027510300005],[-84.24370344599998,33.619233835000045],[-84.24268775299998,33.62819254500005],[-84.24167185099998,33.637151234000044],[-84.24065573799999,33.646109901000045],[-84.23963941499994,33.65506854700004],[-84.23862287999998,33.66402717200003],[-84.23760613599995,33.67298577500003],[-84.23658917999995,33.68194435700008],[-84.23557201299997,33.69090291800006],[-84.23455463599998,33.699861457000054],[-84.23353704699997,33.70881997500004],[-84.23251924599998,33.71777847100003],[-84.23150123399995,33.726736946000074],[-84.230483011,33.735695400000054],[-84.22946457599994,33.74465383200004],[-84.22844592899997,33.75361224300008],[-84.22742707099997,33.76257063200006],[-84.226408,33.771529]],[[-83.733847,33.781557],[-83.74451721499997,33.78077920100003],[-83.75518723799996,33.78000047900008],[-83.76585706699996,33.77922083500005],[-83.77652670199996,33.778440268000054],[-83.78719614399995,33.777658778000045],[-83.79786539299994,33.77687636600007],[-83.80853444699994,33.77609303100007],[-83.81920330599996,33.77530877400005],[-83.82987197099999,33.77452359500006],[-83.84054044199996,33.773737493000056],[-83.85120871699996,33.77295046900008],[-83.86187679699998,33.77216252300008],[-83.87254468199995,33.77137365400006],[-83.88321237099996,33.77058386400006],[-83.89387986399998,33.769793151000044],[-83.90454716099998,33.76900151600006],[-83.91521426199995,33.76820895900005],[-83.92588116699994,33.76741548000007],[-83.93654787399998,33.76662107900006],[-83.94721438499994,33.76582575600003],[-83.95788069799994,33.76502951200007],[-83.96854681399998,33.76423234500004],[-83.97921273299994,33.76343425700003],[-83.98987845299996,33.76263524700005],[-84.00054397599996,33.76183531500004],[-84.01120929999996,33.761034462000055],[-84.02187442599995,33.76023268700004],[-84.03253935299995,33.75942999100005],[-84.04320408099994,33.75862637300003],[-84.05386860999994,33.75782183300004],[-84.06453293999994,33.757016373000056],[-84.07519706999994,33.75620999000006],[-84.085861,33.75540268700007],[-84.09652472999994,33.75459446200006],[-84.10718826099998,33.75378531600006],[-84.11785158999999,33.75297524900003],[-84.12851471899995,33.752164261000075],[-84.13917764699994,33.75135235100004],[-84.14984037399995,33.750539521000064],[-84.16050289899994,33.749725769000065],[-84.17116522399994,33.748911097000075],[-84.18182734599998,33.74809550300006],[-84.19248926599994,33.74727898900005],[-84.203150984,33.746461554000064],[-84.21381249999996,33.74564319800004],[-84.22447381299997,33.744823921000034],[-84.23513492299998,33.74400372400004],[-84.24579582999996,33.74318260600006],[-84.25645653399994,33.74236056800004],[-84.26711703399997,33.741537608000044],[-84.27777733099998,33.74071372900005],[-84.28843742399994,33.739888929000074],[-84.29909731199996,33.73906320800006],[-84.30975699599998,33.73823656700006],[-84.32041647599993,33.737409006000064],[-84.33107575099996,33.73658052500008],[-84.34173481999994,33.73575112300006],[-84.35239368499998,33.734920801000044],[-84.36305234399998,33.73408955900004],[-84.37371079699994,33.733257397000045],[-84.38436904499997,33.73242431500006],[-84.39502708599997,33.73159031300003],[-84.40568492099999,33.73075539100006],[-84.41634254899998,33.729919549000044],[-84.42699997099999,33.72908278700004],[-84.43765718599997,33.72824510500004],[-84.44831419299999,33.727406504000044],[-84.45897099299998,33.726566982000065],[-84.46962758599994,33.72572654100003],[-84.48028397099995,33.72488518100005],[-84.49094014699995,33.724042901000075],[-84.50159611599997,33.723199701000055],[-84.51225187499995,33.722355582000034],[-84.52290742599996,33.72151054400007],[-84.53356276899996,33.720664586000055],[-84.54421790199996,33.71981770800005],[-84.55487282499996,33.718969912000034],[-84.56552753899996,33.71812119600003],[-84.57618204399995,33.717271561000075],[-84.58683633799996,33.716421007000065],[-84.59749042199996,33.715569533000064],[-84.60814429599998,33.71471714100005],[-84.61879795899995,33.71386383000004],[-84.62945141099993,33.71300959900003],[-84.64010465199993,33.71215445000007],[-84.65075768099996,33.71129838200005],[-84.66141049899994,33.71044139500003],[-84.67206310599994,33.70958348900007],[-84.68271549999997,33.708724665000034],[-84.69336768299996,33.707864921000066],[-84.70401965299999,33.707004260000076],[-84.71467140999994,33.70614267900004],[-84.72532295399998,33.705280180000045],[-84.73597428599999,33.70441676300004],[-84.74662540399999,33.703552427000034],[-84.75727630899996,33.70268717300007],[-84.767927,33.701821]],[[-84.32359969899994,34.34421164200006],[-84.33208701299998,34.33864564100003],[-84.34057320499994,34.333079045000034]]],"bbox":[-85.07974399856306,33.260868,-83.712763,34.444298]}
