{
"type": "FeatureCollection",
"name": "county_desirelines",
"crs": { "type": "name", "properties": { "name": "urn:ogc:def:crs:OGC:1.3:CRS84" } },
"features": [
{ "type": "Feature", "properties": { "direction": "OtoD", "ORIG_FIPS": 13015.0, "DEST_FIPS": 13013.0, "origin_county": "BARTOW", "destination_county": "BARROW" }, "geometry": { "type": "LineString", "coordinates": [ [ -84.72647442384708, 34.219208966550624 ], [ -83.824244023847086, 34.02352336655062 ] ] } },
{ "type": "Feature", "properties": { "direction": "OtoD", "ORIG_FIPS": 13085.0, "DEST_FIPS": 13217.0, "origin_county": "DAWSON", "destination_county": "NEWTON" }, "geometry": { "type": "LineString", "coordinates": [ [ -84.132860018386225, 34.357377946548866 ], [ -83.876579218386226, 33.645973146548869 ] ] } },
{ "type": "Feature", "properties": { "direction": "OtoD", "ORIG_FIPS": 13139.0, "DEST_FIPS": 13045.0, "origin_county": "HALL", "destination_county": "CARROLL" }, "geometry": { "type": "LineString", "coordinates": [ [ -83.942749965526019, 34.238211824350614 ], [ -84.950782765526014, 33.650998224350609 ] ] } },
{ "type": "Feature", "properties": { "direction": "OtoD", "ORIG_FIPS": 13139.0, "DEST_FIPS": 13077.0, "origin_county": "HALL", "destination_county": "COWETA" }, "geometry": { "type": "LineString", "coordinates": [ [ -83.909836373255828, 34.21626440199995 ], [ -84.664690773255828, 33.445582801999947 ] ] } },
{ "type": "Feature", "properties": { "direction": "OtoD", "ORIG_FIPS": 13139.0, "DEST_FIPS": 13255.0, "origin_county": "HALL", "destination_county": "SPALDING" }, "geometry": { "type": "LineString", "coordinates": [ [ -83.860713622019233, 34.208791249838633 ], [ -84.232232822019242, 33.364061649838632 ] ] } },
{ "type": "Feature", "properties": { "direction": "OtoD", "ORIG_FIPS": 13217.0, "DEST_FIPS": 13085.0, "origin_county": "NEWTON", "destination_county": "DAWSON" }, "geometry": { "type": "LineString", "coordinates": [ [ -83.887868981613778, 33.641906053451137 ], [ -84.144149781613777, 34.353310853451134 ] ] } },
{ "type": "Feature", "properties": { "direction": "OtoD", "ORIG_FIPS": 13255.0, "DEST_FIPS": 13013.0, "origin_county": "SPALDING", "destination_county": "BARROW" }, "geometry": { "type": "LineString", "coordinates": [ [ -84.231752512505125, 33.337808389758308 ], [ -83.774610112505115, 33.923658789758306 ] ] } },
{ "type": "Feature", "properties": { "direction": "OtoD", "ORIG_FIPS": 13297.0, "DEST_FIPS": 13015.0, "origin_county": "WALTON", "destination_county": "BARTOW" }, "geometry": { "type": "LineString", "coordinates": [ [ -83.846789121274043, 33.821623129504104 ], [ -84.73214272127403, 34.186632729504105 ] ] } },
{ "type": "Feature", "properties": { "direction": "OtoD", "ORIG_FIPS": 13013.0, "DEST_FIPS": 13015.0, "origin_county": "BARROW", "destination_county": "BARTOW" }, "geometry": { "type": "LineString", "coordinates": [ [ -83.826787576152924, 34.011796033449372 ], [ -84.729017976152917, 34.207481633449376 ] ] } },
{ "type": "Feature", "properties": { "direction": "OtoD", "ORIG_FIPS": 13013.0, "DEST_FIPS": 13045.0, "origin_county": "BARROW", "destination_county": "CARROLL" }, "geometry": { "type": "LineString", "coordinates": [ [ -83.847718767336559, 33.946410586018096 ], [ -84.941374767336555, 33.618076186018101 ] ] } },
{ "type": "Feature", "properties": { "direction": "OtoD", "ORIG_FIPS": 13013.0, "DEST_FIPS": 13255.0, "origin_county": "BARROW", "destination_county": "SPALDING" }, "geometry": { "type": "LineString", "coordinates": [ [ -83.765149487494881, 33.916276610241695 ], [ -84.22229188749489, 33.330426210241697 ] ] } },
{ "type": "Feature", "properties": { "direction": "OtoD", "ORIG_FIPS": 13015.0, "DEST_FIPS": 13297.0, "origin_county": "BARTOW", "destination_county": "WALTON" }, "geometry": { "type": "LineString", "coordinates": [ [ -84.727568878725961, 34.197726870495892 ], [ -83.842215278725973, 33.832717270495891 ] ] } },
{ "type": "Feature", "properties": { "direction": "OtoD", "ORIG_FIPS": 13045.0, "DEST_FIPS": 13297.0, "origin_county": "CARROLL", "destination_county": "WALTON" }, "geometry": { "type": "LineString", "coordinates": [ [ -84.946086127742987, 33.608592929630944 ], [ -83.869306927742997, 33.767603329630944 ] ] } },
{ "type": "Feature", "properties": { "direction": "OtoD", "ORIG_FIPS": 13113.0, "DEST_FIPS": 13013.0, "origin_county": "FAYETTE", "destination_county": "BARROW" }, "geometry": { "type": "LineString", "coordinates": [ [ -84.419598999048986, 33.476649884290048 ], [ -83.79445339904899, 33.940089084290051 ] ] } },
{ "type": "Feature", "properties": { "direction": "OtoD", "ORIG_FIPS": 13217.0, "DEST_FIPS": 13015.0, "origin_county": "NEWTON", "destination_county": "BARTOW" }, "geometry": { "type": "LineString", "coordinates": [ [ -83.952628327253223, 33.618353460950551 ], [ -84.744897127253225, 34.164587060950552 ] ] } },
{ "type": "Feature", "properties": { "direction": "OtoD", "ORIG_FIPS": 13223.0, "DEST_FIPS": 13297.0, "origin_county": "PAULDING", "destination_county": "WALTON" }, "geometry": { "type": "LineString", "coordinates": [ [ -84.75323403159824, 33.912556217712364 ], [ -83.846450831598233, 33.801394617712361 ] ] } },
{ "type": "Feature", "properties": { "direction": "OtoD", "ORIG_FIPS": 13255.0, "DEST_FIPS": 13057.0, "origin_county": "SPALDING", "destination_county": "CHEROKEE" }, "geometry": { "type": "LineString", "coordinates": [ [ -84.309260745900289, 33.358036413427413 ], [ -84.462917545900282, 34.144444413427415 ] ] } },
{ "type": "Feature", "properties": { "direction": "OtoD", "ORIG_FIPS": 13297.0, "DEST_FIPS": 13045.0, "origin_county": "WALTON", "destination_county": "CARROLL" }, "geometry": { "type": "LineString", "coordinates": [ [ -83.86755387225702, 33.755732070369049 ], [ -84.94433307225701, 33.59672167036905 ] ] } },
{ "type": "Feature", "properties": { "direction": "OtoD", "ORIG_FIPS": 13013.0, "DEST_FIPS": 13223.0, "origin_county": "BARROW", "destination_county": "PAULDING" }, "geometry": { "type": "LineString", "coordinates": [ [ -83.827817429885854, 33.979940560211297 ], [ -84.751477429885838, 33.921778160211304 ] ] } },
{ "type": "Feature", "properties": { "direction": "OtoD", "ORIG_FIPS": 13077.0, "DEST_FIPS": 13297.0, "origin_county": "COWETA", "destination_county": "WALTON" }, "geometry": { "type": "LineString", "coordinates": [ [ -84.662687644931808, 33.401795904627996 ], [ -83.839086844931813, 33.744274304627993 ] ] } },
{ "type": "Feature", "properties": { "direction": "OtoD", "ORIG_FIPS": 13117.0, "DEST_FIPS": 13255.0, "origin_county": "FORSYTH", "destination_county": "SPALDING" }, "geometry": { "type": "LineString", "coordinates": [ [ -84.135051390044325, 34.128049535907117 ], [ -84.262334590044333, 33.35636953590712 ] ] } },
{ "type": "Feature", "properties": { "direction": "OtoD", "ORIG_FIPS": 13013.0, "DEST_FIPS": 13113.0, "origin_county": "BARROW", "destination_county": "FAYETTE" }, "geometry": { "type": "LineString", "coordinates": [ [ -83.787307000951017, 33.930449115709948 ], [ -84.412452600951013, 33.467009915709944 ] ] } },
{ "type": "Feature", "properties": { "direction": "OtoD", "ORIG_FIPS": 13085.0, "DEST_FIPS": 13223.0, "origin_county": "DAWSON", "destination_county": "PAULDING" }, "geometry": { "type": "LineString", "coordinates": [ [ -84.236611937863131, 34.387096551113217 ], [ -84.794029537863125, 33.968077351113209 ] ] } },
{ "type": "Feature", "properties": { "direction": "OtoD", "ORIG_FIPS": 13139.0, "DEST_FIPS": 13113.0, "origin_county": "HALL", "destination_county": "FAYETTE" }, "geometry": { "type": "LineString", "coordinates": [ [ -83.882399229153151, 34.222917647135411 ], [ -84.421921629153147, 33.500599247135412 ] ] } },
{ "type": "Feature", "properties": { "direction": "OtoD", "ORIG_FIPS": 13255.0, "DEST_FIPS": 13117.0, "origin_county": "SPALDING", "destination_county": "FORSYTH" }, "geometry": { "type": "LineString", "coordinates": [ [ -84.274174609955679, 33.358322464092879 ], [ -84.146891409955671, 34.130002464092875 ] ] } },
{ "type": "Feature", "properties": { "direction": "OtoD", "ORIG_FIPS": 13063.0, "DEST_FIPS": 13085.0, "origin_county": "CLAYTON", "destination_county": "DAWSON" }, "geometry": { "type": "LineString", "coordinates": [ [ -84.344844601944573, 33.633297739916181 ], [ -84.19512940194457, 34.355244939916183 ] ] } },
{ "type": "Feature", "properties": { "direction": "OtoD", "ORIG_FIPS": 13139.0, "DEST_FIPS": 13223.0, "origin_county": "HALL", "destination_county": "PAULDING" }, "geometry": { "type": "LineString", "coordinates": [ [ -83.922397560254424, 34.27155596409375 ], [ -84.760434360254422, 33.954514364093747 ] ] } },
{ "type": "Feature", "properties": { "direction": "OtoD", "ORIG_FIPS": 13223.0, "DEST_FIPS": 13085.0, "origin_county": "PAULDING", "destination_county": "DAWSON" }, "geometry": { "type": "LineString", "coordinates": [ [ -84.80124006213687, 33.977669448886786 ], [ -84.243822462136876, 34.396688648886794 ] ] } },
{ "type": "Feature", "properties": { "direction": "OtoD", "ORIG_FIPS": 13223.0, "DEST_FIPS": 13139.0, "origin_county": "PAULDING", "destination_county": "HALL" }, "geometry": { "type": "LineString", "coordinates": [ [ -84.764680439745561, 33.965738035906249 ], [ -83.926643639745564, 34.282779635906252 ] ] } },
{ "type": "Feature", "properties": { "direction": "OtoD", "ORIG_FIPS": 13297.0, "DEST_FIPS": 13077.0, "origin_county": "WALTON", "destination_county": "COWETA" }, "geometry": { "type": "LineString", "coordinates": [ [ -83.834479355068197, 33.733194095371999 ], [ -84.658080155068191, 33.390715695372002 ] ] } },
{ "type": "Feature", "properties": { "direction": "OtoD", "ORIG_FIPS": 13015.0, "DEST_FIPS": 13151.0, "origin_county": "BARTOW", "destination_county": "HENRY" }, "geometry": { "type": "LineString", "coordinates": [ [ -84.767373359835034, 34.163272393024727 ], [ -84.218292559835021, 33.535405193024729 ] ] } },
{ "type": "Feature", "properties": { "direction": "OtoD", "ORIG_FIPS": 13097.0, "DEST_FIPS": 13139.0, "origin_county": "DOUGLAS", "destination_county": "HALL" }, "geometry": { "type": "LineString", "coordinates": [ [ -84.676422577281812, 33.768345442424646 ], [ -83.917852177281816, 34.260333442424646 ] ] } },
{ "type": "Feature", "properties": { "direction": "OtoD", "ORIG_FIPS": 13113.0, "DEST_FIPS": 13139.0, "origin_county": "FAYETTE", "destination_county": "HALL" }, "geometry": { "type": "LineString", "coordinates": [ [ -84.43153577084685, 33.507780352864586 ], [ -83.892013370846854, 34.230098752864585 ] ] } },
{ "type": "Feature", "properties": { "direction": "OtoD", "ORIG_FIPS": 13139.0, "DEST_FIPS": 13097.0, "origin_county": "HALL", "destination_county": "DOUGLAS" }, "geometry": { "type": "LineString", "coordinates": [ [ -83.911322422718172, 34.250265557575354 ], [ -84.669892822718168, 33.758277557575354 ] ] } },
{ "type": "Feature", "properties": { "direction": "OtoD", "ORIG_FIPS": 13015.0, "DEST_FIPS": 13113.0, "origin_county": "BARTOW", "destination_county": "FAYETTE" }, "geometry": { "type": "LineString", "coordinates": [ [ -84.800358263800319, 34.157740595118824 ], [ -84.523273463800322, 33.498615795118823 ] ] } },
{ "type": "Feature", "properties": { "direction": "OtoD", "ORIG_FIPS": 13057.0, "DEST_FIPS": 13255.0, "origin_county": "CHEROKEE", "destination_county": "SPALDING" }, "geometry": { "type": "LineString", "coordinates": [ [ -84.451140254099712, 34.146745586572585 ], [ -84.297483454099719, 33.360337586572584 ] ] } },
{ "type": "Feature", "properties": { "direction": "OtoD", "ORIG_FIPS": 13085.0, "DEST_FIPS": 13063.0, "origin_county": "DAWSON", "destination_county": "CLAYTON" }, "geometry": { "type": "LineString", "coordinates": [ [ -84.18337939805545, 34.352808260083826 ], [ -84.333094598055453, 33.630861060083824 ] ] } },
{ "type": "Feature", "properties": { "direction": "OtoD", "ORIG_FIPS": 13097.0, "DEST_FIPS": 13085.0, "origin_county": "DOUGLAS", "destination_county": "DAWSON" }, "geometry": { "type": "LineString", "coordinates": [ [ -84.712909626268384, 33.779820189620629 ], [ -84.234958426268392, 34.373785789620634 ] ] } },
{ "type": "Feature", "properties": { "direction": "OtoD", "ORIG_FIPS": 13015.0, "DEST_FIPS": 13247.0, "origin_county": "BARTOW", "destination_county": "ROCKDALE" }, "geometry": { "type": "LineString", "coordinates": [ [ -84.75564131847635, 34.184322393872129 ], [ -84.104542918476355, 33.717445593872135 ] ] } },
{ "type": "Feature", "properties": { "direction": "OtoD", "ORIG_FIPS": 13097.0, "DEST_FIPS": 13013.0, "origin_county": "DOUGLAS", "destination_county": "BARROW" }, "geometry": { "type": "LineString", "coordinates": [ [ -84.664051824269592, 33.736735155436087 ], [ -83.819858224269609, 33.969843955436083 ] ] } },
{ "type": "Feature", "properties": { "direction": "OtoD", "ORIG_FIPS": 13113.0, "DEST_FIPS": 13015.0, "origin_county": "FAYETTE", "destination_county": "BARTOW" }, "geometry": { "type": "LineString", "coordinates": [ [ -84.534335736199679, 33.493965404881166 ], [ -84.811420536199677, 34.153090204881167 ] ] } },
{ "type": "Feature", "properties": { "direction": "OtoD", "ORIG_FIPS": 13247.0, "DEST_FIPS": 13015.0, "origin_county": "ROCKDALE", "destination_county": "BARTOW" }, "geometry": { "type": "LineString", "coordinates": [ [ -84.111535681523648, 33.707693606127869 ], [ -84.762634081523643, 34.174570406127863 ] ] } },
{ "type": "Feature", "properties": { "direction": "OtoD", "ORIG_FIPS": 13015.0, "DEST_FIPS": 13077.0, "origin_county": "BARTOW", "destination_county": "COWETA" }, "geometry": { "type": "LineString", "coordinates": [ [ -84.826828626025701, 34.149891723908077 ], [ -84.765075826025708, 33.442403723908079 ] ] } },
{ "type": "Feature", "properties": { "direction": "OtoD", "ORIG_FIPS": 13045.0, "DEST_FIPS": 13247.0, "origin_county": "CARROLL", "destination_county": "ROCKDALE" }, "geometry": { "type": "LineString", "coordinates": [ [ -84.974897510181222, 33.595910147216138 ], [ -84.132373510181225, 33.653053347216144 ] ] } },
{ "type": "Feature", "properties": { "direction": "OtoD", "ORIG_FIPS": 13151.0, "DEST_FIPS": 13015.0, "origin_county": "HENRY", "destination_county": "BARTOW" }, "geometry": { "type": "LineString", "coordinates": [ [ -84.227325640164963, 33.527505606975268 ], [ -84.776406440164976, 34.155372806975265 ] ] } },
{ "type": "Feature", "properties": { "direction": "OtoD", "ORIG_FIPS": 13223.0, "DEST_FIPS": 13217.0, "origin_county": "PAULDING", "destination_county": "NEWTON" }, "geometry": { "type": "LineString", "coordinates": [ [ -84.76357073664623, 33.889594330590469 ], [ -83.949872336646237, 33.597208730590467 ] ] } },
{ "type": "Feature", "properties": { "direction": "OtoD", "ORIG_FIPS": 13077.0, "DEST_FIPS": 13015.0, "origin_county": "COWETA", "destination_county": "BARTOW" }, "geometry": { "type": "LineString", "coordinates": [ [ -84.777030373974299, 33.44136027609192 ], [ -84.838783173974292, 34.148848276091918 ] ] } },
{ "type": "Feature", "properties": { "direction": "OtoD", "ORIG_FIPS": 13085.0, "DEST_FIPS": 13097.0, "origin_county": "DAWSON", "destination_county": "DOUGLAS" }, "geometry": { "type": "LineString", "coordinates": [ [ -84.225609373731615, 34.366262810379375 ], [ -84.703560573731608, 33.772297210379371 ] ] } },
{ "type": "Feature", "properties": { "direction": "OtoD", "ORIG_FIPS": 13247.0, "DEST_FIPS": 13045.0, "origin_county": "ROCKDALE", "destination_county": "CARROLL" }, "geometry": { "type": "LineString", "coordinates": [ [ -84.131561489818779, 33.641080852783858 ], [ -84.974085489818776, 33.583937652783852 ] ] } },
{ "type": "Feature", "properties": { "direction": "OtoD", "ORIG_FIPS": 13255.0, "DEST_FIPS": 13223.0, "origin_county": "SPALDING", "destination_county": "PAULDING" }, "geometry": { "type": "LineString", "coordinates": [ [ -84.346974876919532, 33.32287291086385 ], [ -84.813492476919535, 33.850560910863848 ] ] } },
{ "type": "Feature", "properties": { "direction": "OtoD", "ORIG_FIPS": 13045.0, "DEST_FIPS": 13217.0, "origin_county": "CARROLL", "destination_county": "NEWTON" }, "geometry": { "type": "LineString", "coordinates": [ [ -84.956709743673017, 33.586002770770413 ], [ -83.973015343673012, 33.563789170770413 ] ] } },
{ "type": "Feature", "properties": { "direction": "OtoD", "ORIG_FIPS": 13217.0, "DEST_FIPS": 13057.0, "origin_county": "NEWTON", "destination_county": "CHEROKEE" }, "geometry": { "type": "LineString", "coordinates": [ [ -83.91723401207112, 33.619866902153369 ], [ -84.418071612071131, 34.170972502153369 ] ] } },
{ "type": "Feature", "properties": { "direction": "OtoD", "ORIG_FIPS": 13217.0, "DEST_FIPS": 13045.0, "origin_county": "NEWTON", "destination_county": "CARROLL" }, "geometry": { "type": "LineString", "coordinates": [ [ -83.973286256326986, 33.551792229229584 ], [ -84.956980656326991, 33.574005829229584 ] ] } },
{ "type": "Feature", "properties": { "direction": "OtoD", "ORIG_FIPS": 13217.0, "DEST_FIPS": 13223.0, "origin_county": "NEWTON", "destination_county": "PAULDING" }, "geometry": { "type": "LineString", "coordinates": [ [ -83.953930263353769, 33.58591566940953 ], [ -84.767628663353761, 33.878301269409533 ] ] } },
{ "type": "Feature", "properties": { "direction": "OtoD", "ORIG_FIPS": 13057.0, "DEST_FIPS": 13217.0, "origin_county": "CHEROKEE", "destination_county": "NEWTON" }, "geometry": { "type": "LineString", "coordinates": [ [ -84.409190987928881, 34.179043097846638 ], [ -83.908353387928869, 33.627937497846638 ] ] } },
{ "type": "Feature", "properties": { "direction": "OtoD", "ORIG_FIPS": 13223.0, "DEST_FIPS": 13013.0, "origin_county": "PAULDING", "destination_county": "BARROW" }, "geometry": { "type": "LineString", "coordinates": [ [ -84.752231570114148, 33.9337544397887 ], [ -83.828571570114164, 33.991916839788693 ] ] } },
{ "type": "Feature", "properties": { "direction": "OtoD", "ORIG_FIPS": 13013.0, "DEST_FIPS": 13097.0, "origin_county": "BARROW", "destination_county": "DOUGLAS" }, "geometry": { "type": "LineString", "coordinates": [ [ -83.816664175730409, 33.958276844563905 ], [ -84.660857775730392, 33.725168044563908 ] ] } },
{ "type": "Feature", "properties": { "direction": "OtoD", "ORIG_FIPS": 13223.0, "DEST_FIPS": 13255.0, "origin_county": "PAULDING", "destination_county": "SPALDING" }, "geometry": { "type": "LineString", "coordinates": [ [ -84.804502123080468, 33.858509089136149 ], [ -84.337984523080465, 33.330821089136151 ] ] } },
{ "type": "Feature", "properties": { "direction": "OtoD", "ORIG_FIPS": 13077.0, "DEST_FIPS": 13117.0, "origin_county": "COWETA", "destination_county": "FORSYTH" }, "geometry": { "type": "LineString", "coordinates": [ [ -84.704348366078705, 33.444193764888134 ], [ -84.193729966078706, 34.141825764888132 ] ] } },
{ "type": "Feature", "properties": { "direction": "OtoD", "ORIG_FIPS": 13097.0, "DEST_FIPS": 13297.0, "origin_county": "DOUGLAS", "destination_county": "WALTON" }, "geometry": { "type": "LineString", "coordinates": [ [ -84.665025621631329, 33.715768346618688 ], [ -83.837708821631324, 33.779553146618682 ] ] } },
{ "type": "Feature", "properties": { "direction": "OtoD", "ORIG_FIPS": 13247.0, "DEST_FIPS": 13057.0, "origin_county": "ROCKDALE", "destination_county": "CHEROKEE" }, "geometry": { "type": "LineString", "coordinates": [ [ -84.076381822117256, 33.709540807952763 ], [ -84.43604902211726, 34.181289607952763 ] ] } },
{ "type": "Feature", "properties": { "direction": "OtoD", "ORIG_FIPS": 13113.0, "DEST_FIPS": 13117.0, "origin_county": "FAYETTE", "destination_county": "FORSYTH" }, "geometry": { "type": "LineString", "coordinates": [ [ -84.462719878350342, 33.497542562479069 ], [ -84.167433478350347, 34.146811362479063 ] ] } },
{ "type": "Feature", "properties": { "direction": "OtoD", "ORIG_FIPS": 13117.0, "DEST_FIPS": 13077.0, "origin_county": "FORSYTH", "destination_county": "COWETA" }, "geometry": { "type": "LineString", "coordinates": [ [ -84.184046633921298, 34.134738235111861 ], [ -84.694665033921297, 33.437106235111862 ] ] } },
{ "type": "Feature", "properties": { "direction": "OtoD", "ORIG_FIPS": 13117.0, "DEST_FIPS": 13113.0, "origin_county": "FORSYTH", "destination_county": "FAYETTE" }, "geometry": { "type": "LineString", "coordinates": [ [ -84.15651012164966, 34.141843437520926 ], [ -84.451796521649655, 33.492574637520931 ] ] } },
{ "type": "Feature", "properties": { "direction": "OtoD", "ORIG_FIPS": 13085.0, "DEST_FIPS": 13297.0, "origin_county": "DAWSON", "destination_county": "WALTON" }, "geometry": { "type": "LineString", "coordinates": [ [ -84.121859239272993, 34.381298807504635 ], [ -83.772493639272994, 33.851118007504624 ] ] } },
{ "type": "Feature", "properties": { "direction": "OtoD", "ORIG_FIPS": 13077.0, "DEST_FIPS": 13217.0, "origin_county": "COWETA", "destination_county": "NEWTON" }, "geometry": { "type": "LineString", "coordinates": [ [ -84.673312808125573, 33.379461755034164 ], [ -83.942796808125564, 33.540716155034161 ] ] } },
{ "type": "Feature", "properties": { "direction": "OtoD", "ORIG_FIPS": 13297.0, "DEST_FIPS": 13085.0, "origin_county": "WALTON", "destination_county": "DAWSON" }, "geometry": { "type": "LineString", "coordinates": [ [ -83.782513760727028, 33.844515192495365 ], [ -84.131879360727027, 34.374695992495376 ] ] } },
{ "type": "Feature", "properties": { "direction": "OtoD", "ORIG_FIPS": 13139.0, "DEST_FIPS": 13015.0, "origin_county": "HALL", "destination_county": "BARTOW" }, "geometry": { "type": "LineString", "coordinates": [ [ -83.921378970742637, 34.302916685281723 ], [ -84.73798617074263, 34.239723085281717 ] ] } },
{ "type": "Feature", "properties": { "direction": "OtoD", "ORIG_FIPS": 13139.0, "DEST_FIPS": 13151.0, "origin_county": "HALL", "destination_county": "HENRY" }, "geometry": { "type": "LineString", "coordinates": [ [ -83.847611443184348, 34.228249301639906 ], [ -84.115137843184357, 33.53718850163991 ] ] } },
{ "type": "Feature", "properties": { "direction": "OtoD", "ORIG_FIPS": 13151.0, "DEST_FIPS": 13139.0, "origin_county": "HENRY", "destination_county": "HALL" }, "geometry": { "type": "LineString", "coordinates": [ [ -84.12632855681565, 33.541520698360095 ], [ -83.858802156815642, 34.232581498360091 ] ] } },
{ "type": "Feature", "properties": { "direction": "OtoD", "ORIG_FIPS": 13045.0, "DEST_FIPS": 13117.0, "origin_county": "CARROLL", "destination_county": "FORSYTH" }, "geometry": { "type": "LineString", "coordinates": [ [ -84.987682972140064, 33.652028815173281 ], [ -84.22388617214007, 34.166192815173282 ] ] } },
{ "type": "Feature", "properties": { "direction": "OtoD", "ORIG_FIPS": 13057.0, "DEST_FIPS": 13077.0, "origin_county": "CHEROKEE", "destination_county": "COWETA" }, "geometry": { "type": "LineString", "coordinates": [ [ -84.499235278654979, 34.153009819409164 ], [ -84.728913678654976, 33.44064981940916 ] ] } },
{ "type": "Feature", "properties": { "direction": "OtoD", "ORIG_FIPS": 13057.0, "DEST_FIPS": 13297.0, "origin_county": "CHEROKEE", "destination_county": "WALTON" }, "geometry": { "type": "LineString", "coordinates": [ [ -84.398823849614573, 34.202753870305081 ], [ -83.804901449614576, 33.832872270305074 ] ] } },
{ "type": "Feature", "properties": { "direction": "OtoD", "ORIG_FIPS": 13117.0, "DEST_FIPS": 13045.0, "origin_county": "FORSYTH", "destination_county": "CARROLL" }, "geometry": { "type": "LineString", "coordinates": [ [ -84.217185027859941, 34.156238184826712 ], [ -84.980981827859935, 33.642074184826711 ] ] } },
{ "type": "Feature", "properties": { "direction": "OtoD", "ORIG_FIPS": 13057.0, "DEST_FIPS": 13247.0, "origin_county": "CHEROKEE", "destination_county": "ROCKDALE" }, "geometry": { "type": "LineString", "coordinates": [ [ -84.426506177882743, 34.188565192047236 ], [ -84.066838977882739, 33.716816392047235 ] ] } },
{ "type": "Feature", "properties": { "direction": "OtoD", "ORIG_FIPS": 13247.0, "DEST_FIPS": 13223.0, "origin_county": "ROCKDALE", "destination_county": "PAULDING" }, "geometry": { "type": "LineString", "coordinates": [ [ -84.112529826385966, 33.675118697453009 ], [ -84.785057826385966, 33.888147497453005 ] ] } },
{ "type": "Feature", "properties": { "direction": "OtoD", "ORIG_FIPS": 13077.0, "DEST_FIPS": 13057.0, "origin_county": "COWETA", "destination_county": "CHEROKEE" }, "geometry": { "type": "LineString", "coordinates": [ [ -84.740334721345022, 33.444332180590834 ], [ -84.510656321345024, 34.156692180590838 ] ] } },
{ "type": "Feature", "properties": { "direction": "OtoD", "ORIG_FIPS": 13015.0, "DEST_FIPS": 13139.0, "origin_county": "BARTOW", "destination_county": "HALL" }, "geometry": { "type": "LineString", "coordinates": [ [ -84.738912029257364, 34.251687314718275 ], [ -83.922304829257371, 34.31488091471828 ] ] } },
{ "type": "Feature", "properties": { "direction": "OtoD", "ORIG_FIPS": 13223.0, "DEST_FIPS": 13247.0, "origin_county": "PAULDING", "destination_county": "ROCKDALE" }, "geometry": { "type": "LineString", "coordinates": [ [ -84.781434173614016, 33.89958730254699 ], [ -84.108906173614017, 33.686558502546994 ] ] } },
{ "type": "Feature", "properties": { "direction": "OtoD", "ORIG_FIPS": 13045.0, "DEST_FIPS": 13255.0, "origin_county": "CARROLL", "destination_county": "SPALDING" }, "geometry": { "type": "LineString", "coordinates": [ [ -84.997992547901262, 33.556153546879706 ], [ -84.361478947901261, 33.298637546879711 ] ] } },
{ "type": "Feature", "properties": { "direction": "OtoD", "ORIG_FIPS": 13255.0, "DEST_FIPS": 13045.0, "origin_county": "SPALDING", "destination_county": "CARROLL" }, "geometry": { "type": "LineString", "coordinates": [ [ -84.365979452098728, 33.28751345312029 ], [ -85.002493052098728, 33.545029453120286 ] ] } },
{ "type": "Feature", "properties": { "direction": "OtoD", "ORIG_FIPS": 13297.0, "DEST_FIPS": 13057.0, "origin_county": "WALTON", "destination_county": "CHEROKEE" }, "geometry": { "type": "LineString", "coordinates": [ [ -83.811245150385432, 33.822686129694915 ], [ -84.405167550385428, 34.192567729694922 ] ] } },
{ "type": "Feature", "properties": { "direction": "OtoD", "ORIG_FIPS": 13255.0, "DEST_FIPS": 13297.0, "origin_county": "SPALDING", "destination_county": "WALTON" }, "geometry": { "type": "LineString", "coordinates": [ [ -84.233255307057007, 33.317310319192437 ], [ -83.792989707057004, 33.733836719192432 ] ] } },
{ "type": "Feature", "properties": { "direction": "OtoD", "ORIG_FIPS": 13117.0, "DEST_FIPS": 13151.0, "origin_county": "FORSYTH", "destination_county": "HENRY" }, "geometry": { "type": "LineString", "coordinates": [ [ -84.121976556181679, 34.148008644108216 ], [ -84.145266956181686, 33.529997444108226 ] ] } },
{ "type": "Feature", "properties": { "direction": "OtoD", "ORIG_FIPS": 13297.0, "DEST_FIPS": 13097.0, "origin_county": "WALTON", "destination_county": "DOUGLAS" }, "geometry": { "type": "LineString", "coordinates": [ [ -83.836786378368672, 33.76758865338131 ], [ -84.664103178368677, 33.703803853381316 ] ] } },
{ "type": "Feature", "properties": { "direction": "OtoD", "ORIG_FIPS": 13113.0, "DEST_FIPS": 13297.0, "origin_county": "FAYETTE", "destination_county": "WALTON" }, "geometry": { "type": "LineString", "coordinates": [ [ -84.420747265794475, 33.456066080948709 ], [ -83.812478465794484, 33.750181280948702 ] ] } },
{ "type": "Feature", "properties": { "direction": "OtoD", "ORIG_FIPS": 13085.0, "DEST_FIPS": 13013.0, "origin_county": "DAWSON", "destination_county": "BARROW" }, "geometry": { "type": "LineString", "coordinates": [ [ -84.120548599929279, 34.403436848548402 ], [ -83.754306199929289, 34.042580048548402 ] ] } },
{ "type": "Feature", "properties": { "direction": "OtoD", "ORIG_FIPS": 13297.0, "DEST_FIPS": 13113.0, "origin_county": "WALTON", "destination_county": "FAYETTE" }, "geometry": { "type": "LineString", "coordinates": [ [ -83.807254734205529, 33.739377919051286 ], [ -84.415523534205519, 33.445262719051293 ] ] } },
{ "type": "Feature", "properties": { "direction": "OtoD", "ORIG_FIPS": 13297.0, "DEST_FIPS": 13255.0, "origin_county": "WALTON", "destination_county": "SPALDING" }, "geometry": { "type": "LineString", "coordinates": [ [ -83.784742692942999, 33.725119680807559 ], [ -84.225008292943002, 33.308593280807564 ] ] } },
{ "type": "Feature", "properties": { "direction": "OtoD", "ORIG_FIPS": 13013.0, "DEST_FIPS": 13085.0, "origin_county": "BARROW", "destination_county": "DAWSON" }, "geometry": { "type": "LineString", "coordinates": [ [ -83.762728400070728, 34.034032151451598 ], [ -84.128970800070718, 34.394888951451598 ] ] } },
{ "type": "Feature", "properties": { "direction": "OtoD", "ORIG_FIPS": 13217.0, "DEST_FIPS": 13077.0, "origin_county": "NEWTON", "destination_county": "COWETA" }, "geometry": { "type": "LineString", "coordinates": [ [ -83.940210191874428, 33.528998244965834 ], [ -84.670726191874436, 33.367743844965837 ] ] } },
{ "type": "Feature", "properties": { "direction": "OtoD", "ORIG_FIPS": 13151.0, "DEST_FIPS": 13117.0, "origin_county": "HENRY", "destination_county": "FORSYTH" }, "geometry": { "type": "LineString", "coordinates": [ [ -84.157258443818321, 33.530449355891783 ], [ -84.133968043818314, 34.148460555891774 ] ] } },
{ "type": "Feature", "properties": { "direction": "OtoD", "ORIG_FIPS": 13217.0, "DEST_FIPS": 13117.0, "origin_county": "NEWTON", "destination_county": "FORSYTH" }, "geometry": { "type": "LineString", "coordinates": [ [ -83.883227773972564, 33.619785232858959 ], [ -84.103125373972574, 34.156162832858961 ] ] } },
{ "type": "Feature", "properties": { "direction": "OtoD", "ORIG_FIPS": 13057.0, "DEST_FIPS": 13013.0, "origin_county": "CHEROKEE", "destination_county": "BARROW" }, "geometry": { "type": "LineString", "coordinates": [ [ -84.398014305400508, 34.224526860058212 ], [ -83.787215105400506, 34.023969260058216 ] ] } },
{ "type": "Feature", "properties": { "direction": "OtoD", "ORIG_FIPS": 13097.0, "DEST_FIPS": 13217.0, "origin_county": "DOUGLAS", "destination_county": "NEWTON" }, "geometry": { "type": "LineString", "coordinates": [ [ -84.675252355342295, 33.693057791519628 ], [ -83.941020355342303, 33.575618591519621 ] ] } },
{ "type": "Feature", "properties": { "direction": "OtoD", "ORIG_FIPS": 13117.0, "DEST_FIPS": 13217.0, "origin_county": "FORSYTH", "destination_county": "NEWTON" }, "geometry": { "type": "LineString", "coordinates": [ [ -84.092022226027439, 34.160714767141037 ], [ -83.872124626027428, 33.624337167141036 ] ] } },
{ "type": "Feature", "properties": { "direction": "OtoD", "ORIG_FIPS": 13217.0, "DEST_FIPS": 13097.0, "origin_county": "NEWTON", "destination_county": "DOUGLAS" }, "geometry": { "type": "LineString", "coordinates": [ [ -83.942915644657703, 33.563769208480373 ], [ -84.677147644657694, 33.68120840848038 ] ] } },
{ "type": "Feature", "properties": { "direction": "OtoD", "ORIG_FIPS": 13013.0, "DEST_FIPS": 13063.0, "origin_county": "BARROW", "destination_county": "CLAYTON" }, "geometry": { "type": "LineString", "coordinates": [ [ -83.773791436980673, 33.943146950783664 ], [ -84.28974903698068, 33.582056550783669 ] ] } },
{ "type": "Feature", "properties": { "direction": "OtoD", "ORIG_FIPS": 13015.0, "DEST_FIPS": 13085.0, "origin_county": "BARTOW", "destination_county": "DAWSON" }, "geometry": { "type": "LineString", "coordinates": [ [ -84.775293475828036, 34.264186316325087 ], [ -84.239305475828033, 34.429357516325091 ] ] } },
{ "type": "Feature", "properties": { "direction": "OtoD", "ORIG_FIPS": 13013.0, "DEST_FIPS": 13057.0, "origin_county": "BARROW", "destination_county": "CHEROKEE" }, "geometry": { "type": "LineString", "coordinates": [ [ -83.790958694599496, 34.012568139941784 ], [ -84.401757894599498, 34.213125739941781 ] ] } },
{ "type": "Feature", "properties": { "direction": "OtoD", "ORIG_FIPS": 13063.0, "DEST_FIPS": 13013.0, "origin_county": "CLAYTON", "destination_county": "BARROW" }, "geometry": { "type": "LineString", "coordinates": [ [ -84.296629563019337, 33.59188804921633 ], [ -83.78067196301933, 33.952978449216324 ] ] } },
{ "type": "Feature", "properties": { "direction": "OtoD", "ORIG_FIPS": 13113.0, "DEST_FIPS": 13057.0, "origin_county": "FAYETTE", "destination_county": "CHEROKEE" }, "geometry": { "type": "LineString", "coordinates": [ [ -84.498374300015811, 33.497029206521098 ], [ -84.484027900015818, 34.161026006521098 ] ] } },
{ "type": "Feature", "properties": { "direction": "OtoD", "ORIG_FIPS": 13139.0, "DEST_FIPS": 13063.0, "origin_county": "HALL", "destination_county": "CLAYTON" }, "geometry": { "type": "LineString", "coordinates": [ [ -83.868628835201491, 34.235880498198775 ], [ -84.298963235201498, 33.615910898198777 ] ] } },
{ "type": "Feature", "properties": { "direction": "OtoD", "ORIG_FIPS": 13045.0, "DEST_FIPS": 13151.0, "origin_county": "CARROLL", "destination_county": "HENRY" }, "geometry": { "type": "LineString", "coordinates": [ [ -84.986410425478937, 33.575741956071333 ], [ -84.245904025478922, 33.471894756071343 ] ] } },
{ "type": "Feature", "properties": { "direction": "OtoD", "ORIG_FIPS": 13063.0, "DEST_FIPS": 13139.0, "origin_county": "CLAYTON", "destination_county": "HALL" }, "geometry": { "type": "LineString", "coordinates": [ [ -84.308821164798516, 33.622753501801228 ], [ -83.87848676479851, 34.242723101801225 ] ] } },
{ "type": "Feature", "properties": { "direction": "OtoD", "ORIG_FIPS": 13085.0, "DEST_FIPS": 13015.0, "origin_county": "DAWSON", "destination_county": "BARTOW" }, "geometry": { "type": "LineString", "coordinates": [ [ -84.235771524171966, 34.417889683674908 ], [ -84.771759524171969, 34.252718483674904 ] ] } },
{ "type": "Feature", "properties": { "direction": "OtoD", "ORIG_FIPS": 13057.0, "DEST_FIPS": 13151.0, "origin_county": "CHEROKEE", "destination_county": "HENRY" }, "geometry": { "type": "LineString", "coordinates": [ [ -84.438472837684927, 34.167066379226725 ], [ -84.180823237684933, 33.534327179226729 ] ] } },
{ "type": "Feature", "properties": { "direction": "OtoD", "ORIG_FIPS": 13063.0, "DEST_FIPS": 13015.0, "origin_county": "CLAYTON", "destination_county": "BARTOW" }, "geometry": { "type": "LineString", "coordinates": [ [ -84.410897883990245, 33.60801287868496 ], [ -84.797170683990231, 34.164788878684952 ] ] } },
{ "type": "Feature", "properties": { "direction": "OtoD", "ORIG_FIPS": 13057.0, "DEST_FIPS": 13113.0, "origin_county": "CHEROKEE", "destination_county": "FAYETTE" }, "geometry": { "type": "LineString", "coordinates": [ [ -84.472030699984188, 34.160766793478899 ], [ -84.486377099984182, 33.4967699934789 ] ] } },
{ "type": "Feature", "properties": { "direction": "OtoD", "ORIG_FIPS": 13117.0, "DEST_FIPS": 13247.0, "origin_county": "FORSYTH", "destination_county": "ROCKDALE" }, "geometry": { "type": "LineString", "coordinates": [ [ -84.109307188835629, 34.169376968388612 ], [ -84.030579988835626, 33.712356168388617 ] ] } },
{ "type": "Feature", "properties": { "direction": "OtoD", "ORIG_FIPS": 13151.0, "DEST_FIPS": 13057.0, "origin_county": "HENRY", "destination_county": "CHEROKEE" }, "geometry": { "type": "LineString", "coordinates": [ [ -84.191937162315071, 33.529801620773277 ], [ -84.449586762315064, 34.162540820773273 ] ] } },
{ "type": "Feature", "properties": { "direction": "OtoD", "ORIG_FIPS": 13247.0, "DEST_FIPS": 13139.0, "origin_county": "ROCKDALE", "destination_county": "HALL" }, "geometry": { "type": "LineString", "coordinates": [ [ -84.011690704823621, 33.722257089533976 ], [ -83.846181904823624, 34.252327489533975 ] ] } },
{ "type": "Feature", "properties": { "direction": "OtoD", "ORIG_FIPS": 13077.0, "DEST_FIPS": 13247.0, "origin_county": "COWETA", "destination_county": "ROCKDALE" }, "geometry": { "type": "LineString", "coordinates": [ [ -84.691933682705695, 33.389077281459869 ], [ -84.102588082705694, 33.629688481459873 ] ] } },
{ "type": "Feature", "properties": { "direction": "OtoD", "ORIG_FIPS": 13151.0, "DEST_FIPS": 13223.0, "origin_county": "HENRY", "destination_county": "PAULDING" }, "geometry": { "type": "LineString", "coordinates": [ [ -84.228777412924643, 33.494706587049528 ], [ -84.799287812924646, 33.86872578704952 ] ] } },
{ "type": "Feature", "properties": { "direction": "OtoD", "ORIG_FIPS": 13015.0, "DEST_FIPS": 13063.0, "origin_county": "BARTOW", "destination_county": "CLAYTON" }, "geometry": { "type": "LineString", "coordinates": [ [ -84.787311116009761, 34.171629121315043 ], [ -84.401038316009775, 33.614853121315051 ] ] } },
{ "type": "Feature", "properties": { "direction": "OtoD", "ORIG_FIPS": 13247.0, "DEST_FIPS": 13117.0, "origin_county": "ROCKDALE", "destination_county": "FORSYTH" }, "geometry": { "type": "LineString", "coordinates": [ [ -84.042405811164372, 33.710319031611384 ], [ -84.121133011164375, 34.167339831611379 ] ] } },
{ "type": "Feature", "properties": { "direction": "OtoD", "ORIG_FIPS": 13139.0, "DEST_FIPS": 13247.0, "origin_county": "HALL", "destination_county": "ROCKDALE" }, "geometry": { "type": "LineString", "coordinates": [ [ -83.834727295176378, 34.248750910466022 ], [ -84.000236095176376, 33.718680510466022 ] ] } },
{ "type": "Feature", "properties": { "direction": "OtoD", "ORIG_FIPS": 13117.0, "DEST_FIPS": 13097.0, "origin_county": "FORSYTH", "destination_county": "DOUGLAS" }, "geometry": { "type": "LineString", "coordinates": [ [ -84.185563571687808, 34.168466630697182 ], [ -84.699897971687804, 33.749528230697187 ] ] } },
{ "type": "Feature", "properties": { "direction": "OtoD", "ORIG_FIPS": 13151.0, "DEST_FIPS": 13045.0, "origin_county": "HENRY", "destination_county": "CARROLL" }, "geometry": { "type": "LineString", "coordinates": [ [ -84.247570574521063, 33.460011043928667 ], [ -84.988076974521078, 33.563858243928657 ] ] } },
{ "type": "Feature", "properties": { "direction": "OtoD", "ORIG_FIPS": 13247.0, "DEST_FIPS": 13077.0, "origin_county": "ROCKDALE", "destination_county": "COWETA" }, "geometry": { "type": "LineString", "coordinates": [ [ -84.098052317294304, 33.618578718540128 ], [ -84.687397917294305, 33.377967518540125 ] ] } },
{ "type": "Feature", "properties": { "direction": "OtoD", "ORIG_FIPS": 13139.0, "DEST_FIPS": 13217.0, "origin_county": "HALL", "destination_county": "NEWTON" }, "geometry": { "type": "LineString", "coordinates": [ [ -83.816813079060353, 34.240380171754403 ], [ -83.841151479060343, 33.630952971754404 ] ] } },
{ "type": "Feature", "properties": { "direction": "OtoD", "ORIG_FIPS": 13151.0, "DEST_FIPS": 13013.0, "origin_county": "HENRY", "destination_county": "BARROW" }, "geometry": { "type": "LineString", "coordinates": [ [ -84.114676432407137, 33.510791205453096 ], [ -83.761526832407142, 33.942972805453095 ] ] } },
{ "type": "Feature", "properties": { "direction": "OtoD", "ORIG_FIPS": 13217.0, "DEST_FIPS": 13139.0, "origin_county": "NEWTON", "destination_county": "HALL" }, "geometry": { "type": "LineString", "coordinates": [ [ -83.853141920939649, 33.631431828245603 ], [ -83.828803520939658, 34.240859028245602 ] ] } },
{ "type": "Feature", "properties": { "direction": "OtoD", "ORIG_FIPS": 13057.0, "DEST_FIPS": 13045.0, "origin_county": "CHEROKEE", "destination_county": "CARROLL" }, "geometry": { "type": "LineString", "coordinates": [ [ -84.532162001016673, 34.173739087561216 ], [ -85.015018801016666, 33.64484708756121 ] ] } },
{ "type": "Feature", "properties": { "direction": "OtoD", "ORIG_FIPS": 13013.0, "DEST_FIPS": 13151.0, "origin_county": "BARROW", "destination_county": "HENRY" }, "geometry": { "type": "LineString", "coordinates": [ [ -83.752234567592879, 33.935379794546904 ], [ -84.105384167592874, 33.503198194546904 ] ] } },
{ "type": "Feature", "properties": { "direction": "OtoD", "ORIG_FIPS": 13045.0, "DEST_FIPS": 13057.0, "origin_county": "CARROLL", "destination_county": "CHEROKEE" }, "geometry": { "type": "LineString", "coordinates": [ [ -85.02388099898333, 33.65293791243878 ], [ -84.541024198983337, 34.181829912438786 ] ] } },
{ "type": "Feature", "properties": { "direction": "OtoD", "ORIG_FIPS": 13255.0, "DEST_FIPS": 13097.0, "origin_county": "SPALDING", "destination_county": "DOUGLAS" }, "geometry": { "type": "LineString", "coordinates": [ [ -84.336587934382493, 33.300544063618617 ], [ -84.723639134382495, 33.653285663618618 ] ] } },
{ "type": "Feature", "properties": { "direction": "OtoD", "ORIG_FIPS": 13223.0, "DEST_FIPS": 13151.0, "origin_county": "PAULDING", "destination_county": "HENRY" }, "geometry": { "type": "LineString", "coordinates": [ [ -84.792708587075353, 33.878761412950475 ], [ -84.22219818707535, 33.504742212950482 ] ] } },
{ "type": "Feature", "properties": { "direction": "OtoD", "ORIG_FIPS": 13135.0, "DEST_FIPS": 13255.0, "origin_county": "GWINNETT", "destination_county": "SPALDING" }, "geometry": { "type": "LineString", "coordinates": [ [ -84.044083810624286, 33.889506367678919 ], [ -84.252490210624288, 33.328874367678921 ] ] } },
{ "type": "Feature", "properties": { "direction": "OtoD", "ORIG_FIPS": 13097.0, "DEST_FIPS": 13255.0, "origin_county": "DOUGLAS", "destination_county": "SPALDING" }, "geometry": { "type": "LineString", "coordinates": [ [ -84.715556065617506, 33.662154936381384 ], [ -84.328504865617504, 33.309413336381382 ] ] } },
{ "type": "Feature", "properties": { "direction": "OtoD", "ORIG_FIPS": 13097.0, "DEST_FIPS": 13117.0, "origin_county": "DOUGLAS", "destination_county": "FORSYTH" }, "geometry": { "type": "LineString", "coordinates": [ [ -84.707476428312177, 33.758832369302816 ], [ -84.193142028312181, 34.177770769302811 ] ] } },
{ "type": "Feature", "properties": { "direction": "OtoD", "ORIG_FIPS": 13255.0, "DEST_FIPS": 13135.0, "origin_county": "SPALDING", "destination_county": "GWINNETT" }, "geometry": { "type": "LineString", "coordinates": [ [ -84.263738189375701, 33.333055632321077 ], [ -84.0553317893757, 33.893687632321075 ] ] } },
{ "type": "Feature", "properties": { "direction": "OtoD", "ORIG_FIPS": 13247.0, "DEST_FIPS": 13097.0, "origin_county": "ROCKDALE", "destination_county": "DOUGLAS" }, "geometry": { "type": "LineString", "coordinates": [ [ -84.101169187499991, 33.652982631892769 ], [ -84.69423078749999, 33.691065031892769 ] ] } },
{ "type": "Feature", "properties": { "direction": "OtoD", "ORIG_FIPS": 13097.0, "DEST_FIPS": 13247.0, "origin_county": "DOUGLAS", "destination_county": "ROCKDALE" }, "geometry": { "type": "LineString", "coordinates": [ [ -84.69346181249999, 33.703040368107231 ], [ -84.100400212499991, 33.664957968107231 ] ] } },
{ "type": "Feature", "properties": { "direction": "OtoD", "ORIG_FIPS": 13135.0, "DEST_FIPS": 13045.0, "origin_county": "GWINNETT", "destination_county": "CARROLL" }, "geometry": { "type": "LineString", "coordinates": [ [ -84.127245928334901, 33.918138931177232 ], [ -84.972165928334903, 33.615022931177229 ] ] } },
{ "type": "Feature", "properties": { "direction": "OtoD", "ORIG_FIPS": 13045.0, "DEST_FIPS": 13135.0, "origin_county": "CARROLL", "destination_county": "GWINNETT" }, "geometry": { "type": "LineString", "coordinates": [ [ -84.976218071665102, 33.626318068822762 ], [ -84.1312980716651, 33.929434068822765 ] ] } },
{ "type": "Feature", "properties": { "direction": "OtoD", "ORIG_FIPS": 13113.0, "DEST_FIPS": 13217.0, "origin_county": "FAYETTE", "destination_county": "NEWTON" }, "geometry": { "type": "LineString", "coordinates": [ [ -84.43105529502354, 33.433872337322008 ], [ -83.915871295023535, 33.546763537322015 ] ] } },
{ "type": "Feature", "properties": { "direction": "OtoD", "ORIG_FIPS": 13135.0, "DEST_FIPS": 13077.0, "origin_county": "GWINNETT", "destination_county": "COWETA" }, "geometry": { "type": "LineString", "coordinates": [ [ -84.093813876458327, 33.896218604253598 ], [ -84.685555476458333, 33.409634604253597 ] ] } },
{ "type": "Feature", "properties": { "direction": "OtoD", "ORIG_FIPS": 13217.0, "DEST_FIPS": 13113.0, "origin_county": "NEWTON", "destination_county": "FAYETTE" }, "geometry": { "type": "LineString", "coordinates": [ [ -83.913302704976459, 33.53504166267799 ], [ -84.428486704976464, 33.422150462677983 ] ] } },
{ "type": "Feature", "properties": { "direction": "OtoD", "ORIG_FIPS": 13117.0, "DEST_FIPS": 13223.0, "origin_county": "FORSYTH", "destination_county": "PAULDING" }, "geometry": { "type": "LineString", "coordinates": [ [ -84.197005710987739, 34.189437240910387 ], [ -84.790806510987736, 33.945445240910388 ] ] } },
{ "type": "Feature", "properties": { "direction": "OtoD", "ORIG_FIPS": 13113.0, "DEST_FIPS": 13247.0, "origin_county": "FAYETTE", "destination_county": "ROCKDALE" }, "geometry": { "type": "LineString", "coordinates": [ [ -84.450160238784392, 33.443267317721528 ], [ -84.076146638784394, 33.635515317721527 ] ] } },
{ "type": "Feature", "properties": { "direction": "OtoD", "ORIG_FIPS": 13247.0, "DEST_FIPS": 13113.0, "origin_county": "ROCKDALE", "destination_county": "FAYETTE" }, "geometry": { "type": "LineString", "coordinates": [ [ -84.070660761215606, 33.624842682278469 ], [ -84.444674361215604, 33.43259468227847 ] ] } },
{ "type": "Feature", "properties": { "direction": "OtoD", "ORIG_FIPS": 13117.0, "DEST_FIPS": 13063.0, "origin_county": "FORSYTH", "destination_county": "CLAYTON" }, "geometry": { "type": "LineString", "coordinates": [ [ -84.142643124553558, 34.155188228182723 ], [ -84.328741524553564, 33.60826822818273 ] ] } },
{ "type": "Feature", "properties": { "direction": "OtoD", "ORIG_FIPS": 13223.0, "DEST_FIPS": 13117.0, "origin_county": "PAULDING", "destination_county": "FORSYTH" }, "geometry": { "type": "LineString", "coordinates": [ [ -84.795367289012248, 33.95654475908961 ], [ -84.201566489012251, 34.200536759089609 ] ] } },
{ "type": "Feature", "properties": { "direction": "OtoD", "ORIG_FIPS": 13077.0, "DEST_FIPS": 13135.0, "origin_county": "COWETA", "destination_county": "GWINNETT" }, "geometry": { "type": "LineString", "coordinates": [ [ -84.693177123541673, 33.418903395746398 ], [ -84.101435523541667, 33.905487395746398 ] ] } },
{ "type": "Feature", "properties": { "direction": "OtoD", "ORIG_FIPS": 13063.0, "DEST_FIPS": 13117.0, "origin_county": "CLAYTON", "destination_county": "FORSYTH" }, "geometry": { "type": "LineString", "coordinates": [ [ -84.34010187544645, 33.612133771817277 ], [ -84.154003475446444, 34.15905377181727 ] ] } },
{ "type": "Feature", "properties": { "direction": "OtoD", "ORIG_FIPS": 13255.0, "DEST_FIPS": 13067.0, "origin_county": "SPALDING", "destination_county": "COBB" }, "geometry": { "type": "LineString", "coordinates": [ [ -84.318929247819696, 33.326570607353183 ], [ -84.552944447819684, 33.871002607353184 ] ] } },
{ "type": "Feature", "properties": { "direction": "OtoD", "ORIG_FIPS": 13067.0, "DEST_FIPS": 13255.0, "origin_county": "COBB", "destination_county": "SPALDING" }, "geometry": { "type": "LineString", "coordinates": [ [ -84.541919752180306, 33.875741392646823 ], [ -84.307904552180318, 33.331309392646823 ] ] } },
{ "type": "Feature", "properties": { "direction": "OtoD", "ORIG_FIPS": 13089.0, "DEST_FIPS": 13085.0, "origin_county": "DEKALB", "destination_county": "DAWSON" }, "geometry": { "type": "LineString", "coordinates": [ [ -84.226753857900718, 33.839255067750983 ], [ -84.182101057900724, 34.377487067750991 ] ] } },
{ "type": "Feature", "properties": { "direction": "OtoD", "ORIG_FIPS": 13067.0, "DEST_FIPS": 13013.0, "origin_county": "COBB", "destination_county": "BARROW" }, "geometry": { "type": "LineString", "coordinates": [ [ -84.490648212902485, 33.952592555507024 ], [ -83.799490612902488, 33.994010955507022 ] ] } },
{ "type": "Feature", "properties": { "direction": "OtoD", "ORIG_FIPS": 13015.0, "DEST_FIPS": 13045.0, "origin_county": "BARTOW", "destination_county": "CARROLL" }, "geometry": { "type": "LineString", "coordinates": [ [ -84.858817460546177, 34.170244752611744 ], [ -85.05024306054618, 33.646224752611744 ] ] } },
{ "type": "Feature", "properties": { "direction": "OtoD", "ORIG_FIPS": 13247.0, "DEST_FIPS": 13255.0, "origin_county": "ROCKDALE", "destination_county": "SPALDING" }, "geometry": { "type": "LineString", "coordinates": [ [ -84.047383468510574, 33.611591068117029 ], [ -84.253393868510585, 33.296931868117028 ] ] } },
{ "type": "Feature", "properties": { "direction": "OtoD", "ORIG_FIPS": 13223.0, "DEST_FIPS": 13113.0, "origin_county": "PAULDING", "destination_county": "FAYETTE" }, "geometry": { "type": "LineString", "coordinates": [ [ -84.82516673539304, 33.873394739636176 ], [ -84.526652335393052, 33.46811793963618 ] ] } },
{ "type": "Feature", "properties": { "direction": "OtoD", "ORIG_FIPS": 13085.0, "DEST_FIPS": 13089.0, "origin_county": "DAWSON", "destination_county": "DEKALB" }, "geometry": { "type": "LineString", "coordinates": [ [ -84.17014214209928, 34.376494932249017 ], [ -84.214794942099275, 33.838262932249009 ] ] } },
{ "type": "Feature", "properties": { "direction": "OtoD", "ORIG_FIPS": 13113.0, "DEST_FIPS": 13223.0, "origin_county": "FAYETTE", "destination_county": "PAULDING" }, "geometry": { "type": "LineString", "coordinates": [ [ -84.536314264606958, 33.461001260363822 ], [ -84.834828664606945, 33.866278060363818 ] ] } },
{ "type": "Feature", "properties": { "direction": "OtoD", "ORIG_FIPS": 13255.0, "DEST_FIPS": 13247.0, "origin_county": "SPALDING", "destination_county": "ROCKDALE" }, "geometry": { "type": "LineString", "coordinates": [ [ -84.263433531489426, 33.303504931882969 ], [ -84.057423131489415, 33.61816413188297 ] ] } },
{ "type": "Feature", "properties": { "direction": "OtoD", "ORIG_FIPS": 13045.0, "DEST_FIPS": 13015.0, "origin_county": "CARROLL", "destination_county": "BARTOW" }, "geometry": { "type": "LineString", "coordinates": [ [ -85.061514539453825, 33.650342247388252 ], [ -84.870088939453822, 34.174362247388252 ] ] } },
{ "type": "Feature", "properties": { "direction": "OtoD", "ORIG_FIPS": 13135.0, "DEST_FIPS": 13015.0, "origin_county": "GWINNETT", "destination_county": "BARTOW" }, "geometry": { "type": "LineString", "coordinates": [ [ -84.107265201797304, 33.983604968408486 ], [ -84.760759601797304, 34.204508968408483 ] ] } },
{ "type": "Feature", "properties": { "direction": "OtoD", "ORIG_FIPS": 13013.0, "DEST_FIPS": 13067.0, "origin_county": "BARROW", "destination_county": "COBB" }, "geometry": { "type": "LineString", "coordinates": [ [ -83.798772787097519, 33.982032444492972 ], [ -84.489930387097516, 33.940614044492975 ] ] } },
{ "type": "Feature", "properties": { "direction": "OtoD", "ORIG_FIPS": 13015.0, "DEST_FIPS": 13135.0, "origin_county": "BARTOW", "destination_county": "GWINNETT" }, "geometry": { "type": "LineString", "coordinates": [ [ -84.756916798202695, 34.215877031591511 ], [ -84.103422398202696, 33.994973031591513 ] ] } },
{ "type": "Feature", "properties": { "direction": "OtoD", "ORIG_FIPS": 13117.0, "DEST_FIPS": 13297.0, "origin_county": "FORSYTH", "destination_county": "WALTON" }, "geometry": { "type": "LineString", "coordinates": [ [ -84.081436731297913, 34.185058760993513 ], [ -83.768454331297917, 33.829905160993512 ] ] } },
{ "type": "Feature", "properties": { "direction": "OtoD", "ORIG_FIPS": 13067.0, "DEST_FIPS": 13297.0, "origin_county": "COBB", "destination_county": "WALTON" }, "geometry": { "type": "LineString", "coordinates": [ [ -84.491280689157477, 33.931332679516295 ], [ -83.816999889157486, 33.803427079516297 ] ] } },
{ "type": "Feature", "properties": { "direction": "OtoD", "ORIG_FIPS": 13063.0, "DEST_FIPS": 13297.0, "origin_county": "CLAYTON", "destination_county": "WALTON" }, "geometry": { "type": "LineString", "coordinates": [ [ -84.297450938872743, 33.571407579293123 ], [ -83.798370138872741, 33.763173979293114 ] ] } },
{ "type": "Feature", "properties": { "direction": "OtoD", "ORIG_FIPS": 13063.0, "DEST_FIPS": 13057.0, "origin_county": "CLAYTON", "destination_county": "CHEROKEE" }, "geometry": { "type": "LineString", "coordinates": [ [ -84.375455442838827, 33.61104296512972 ], [ -84.470297042838823, 34.172690965129718 ] ] } },
{ "type": "Feature", "properties": { "direction": "OtoD", "ORIG_FIPS": 13255.0, "DEST_FIPS": 13217.0, "origin_county": "SPALDING", "destination_county": "NEWTON" }, "geometry": { "type": "LineString", "coordinates": [ [ -84.244133620458527, 33.295265545395587 ], [ -83.896952820458537, 33.530567945395582 ] ] } },
{ "type": "Feature", "properties": { "direction": "OtoD", "ORIG_FIPS": 13217.0, "DEST_FIPS": 13255.0, "origin_county": "NEWTON", "destination_county": "SPALDING" }, "geometry": { "type": "LineString", "coordinates": [ [ -83.890220379541475, 33.520634454604412 ], [ -84.237401179541465, 33.285332054604417 ] ] } },
{ "type": "Feature", "properties": { "direction": "OtoD", "ORIG_FIPS": 13297.0, "DEST_FIPS": 13063.0, "origin_county": "WALTON", "destination_county": "CLAYTON" }, "geometry": { "type": "LineString", "coordinates": [ [ -83.794066061127268, 33.751972420706878 ], [ -84.293146861127269, 33.560206020706886 ] ] } },
{ "type": "Feature", "properties": { "direction": "OtoD", "ORIG_FIPS": 13297.0, "DEST_FIPS": 13117.0, "origin_county": "WALTON", "destination_county": "FORSYTH" }, "geometry": { "type": "LineString", "coordinates": [ [ -83.777457268702094, 33.82197123900648 ], [ -84.090439668702089, 34.177124839006481 ] ] } },
{ "type": "Feature", "properties": { "direction": "OtoD", "ORIG_FIPS": 13247.0, "DEST_FIPS": 13013.0, "origin_county": "ROCKDALE", "destination_county": "BARROW" }, "geometry": { "type": "LineString", "coordinates": [ [ -83.999662829049541, 33.692185601968454 ], [ -83.748530829049542, 33.963376801968458 ] ] } },
{ "type": "Feature", "properties": { "direction": "OtoD", "ORIG_FIPS": 13297.0, "DEST_FIPS": 13067.0, "origin_county": "WALTON", "destination_county": "COBB" }, "geometry": { "type": "LineString", "coordinates": [ [ -83.819236310842527, 33.791637320483702 ], [ -84.493517110842518, 33.9195429204837 ] ] } },
{ "type": "Feature", "properties": { "direction": "OtoD", "ORIG_FIPS": 13057.0, "DEST_FIPS": 13063.0, "origin_county": "CHEROKEE", "destination_county": "CLAYTON" }, "geometry": { "type": "LineString", "coordinates": [ [ -84.458464557161179, 34.174689034870283 ], [ -84.363622957161184, 33.613041034870285 ] ] } },
{ "type": "Feature", "properties": { "direction": "OtoD", "ORIG_FIPS": 13067.0, "DEST_FIPS": 13085.0, "origin_county": "COBB", "destination_county": "DAWSON" }, "geometry": { "type": "LineString", "coordinates": [ [ -84.540737243590939, 33.99548042696383 ], [ -84.215822043590933, 34.397755626963828 ] ] } },
{ "type": "Feature", "properties": { "direction": "OtoD", "ORIG_FIPS": 13085.0, "DEST_FIPS": 13067.0, "origin_county": "DAWSON", "destination_county": "COBB" }, "geometry": { "type": "LineString", "coordinates": [ [ -84.206486756409063, 34.390215573036173 ], [ -84.53140195640907, 33.987940373036174 ] ] } },
{ "type": "Feature", "properties": { "direction": "OtoD", "ORIG_FIPS": 13151.0, "DEST_FIPS": 13097.0, "origin_county": "HENRY", "destination_county": "DOUGLAS" }, "geometry": { "type": "LineString", "coordinates": [ [ -84.217808739484056, 33.472295667971061 ], [ -84.708852739484058, 33.671368467971057 ] ] } },
{ "type": "Feature", "properties": { "direction": "OtoD", "ORIG_FIPS": 13013.0, "DEST_FIPS": 13247.0, "origin_county": "BARROW", "destination_county": "ROCKDALE" }, "geometry": { "type": "LineString", "coordinates": [ [ -83.739726170950462, 33.955223398031542 ], [ -83.99085817095046, 33.684032198031538 ] ] } },
{ "type": "Feature", "properties": { "direction": "OtoD", "ORIG_FIPS": 13015.0, "DEST_FIPS": 13117.0, "origin_county": "BARTOW", "destination_county": "FORSYTH" }, "geometry": { "type": "LineString", "coordinates": [ [ -84.768875297746831, 34.242573110654462 ], [ -84.196504097746839, 34.232717110654463 ] ] } },
{ "type": "Feature", "properties": { "direction": "OtoD", "ORIG_FIPS": 13135.0, "DEST_FIPS": 13113.0, "origin_county": "GWINNETT", "destination_county": "FAYETTE" }, "geometry": { "type": "LineString", "coordinates": [ [ -84.066156726249332, 33.902988913243782 ], [ -84.442566326249334, 33.464768113243785 ] ] } },
{ "type": "Feature", "properties": { "direction": "OtoD", "ORIG_FIPS": 13117.0, "DEST_FIPS": 13015.0, "origin_county": "FORSYTH", "destination_county": "BARTOW" }, "geometry": { "type": "LineString", "coordinates": [ [ -84.196710702253171, 34.220718889345534 ], [ -84.769081902253163, 34.230574889345533 ] ] } },
{ "type": "Feature", "properties": { "direction": "OtoD", "ORIG_FIPS": 13057.0, "DEST_FIPS": 13097.0, "origin_county": "CHEROKEE", "destination_county": "DOUGLAS" }, "geometry": { "type": "LineString", "coordinates": [ [ -84.50012687200568, 34.186844218220749 ], [ -84.733521272005689, 33.753177818220749 ] ] } },
{ "type": "Feature", "properties": { "direction": "OtoD", "ORIG_FIPS": 13217.0, "DEST_FIPS": 13013.0, "origin_county": "NEWTON", "destination_county": "BARROW" }, "geometry": { "type": "LineString", "coordinates": [ [ -83.842168745358521, 33.60062832867834 ], [ -83.732207145358529, 33.951176328678336 ] ] } },
{ "type": "Feature", "properties": { "direction": "OtoD", "ORIG_FIPS": 13063.0, "DEST_FIPS": 13045.0, "origin_county": "CLAYTON", "destination_county": "CARROLL" }, "geometry": { "type": "LineString", "coordinates": [ [ -84.43023595963777, 33.53994012177067 ], [ -85.007934359637758, 33.572696121770662 ] ] } },
{ "type": "Feature", "properties": { "direction": "OtoD", "ORIG_FIPS": 13097.0, "DEST_FIPS": 13057.0, "origin_county": "DOUGLAS", "destination_county": "CHEROKEE" }, "geometry": { "type": "LineString", "coordinates": [ [ -84.744088127994317, 33.758864781779252 ], [ -84.510693727994308, 34.192531181779252 ] ] } },
{ "type": "Feature", "properties": { "direction": "OtoD", "ORIG_FIPS": 13013.0, "DEST_FIPS": 13217.0, "origin_county": "BARROW", "destination_county": "NEWTON" }, "geometry": { "type": "LineString", "coordinates": [ [ -83.720757254641484, 33.947584671321657 ], [ -83.830718854641475, 33.597036671321661 ] ] } },
{ "type": "Feature", "properties": { "direction": "OtoD", "ORIG_FIPS": 13113.0, "DEST_FIPS": 13135.0, "origin_county": "FAYETTE", "destination_county": "GWINNETT" }, "geometry": { "type": "LineString", "coordinates": [ [ -84.451669273750667, 33.472587086756214 ], [ -84.075259673750665, 33.91080788675621 ] ] } },
{ "type": "Feature", "properties": { "direction": "OtoD", "ORIG_FIPS": 13097.0, "DEST_FIPS": 13151.0, "origin_county": "DOUGLAS", "destination_county": "HENRY" }, "geometry": { "type": "LineString", "coordinates": [ [ -84.704344260515938, 33.682489332028943 ], [ -84.213300260515936, 33.483416532028947 ] ] } },
{ "type": "Feature", "properties": { "direction": "OtoD", "ORIG_FIPS": 13045.0, "DEST_FIPS": 13063.0, "origin_county": "CARROLL", "destination_county": "CLAYTON" }, "geometry": { "type": "LineString", "coordinates": [ [ -85.007255040362239, 33.584676878229331 ], [ -84.42955664036225, 33.551920878229339 ] ] } },
{ "type": "Feature", "properties": { "direction": "OtoD", "ORIG_FIPS": 13077.0, "DEST_FIPS": 13223.0, "origin_county": "COWETA", "destination_county": "PAULDING" }, "geometry": { "type": "LineString", "coordinates": [ [ -84.779633404574781, 33.409068843152319 ], [ -84.86281580457478, 33.862708843152319 ] ] } },
{ "type": "Feature", "properties": { "direction": "OtoD", "ORIG_FIPS": 13097.0, "DEST_FIPS": 13015.0, "origin_county": "DOUGLAS", "destination_county": "BARTOW" }, "geometry": { "type": "LineString", "coordinates": [ [ -84.781179385867787, 33.754607545121551 ], [ -84.839216185867798, 34.183401945121545 ] ] } },
{ "type": "Feature", "properties": { "direction": "OtoD", "ORIG_FIPS": 13015.0, "DEST_FIPS": 13097.0, "origin_county": "BARTOW", "destination_county": "DOUGLAS" }, "geometry": { "type": "LineString", "coordinates": [ [ -84.827324614132209, 34.185011454878449 ], [ -84.769287814132198, 33.756217054878455 ] ] } },
{ "type": "Feature", "properties": { "direction": "OtoD", "ORIG_FIPS": 13067.0, "DEST_FIPS": 13217.0, "origin_county": "COBB", "destination_county": "NEWTON" }, "geometry": { "type": "LineString", "coordinates": [ [ -84.501216944419127, 33.908082099363703 ], [ -83.920020944419122, 33.598952499363705 ] ] } },
{ "type": "Feature", "properties": { "direction": "OtoD", "ORIG_FIPS": 13223.0, "DEST_FIPS": 13077.0, "origin_county": "PAULDING", "destination_county": "COWETA" }, "geometry": { "type": "LineString", "coordinates": [ [ -84.851012595425232, 33.864873156847679 ], [ -84.767830195425233, 33.411233156847679 ] ] } },
{ "type": "Feature", "properties": { "direction": "OtoD", "ORIG_FIPS": 13297.0, "DEST_FIPS": 13139.0, "origin_county": "WALTON", "destination_county": "HALL" }, "geometry": { "type": "LineString", "coordinates": [ [ -83.748350438144655, 33.834118302085393 ], [ -83.81709683814465, 34.262321502085399 ] ] } },
{ "type": "Feature", "properties": { "direction": "OtoD", "ORIG_FIPS": 13139.0, "DEST_FIPS": 13297.0, "origin_county": "HALL", "destination_county": "WALTON" }, "geometry": { "type": "LineString", "coordinates": [ [ -83.80524856185535, 34.264223697914602 ], [ -83.736502161855356, 33.836020497914596 ] ] } },
{ "type": "Feature", "properties": { "direction": "OtoD", "ORIG_FIPS": 13217.0, "DEST_FIPS": 13067.0, "origin_county": "NEWTON", "destination_county": "COBB" }, "geometry": { "type": "LineString", "coordinates": [ [ -83.925656055580873, 33.588357900636296 ], [ -84.506852055580879, 33.897487500636295 ] ] } },
{ "type": "Feature", "properties": { "direction": "OtoD", "ORIG_FIPS": 13067.0, "DEST_FIPS": 13139.0, "origin_county": "COBB", "destination_county": "HALL" }, "geometry": { "type": "LineString", "coordinates": [ [ -84.503657929215706, 33.984338503502926 ], [ -83.898123529215709, 34.284636103502919 ] ] } },
{ "type": "Feature", "properties": { "direction": "OtoD", "ORIG_FIPS": 13063.0, "DEST_FIPS": 13223.0, "origin_county": "CLAYTON", "destination_county": "PAULDING" }, "geometry": { "type": "LineString", "coordinates": [ [ -84.412225226295121, 33.57488589522017 ], [ -84.819927626295126, 33.877813895220164 ] ] } },
{ "type": "Feature", "properties": { "direction": "OtoD", "ORIG_FIPS": 13139.0, "DEST_FIPS": 13067.0, "origin_county": "HALL", "destination_county": "COBB" }, "geometry": { "type": "LineString", "coordinates": [ [ -83.892792070784296, 34.273885496497073 ], [ -84.498326470784292, 33.973587896497079 ] ] } },
{ "type": "Feature", "properties": { "direction": "OtoD", "ORIG_FIPS": 13223.0, "DEST_FIPS": 13063.0, "origin_county": "PAULDING", "destination_county": "CLAYTON" }, "geometry": { "type": "LineString", "coordinates": [ [ -84.812770773704884, 33.887446104779833 ], [ -84.405068373704879, 33.584518104779839 ] ] } },
{ "type": "Feature", "properties": { "direction": "OtoD", "ORIG_FIPS": 13045.0, "DEST_FIPS": 13113.0, "origin_county": "CARROLL", "destination_county": "FAYETTE" }, "geometry": { "type": "LineString", "coordinates": [ [ -85.019580718106127, 33.571657980567736 ], [ -84.551070318106127, 33.436553180567742 ] ] } },
{ "type": "Feature", "properties": { "direction": "OtoD", "ORIG_FIPS": 13139.0, "DEST_FIPS": 13057.0, "origin_county": "HALL", "destination_county": "CHEROKEE" }, "geometry": { "type": "LineString", "coordinates": [ [ -83.884750761795388, 34.30354445860776 ], [ -84.40992676179539, 34.245222858607761 ] ] } },
{ "type": "Feature", "properties": { "direction": "OtoD", "ORIG_FIPS": 13113.0, "DEST_FIPS": 13045.0, "origin_county": "FAYETTE", "destination_county": "CARROLL" }, "geometry": { "type": "LineString", "coordinates": [ [ -84.554395281893875, 33.42502301943226 ], [ -85.022905681893874, 33.560127819432253 ] ] } },
{ "type": "Feature", "properties": { "direction": "OtoD", "ORIG_FIPS": 13135.0, "DEST_FIPS": 13097.0, "origin_county": "GWINNETT", "destination_county": "DOUGLAS" }, "geometry": { "type": "LineString", "coordinates": [ [ -84.096111503009752, 33.930025009839476 ], [ -84.691569103009741, 33.722134609839479 ] ] } },
{ "type": "Feature", "properties": { "direction": "OtoD", "ORIG_FIPS": 13135.0, "DEST_FIPS": 13223.0, "origin_county": "GWINNETT", "destination_county": "PAULDING" }, "geometry": { "type": "LineString", "coordinates": [ [ -84.107729979735097, 33.951565134917701 ], [ -84.782653979735088, 33.9186211349177 ] ] } },
{ "type": "Feature", "properties": { "direction": "OtoD", "ORIG_FIPS": 13117.0, "DEST_FIPS": 13013.0, "origin_county": "FORSYTH", "destination_county": "BARROW" }, "geometry": { "type": "LineString", "coordinates": [ [ -84.080883616619303, 34.207484830285651 ], [ -83.751024416619302, 34.021655230285646 ] ] } },
{ "type": "Feature", "properties": { "direction": "OtoD", "ORIG_FIPS": 13089.0, "DEST_FIPS": 13045.0, "origin_county": "DEKALB", "destination_county": "CARROLL" }, "geometry": { "type": "LineString", "coordinates": [ [ -84.310405776719392, 33.746751590155448 ], [ -84.993166576719403, 33.595792390155445 ] ] } },
{ "type": "Feature", "properties": { "direction": "OtoD", "ORIG_FIPS": 13057.0, "DEST_FIPS": 13139.0, "origin_county": "CHEROKEE", "destination_county": "HALL" }, "geometry": { "type": "LineString", "coordinates": [ [ -84.411251238204613, 34.257149541392238 ], [ -83.886075238204612, 34.315471141392237 ] ] } },
{ "type": "Feature", "properties": { "direction": "OtoD", "ORIG_FIPS": 13045.0, "DEST_FIPS": 13089.0, "origin_county": "CARROLL", "destination_county": "DEKALB" }, "geometry": { "type": "LineString", "coordinates": [ [ -84.995757223280606, 33.607509409844546 ], [ -84.312996423280595, 33.758468609844549 ] ] } },
{ "type": "Feature", "properties": { "direction": "OtoD", "ORIG_FIPS": 13223.0, "DEST_FIPS": 13135.0, "origin_county": "PAULDING", "destination_county": "GWINNETT" }, "geometry": { "type": "LineString", "coordinates": [ [ -84.783239020264901, 33.930606865082297 ], [ -84.108315020264911, 33.963550865082297 ] ] } },
{ "type": "Feature", "properties": { "direction": "OtoD", "ORIG_FIPS": 13089.0, "DEST_FIPS": 13015.0, "origin_county": "DEKALB", "destination_county": "BARTOW" }, "geometry": { "type": "LineString", "coordinates": [ [ -84.291401217134236, 33.813333968943574 ], [ -84.782736417134245, 34.186394768943572 ] ] } },
{ "type": "Feature", "properties": { "direction": "OtoD", "ORIG_FIPS": 13255.0, "DEST_FIPS": 13089.0, "origin_county": "SPALDING", "destination_county": "DEKALB" }, "geometry": { "type": "LineString", "coordinates": [ [ -84.284346010101828, 33.312620402176044 ], [ -84.238098810101832, 33.721095602176042 ] ] } },
{ "type": "Feature", "properties": { "direction": "OtoD", "ORIG_FIPS": 13089.0, "DEST_FIPS": 13255.0, "origin_county": "DEKALB", "destination_county": "SPALDING" }, "geometry": { "type": "LineString", "coordinates": [ [ -84.226174989898169, 33.719745597823952 ], [ -84.272422189898165, 33.311270397823954 ] ] } },
{ "type": "Feature", "properties": { "direction": "OtoD", "ORIG_FIPS": 13297.0, "DEST_FIPS": 13151.0, "origin_county": "WALTON", "destination_county": "HENRY" }, "geometry": { "type": "LineString", "coordinates": [ [ -83.772171974689229, 33.743959639230809 ], [ -84.108444774689232, 33.481102039230819 ] ] } },
{ "type": "Feature", "properties": { "direction": "OtoD", "ORIG_FIPS": 13013.0, "DEST_FIPS": 13117.0, "origin_county": "BARROW", "destination_county": "FORSYTH" }, "geometry": { "type": "LineString", "coordinates": [ [ -83.756914383380703, 34.011200169714343 ], [ -84.086773583380705, 34.197029769714348 ] ] } },
{ "type": "Feature", "properties": { "direction": "OtoD", "ORIG_FIPS": 13151.0, "DEST_FIPS": 13297.0, "origin_county": "HENRY", "destination_county": "WALTON" }, "geometry": { "type": "LineString", "coordinates": [ [ -84.115835025310773, 33.49055636076919 ], [ -83.779562225310769, 33.75341396076918 ] ] } },
{ "type": "Feature", "properties": { "direction": "OtoD", "ORIG_FIPS": 13097.0, "DEST_FIPS": 13135.0, "origin_county": "DOUGLAS", "destination_county": "GWINNETT" }, "geometry": { "type": "LineString", "coordinates": [ [ -84.695524496990245, 33.733463990160523 ], [ -84.100066896990256, 33.941354390160519 ] ] } },
{ "type": "Feature", "properties": { "direction": "OtoD", "ORIG_FIPS": 13015.0, "DEST_FIPS": 13089.0, "origin_county": "BARTOW", "destination_county": "DEKALB" }, "geometry": { "type": "LineString", "coordinates": [ [ -84.775479782865759, 34.195952031056422 ], [ -84.28414458286575, 33.822891231056424 ] ] } },
{ "type": "Feature", "properties": { "direction": "OtoD", "ORIG_FIPS": 13067.0, "DEST_FIPS": 13247.0, "origin_county": "COBB", "destination_county": "ROCKDALE" }, "geometry": { "type": "LineString", "coordinates": [ [ -84.518903558843121, 33.918022946000228 ], [ -84.078877958843123, 33.688250146000222 ] ] } },
{ "type": "Feature", "properties": { "direction": "OtoD", "ORIG_FIPS": 13151.0, "DEST_FIPS": 13077.0, "origin_county": "HENRY", "destination_county": "COWETA" }, "geometry": { "type": "LineString", "coordinates": [ [ -84.214122533461023, 33.437097912982715 ], [ -84.701450533461013, 33.357477112982707 ] ] } },
{ "type": "Feature", "properties": { "direction": "OtoD", "ORIG_FIPS": 13247.0, "DEST_FIPS": 13067.0, "origin_county": "ROCKDALE", "destination_county": "COBB" }, "geometry": { "type": "LineString", "coordinates": [ [ -84.084432441156878, 33.677613053999771 ], [ -84.524458041156876, 33.907385853999777 ] ] } },
{ "type": "Feature", "properties": { "direction": "OtoD", "ORIG_FIPS": 13057.0, "DEST_FIPS": 13085.0, "origin_county": "CHEROKEE", "destination_county": "DAWSON" }, "geometry": { "type": "LineString", "coordinates": [ [ -84.448955595897175, 34.268951486323488 ], [ -84.204398795897177, 34.429250686323492 ] ] } },
{ "type": "Feature", "properties": { "direction": "OtoD", "ORIG_FIPS": 13085.0, "DEST_FIPS": 13057.0, "origin_county": "DAWSON", "destination_county": "CHEROKEE" }, "geometry": { "type": "LineString", "coordinates": [ [ -84.197820404102814, 34.419214513676515 ], [ -84.442377204102812, 34.258915313676511 ] ] } },
{ "type": "Feature", "properties": { "direction": "OtoD", "ORIG_FIPS": 13077.0, "DEST_FIPS": 13151.0, "origin_county": "COWETA", "destination_county": "HENRY" }, "geometry": { "type": "LineString", "coordinates": [ [ -84.703385466538975, 33.369320087017286 ], [ -84.216057466538984, 33.448940887017294 ] ] } },
{ "type": "Feature", "properties": { "direction": "OtoD", "ORIG_FIPS": 13135.0, "DEST_FIPS": 13085.0, "origin_county": "GWINNETT", "destination_county": "DAWSON" }, "geometry": { "type": "LineString", "coordinates": [ [ -84.044085321531156, 34.008188358837941 ], [ -84.161591721531153, 34.394263558837949 ] ] } },
{ "type": "Feature", "properties": { "direction": "OtoD", "ORIG_FIPS": 13085.0, "DEST_FIPS": 13135.0, "origin_county": "DAWSON", "destination_county": "GWINNETT" }, "geometry": { "type": "LineString", "coordinates": [ [ -84.150111678468846, 34.397757641162059 ], [ -84.03260527846885, 34.011682441162051 ] ] } },
{ "type": "Feature", "properties": { "direction": "OtoD", "ORIG_FIPS": 13113.0, "DEST_FIPS": 13097.0, "origin_county": "FAYETTE", "destination_county": "DOUGLAS" }, "geometry": { "type": "LineString", "coordinates": [ [ -84.525897789223535, 33.438556480914741 ], [ -84.744945789223522, 33.668886880914741 ] ] } },
{ "type": "Feature", "properties": { "direction": "OtoD", "ORIG_FIPS": 13097.0, "DEST_FIPS": 13113.0, "origin_county": "DOUGLAS", "destination_county": "FAYETTE" }, "geometry": { "type": "LineString", "coordinates": [ [ -84.736250210776461, 33.677156519085258 ], [ -84.517202210776475, 33.446826119085259 ] ] } },
{ "type": "Feature", "properties": { "direction": "OtoD", "ORIG_FIPS": 13063.0, "DEST_FIPS": 13217.0, "origin_county": "CLAYTON", "destination_county": "NEWTON" }, "geometry": { "type": "LineString", "coordinates": [ [ -84.307090248050301, 33.549151778204774 ], [ -83.901094248050285, 33.559694178204765 ] ] } },
{ "type": "Feature", "properties": { "direction": "OtoD", "ORIG_FIPS": 13217.0, "DEST_FIPS": 13063.0, "origin_county": "NEWTON", "destination_county": "CLAYTON" }, "geometry": { "type": "LineString", "coordinates": [ [ -83.900782751949706, 33.54769822179523 ], [ -84.306778751949722, 33.537155821795238 ] ] } },
{ "type": "Feature", "properties": { "direction": "OtoD", "ORIG_FIPS": 13089.0, "DEST_FIPS": 13077.0, "origin_county": "DEKALB", "destination_county": "COWETA" }, "geometry": { "type": "LineString", "coordinates": [ [ -84.27636804470346, 33.724942129819063 ], [ -84.705950444703475, 33.390514929819062 ] ] } },
{ "type": "Feature", "properties": { "direction": "OtoD", "ORIG_FIPS": 13121.0, "DEST_FIPS": 13013.0, "origin_county": "FULTON", "destination_county": "BARROW" }, "geometry": { "type": "LineString", "coordinates": [ [ -84.393698323040184, 33.816016264706661 ], [ -83.789786323040204, 33.978661864706652 ] ] } },
{ "type": "Feature", "properties": { "direction": "OtoD", "ORIG_FIPS": 13067.0, "DEST_FIPS": 13077.0, "origin_county": "COBB", "destination_county": "COWETA" }, "geometry": { "type": "LineString", "coordinates": [ [ -84.58963022545764, 33.880812616367336 ], [ -84.738950225457643, 33.410428616367341 ] ] } },
{ "type": "Feature", "properties": { "direction": "OtoD", "ORIG_FIPS": 13077.0, "DEST_FIPS": 13089.0, "origin_county": "COWETA", "destination_county": "DEKALB" }, "geometry": { "type": "LineString", "coordinates": [ [ -84.713321955296536, 33.399983870180932 ], [ -84.283739555296521, 33.734411070180933 ] ] } },
{ "type": "Feature", "properties": { "direction": "OtoD", "ORIG_FIPS": 13077.0, "DEST_FIPS": 13067.0, "origin_county": "COWETA", "destination_county": "COBB" }, "geometry": { "type": "LineString", "coordinates": [ [ -84.750387774542361, 33.414059383632662 ], [ -84.601067774542358, 33.884443383632657 ] ] } },
{ "type": "Feature", "properties": { "direction": "OtoD", "ORIG_FIPS": 13121.0, "DEST_FIPS": 13085.0, "origin_county": "FULTON", "destination_county": "DAWSON" }, "geometry": { "type": "LineString", "coordinates": [ [ -84.443381622829918, 33.857810143455268 ], [ -84.205712022829928, 34.381312543455273 ] ] } },
{ "type": "Feature", "properties": { "direction": "OtoD", "ORIG_FIPS": 13255.0, "DEST_FIPS": 13077.0, "origin_county": "SPALDING", "destination_county": "COWETA" }, "geometry": { "type": "LineString", "coordinates": [ [ -84.33321986998925, 33.264250902962644 ], [ -84.716555069989241, 33.338298902962642 ] ] } },
{ "type": "Feature", "properties": { "direction": "OtoD", "ORIG_FIPS": 13085.0, "DEST_FIPS": 13121.0, "origin_county": "DAWSON", "destination_county": "FULTON" }, "geometry": { "type": "LineString", "coordinates": [ [ -84.194785377170078, 34.376351856544737 ], [ -84.432454977170067, 33.852849456544732 ] ] } },
{ "type": "Feature", "properties": { "direction": "OtoD", "ORIG_FIPS": 13077.0, "DEST_FIPS": 13255.0, "origin_county": "COWETA", "destination_county": "SPALDING" }, "geometry": { "type": "LineString", "coordinates": [ [ -84.714279130010752, 33.350081097037354 ], [ -84.330943930010761, 33.276033097037356 ] ] } },
{ "type": "Feature", "properties": { "direction": "OtoD", "ORIG_FIPS": 13089.0, "DEST_FIPS": 13013.0, "origin_county": "DEKALB", "destination_county": "BARROW" }, "geometry": { "type": "LineString", "coordinates": [ [ -84.177372074065559, 33.799160551318018 ], [ -83.766476874065575, 33.976535751318018 ] ] } },
{ "type": "Feature", "properties": { "direction": "OtoD", "ORIG_FIPS": 13121.0, "DEST_FIPS": 13255.0, "origin_county": "FULTON", "destination_county": "SPALDING" }, "geometry": { "type": "LineString", "coordinates": [ [ -84.443612025782286, 33.738957360037375 ], [ -84.296842425782287, 33.315752560037375 ] ] } },
{ "type": "Feature", "properties": { "direction": "OtoD", "ORIG_FIPS": 13013.0, "DEST_FIPS": 13121.0, "origin_county": "BARROW", "destination_county": "FULTON" }, "geometry": { "type": "LineString", "coordinates": [ [ -83.786665676959814, 33.967074735293338 ], [ -84.390577676959794, 33.804429135293347 ] ] } },
{ "type": "Feature", "properties": { "direction": "OtoD", "ORIG_FIPS": 13013.0, "DEST_FIPS": 13089.0, "origin_county": "BARROW", "destination_county": "DEKALB" }, "geometry": { "type": "LineString", "coordinates": [ [ -83.761720925934441, 33.965518448681983 ], [ -84.172616125934425, 33.788143248681983 ] ] } },
{ "type": "Feature", "properties": { "direction": "OtoD", "ORIG_FIPS": 13067.0, "DEST_FIPS": 13113.0, "origin_county": "COBB", "destination_county": "FAYETTE" }, "geometry": { "type": "LineString", "coordinates": [ [ -84.562504580528341, 33.8896006382313 ], [ -84.49649258052834, 33.467579838231295 ] ] } },
{ "type": "Feature", "properties": { "direction": "OtoD", "ORIG_FIPS": 13089.0, "DEST_FIPS": 13139.0, "origin_county": "DEKALB", "destination_county": "HALL" }, "geometry": { "type": "LineString", "coordinates": [ [ -84.190507136102411, 33.829598245409613 ], [ -83.865235136102427, 34.265852645409616 ] ] } },
{ "type": "Feature", "properties": { "direction": "OtoD", "ORIG_FIPS": 13067.0, "DEST_FIPS": 13151.0, "origin_county": "COBB", "destination_county": "HENRY" }, "geometry": { "type": "LineString", "coordinates": [ [ -84.529895111931722, 33.896505848002327 ], [ -84.19188711193172, 33.505742648002325 ] ] } },
{ "type": "Feature", "properties": { "direction": "OtoD", "ORIG_FIPS": 13255.0, "DEST_FIPS": 13121.0, "origin_county": "SPALDING", "destination_county": "FULTON" }, "geometry": { "type": "LineString", "coordinates": [ [ -84.308179974217708, 33.311820639962626 ], [ -84.454949574217707, 33.735025439962627 ] ] } },
{ "type": "Feature", "properties": { "direction": "OtoD", "ORIG_FIPS": 13113.0, "DEST_FIPS": 13067.0, "origin_county": "FAYETTE", "destination_county": "COBB" }, "geometry": { "type": "LineString", "coordinates": [ [ -84.508348419471659, 33.465725361768698 ], [ -84.57436041947166, 33.887746161768703 ] ] } },
{ "type": "Feature", "properties": { "direction": "OtoD", "ORIG_FIPS": 13139.0, "DEST_FIPS": 13089.0, "origin_county": "HALL", "destination_county": "DEKALB" }, "geometry": { "type": "LineString", "coordinates": [ [ -83.855614863897586, 34.258679754590382 ], [ -84.18088686389757, 33.822425354590379 ] ] } },
{ "type": "Feature", "properties": { "direction": "OtoD", "ORIG_FIPS": 13151.0, "DEST_FIPS": 13067.0, "origin_county": "HENRY", "destination_county": "COBB" }, "geometry": { "type": "LineString", "coordinates": [ [ -84.20096288806829, 33.497892151997675 ], [ -84.538970888068292, 33.888655351997677 ] ] } },
{ "type": "Feature", "properties": { "direction": "OtoD", "ORIG_FIPS": 13063.0, "DEST_FIPS": 13097.0, "origin_county": "CLAYTON", "destination_county": "DOUGLAS" }, "geometry": { "type": "LineString", "coordinates": [ [ -84.400893121677228, 33.552243597197361 ], [ -84.729129121677232, 33.680225197197359 ] ] } },
{ "type": "Feature", "properties": { "direction": "OtoD", "ORIG_FIPS": 13097.0, "DEST_FIPS": 13063.0, "origin_county": "DOUGLAS", "destination_county": "CLAYTON" }, "geometry": { "type": "LineString", "coordinates": [ [ -84.724769878322775, 33.691405402802644 ], [ -84.396533878322771, 33.563423802802646 ] ] } },
{ "type": "Feature", "properties": { "direction": "OtoD", "ORIG_FIPS": 13121.0, "DEST_FIPS": 13297.0, "origin_county": "FULTON", "destination_county": "WALTON" }, "geometry": { "type": "LineString", "coordinates": [ [ -84.39417934547761, 33.79505681176412 ], [ -83.807144145477608, 33.788378411764114 ] ] } },
{ "type": "Feature", "properties": { "direction": "OtoD", "ORIG_FIPS": 13063.0, "DEST_FIPS": 13247.0, "origin_county": "CLAYTON", "destination_county": "ROCKDALE" }, "geometry": { "type": "LineString", "coordinates": [ [ -84.326509494931088, 33.558754961041025 ], [ -84.061683894931079, 33.648654161041023 ] ] } },
{ "type": "Feature", "properties": { "direction": "OtoD", "ORIG_FIPS": 13089.0, "DEST_FIPS": 13223.0, "origin_county": "DEKALB", "destination_county": "PAULDING" }, "geometry": { "type": "LineString", "coordinates": [ [ -84.291810304387496, 33.780537464273699 ], [ -84.804575104387496, 33.899750264273699 ] ] } },
{ "type": "Feature", "properties": { "direction": "OtoD", "ORIG_FIPS": 13247.0, "DEST_FIPS": 13063.0, "origin_county": "ROCKDALE", "destination_county": "CLAYTON" }, "geometry": { "type": "LineString", "coordinates": [ [ -84.057826505068917, 33.637291038958978 ], [ -84.322652105068926, 33.54739183895898 ] ] } },
{ "type": "Feature", "properties": { "direction": "OtoD", "ORIG_FIPS": 13297.0, "DEST_FIPS": 13121.0, "origin_county": "WALTON", "destination_county": "FULTON" }, "geometry": { "type": "LineString", "coordinates": [ [ -83.807280654522387, 33.776379188235879 ], [ -84.394315854522389, 33.783057588235884 ] ] } },
{ "type": "Feature", "properties": { "direction": "OtoD", "ORIG_FIPS": 13223.0, "DEST_FIPS": 13089.0, "origin_county": "PAULDING", "destination_county": "DEKALB" }, "geometry": { "type": "LineString", "coordinates": [ [ -84.801857695612497, 33.911438535726298 ], [ -84.289092895612498, 33.792225735726298 ] ] } },
{ "type": "Feature", "properties": { "direction": "OtoD", "ORIG_FIPS": 13097.0, "DEST_FIPS": 13077.0, "origin_county": "DOUGLAS", "destination_county": "COWETA" }, "geometry": { "type": "LineString", "coordinates": [ [ -84.761515033286727, 33.667056294726493 ], [ -84.75779903328673, 33.388362694726489 ] ] } },
{ "type": "Feature", "properties": { "direction": "OtoD", "ORIG_FIPS": 13077.0, "DEST_FIPS": 13097.0, "origin_county": "COWETA", "destination_county": "DOUGLAS" }, "geometry": { "type": "LineString", "coordinates": [ [ -84.769797966713284, 33.388202705273507 ], [ -84.773513966713281, 33.666896305273511 ] ] } },
{ "type": "Feature", "properties": { "direction": "OtoD", "ORIG_FIPS": 13057.0, "DEST_FIPS": 13223.0, "origin_county": "CHEROKEE", "destination_county": "PAULDING" }, "geometry": { "type": "LineString", "coordinates": [ [ -84.511519942003332, 34.206932187771486 ], [ -84.824380742003342, 33.948212187771482 ] ] } },
{ "type": "Feature", "properties": { "direction": "OtoD", "ORIG_FIPS": 13089.0, "DEST_FIPS": 13113.0, "origin_county": "DEKALB", "destination_county": "FAYETTE" }, "geometry": { "type": "LineString", "coordinates": [ [ -84.24833490295542, 33.732125198278148 ], [ -84.462585302955432, 33.446061198278151 ] ] } },
{ "type": "Feature", "properties": { "direction": "OtoD", "ORIG_FIPS": 13113.0, "DEST_FIPS": 13089.0, "origin_county": "FAYETTE", "destination_county": "DEKALB" }, "geometry": { "type": "LineString", "coordinates": [ [ -84.472190097044574, 33.453254801721847 ], [ -84.257939697044563, 33.739318801721843 ] ] } },
{ "type": "Feature", "properties": { "direction": "OtoD", "ORIG_FIPS": 13223.0, "DEST_FIPS": 13057.0, "origin_county": "PAULDING", "destination_county": "CHEROKEE" }, "geometry": { "type": "LineString", "coordinates": [ [ -84.832028057996666, 33.957459812228514 ], [ -84.519167257996656, 34.216179812228518 ] ] } },
{ "type": "Feature", "properties": { "direction": "OtoD", "ORIG_FIPS": 13135.0, "DEST_FIPS": 13151.0, "origin_county": "GWINNETT", "destination_county": "HENRY" }, "geometry": { "type": "LineString", "coordinates": [ [ -84.030896936973051, 33.909314489501575 ], [ -84.135310536973037, 33.502351289501583 ] ] } },
{ "type": "Feature", "properties": { "direction": "OtoD", "ORIG_FIPS": 13151.0, "DEST_FIPS": 13135.0, "origin_county": "HENRY", "destination_county": "GWINNETT" }, "geometry": { "type": "LineString", "coordinates": [ [ -84.146934063026947, 33.505333510498424 ], [ -84.04252046302696, 33.912296710498417 ] ] } },
{ "type": "Feature", "properties": { "direction": "OtoD", "ORIG_FIPS": 13121.0, "DEST_FIPS": 13015.0, "origin_county": "FULTON", "destination_county": "BARTOW" }, "geometry": { "type": "LineString", "coordinates": [ [ -84.509527968391652, 33.830844503535694 ], [ -84.807846368391665, 34.189175703535689 ] ] } },
{ "type": "Feature", "properties": { "direction": "OtoD", "ORIG_FIPS": 13121.0, "DEST_FIPS": 13217.0, "origin_county": "FULTON", "destination_county": "NEWTON" }, "geometry": { "type": "LineString", "coordinates": [ [ -84.403749897050062, 33.772012142450123 ], [ -83.909799497050074, 33.584109742450117 ] ] } },
{ "type": "Feature", "properties": { "direction": "OtoD", "ORIG_FIPS": 13015.0, "DEST_FIPS": 13121.0, "origin_county": "BARTOW", "destination_county": "FULTON" }, "geometry": { "type": "LineString", "coordinates": [ [ -84.798624031608341, 34.196853496464307 ], [ -84.500305631608327, 33.838522296464312 ] ] } },
{ "type": "Feature", "properties": { "direction": "OtoD", "ORIG_FIPS": 13139.0, "DEST_FIPS": 13085.0, "origin_county": "HALL", "destination_county": "DAWSON" }, "geometry": { "type": "LineString", "coordinates": [ [ -83.856892691445807, 34.323906015256604 ], [ -84.137511891445797, 34.425883615256609 ] ] } },
{ "type": "Feature", "properties": { "direction": "OtoD", "ORIG_FIPS": 13067.0, "DEST_FIPS": 13045.0, "origin_county": "COBB", "destination_county": "CARROLL" }, "geometry": { "type": "LineString", "coordinates": [ [ -84.623513557265312, 33.900675755118826 ], [ -85.026011957265311, 33.613759755118828 ] ] } },
{ "type": "Feature", "properties": { "direction": "OtoD", "ORIG_FIPS": 13045.0, "DEST_FIPS": 13067.0, "origin_county": "CARROLL", "destination_county": "COBB" }, "geometry": { "type": "LineString", "coordinates": [ [ -85.03297744273469, 33.623531244881171 ], [ -84.630479042734692, 33.910447244881169 ] ] } },
{ "type": "Feature", "properties": { "direction": "OtoD", "ORIG_FIPS": 13135.0, "DEST_FIPS": 13063.0, "origin_county": "GWINNETT", "destination_county": "CLAYTON" }, "geometry": { "type": "LineString", "coordinates": [ [ -84.052364438927953, 33.915956424613874 ], [ -84.319586038927966, 33.580084424613879 ] ] } },
{ "type": "Feature", "properties": { "direction": "OtoD", "ORIG_FIPS": 13063.0, "DEST_FIPS": 13135.0, "origin_county": "CLAYTON", "destination_county": "GWINNETT" }, "geometry": { "type": "LineString", "coordinates": [ [ -84.328976561072054, 33.587555575386126 ], [ -84.06175496107204, 33.923427575386121 ] ] } },
{ "type": "Feature", "properties": { "direction": "OtoD", "ORIG_FIPS": 13085.0, "DEST_FIPS": 13139.0, "origin_county": "DAWSON", "destination_county": "HALL" }, "geometry": { "type": "LineString", "coordinates": [ [ -84.133413308554196, 34.437161984743398 ], [ -83.852794108554207, 34.335184384743393 ] ] } },
{ "type": "Feature", "properties": { "direction": "OtoD", "ORIG_FIPS": 13217.0, "DEST_FIPS": 13121.0, "origin_county": "NEWTON", "destination_county": "FULTON" }, "geometry": { "type": "LineString", "coordinates": [ [ -83.914066102949931, 33.572893857549879 ], [ -84.40801650294992, 33.760796257549885 ] ] } },
{ "type": "Feature", "properties": { "direction": "OtoD", "ORIG_FIPS": 13089.0, "DEST_FIPS": 13097.0, "origin_county": "DEKALB", "destination_county": "DOUGLAS" }, "geometry": { "type": "LineString", "coordinates": [ [ -84.279752847912079, 33.758562326709757 ], [ -84.713051247912077, 33.702828726709761 ] ] } },
{ "type": "Feature", "properties": { "direction": "OtoD", "ORIG_FIPS": 13063.0, "DEST_FIPS": 13077.0, "origin_county": "CLAYTON", "destination_county": "COWETA" }, "geometry": { "type": "LineString", "coordinates": [ [ -84.3957217527838, 33.517555215227695 ], [ -84.720241752783792, 33.366843215227689 ] ] } },
{ "type": "Feature", "properties": { "direction": "OtoD", "ORIG_FIPS": 13121.0, "DEST_FIPS": 13139.0, "origin_county": "FULTON", "destination_county": "HALL" }, "geometry": { "type": "LineString", "coordinates": [ [ -84.406626701212261, 33.847237458663933 ], [ -83.888337901212267, 34.268762258663934 ] ] } },
{ "type": "Feature", "properties": { "direction": "OtoD", "ORIG_FIPS": 13077.0, "DEST_FIPS": 13063.0, "origin_county": "COWETA", "destination_county": "CLAYTON" }, "geometry": { "type": "LineString", "coordinates": [ [ -84.725296247216207, 33.377726784772307 ], [ -84.400776247216214, 33.528438784772312 ] ] } },
{ "type": "Feature", "properties": { "direction": "OtoD", "ORIG_FIPS": 13089.0, "DEST_FIPS": 13057.0, "origin_county": "DEKALB", "destination_county": "CHEROKEE" }, "geometry": { "type": "LineString", "coordinates": [ [ -84.256647760497813, 33.815916225767971 ], [ -84.456551760497817, 34.193849025767975 ] ] } },
{ "type": "Feature", "properties": { "direction": "OtoD", "ORIG_FIPS": 13139.0, "DEST_FIPS": 13121.0, "origin_county": "HALL", "destination_county": "FULTON" }, "geometry": { "type": "LineString", "coordinates": [ [ -83.880766298787748, 34.259452541336067 ], [ -84.399055098787741, 33.837927741336067 ] ] } },
{ "type": "Feature", "properties": { "direction": "OtoD", "ORIG_FIPS": 13097.0, "DEST_FIPS": 13089.0, "origin_county": "DOUGLAS", "destination_county": "DEKALB" }, "geometry": { "type": "LineString", "coordinates": [ [ -84.714582152087914, 33.714730673290241 ], [ -84.281283752087916, 33.770464273290237 ] ] } },
{ "type": "Feature", "properties": { "direction": "OtoD", "ORIG_FIPS": 13057.0, "DEST_FIPS": 13089.0, "origin_county": "CHEROKEE", "destination_county": "DEKALB" }, "geometry": { "type": "LineString", "coordinates": [ [ -84.445944239502168, 34.199459774232025 ], [ -84.246040239502165, 33.821526974232022 ] ] } },
{ "type": "Feature", "properties": { "direction": "OtoD", "ORIG_FIPS": 13113.0, "DEST_FIPS": 13255.0, "origin_county": "FAYETTE", "destination_county": "SPALDING" }, "geometry": { "type": "LineString", "coordinates": [ [ -84.469635284668627, 33.40344789714176 ], [ -84.30163208466864, 33.281036697141758 ] ] } },
{ "type": "Feature", "properties": { "direction": "OtoD", "ORIG_FIPS": 13135.0, "DEST_FIPS": 13217.0, "origin_county": "GWINNETT", "destination_county": "NEWTON" }, "geometry": { "type": "LineString", "coordinates": [ [ -84.000791329581489, 33.923363959999598 ], [ -83.862016929581486, 33.598034359999595 ] ] } },
{ "type": "Feature", "properties": { "direction": "OtoD", "ORIG_FIPS": 13255.0, "DEST_FIPS": 13113.0, "origin_county": "SPALDING", "destination_county": "FAYETTE" }, "geometry": { "type": "LineString", "coordinates": [ [ -84.308698715331374, 33.271338102858238 ], [ -84.476701915331361, 33.39374930285824 ] ] } },
{ "type": "Feature", "properties": { "direction": "OtoD", "ORIG_FIPS": 13255.0, "DEST_FIPS": 13063.0, "origin_county": "SPALDING", "destination_county": "CLAYTON" }, "geometry": { "type": "LineString", "coordinates": [ [ -84.297321452950143, 33.287462064501362 ], [ -84.356136652950141, 33.512222064501366 ] ] } },
{ "type": "Feature", "properties": { "direction": "OtoD", "ORIG_FIPS": 13063.0, "DEST_FIPS": 13255.0, "origin_county": "CLAYTON", "destination_county": "SPALDING" }, "geometry": { "type": "LineString", "coordinates": [ [ -84.344527547049864, 33.515259935498641 ], [ -84.285712347049866, 33.290499935498637 ] ] } },
{ "type": "Feature", "properties": { "direction": "OtoD", "ORIG_FIPS": 13077.0, "DEST_FIPS": 13045.0, "origin_county": "COWETA", "destination_county": "CARROLL" }, "geometry": { "type": "LineString", "coordinates": [ [ -84.798502019327003, 33.371521050101059 ], [ -85.051680419326999, 33.554989050101057 ] ] } },
{ "type": "Feature", "properties": { "direction": "OtoD", "ORIG_FIPS": 13121.0, "DEST_FIPS": 13045.0, "origin_county": "FULTON", "destination_county": "CARROLL" }, "geometry": { "type": "LineString", "coordinates": [ [ -84.526922159202513, 33.763497355043938 ], [ -85.016666159202529, 33.597808555043933 ] ] } },
{ "type": "Feature", "properties": { "direction": "OtoD", "ORIG_FIPS": 13045.0, "DEST_FIPS": 13077.0, "origin_county": "CARROLL", "destination_county": "COWETA" }, "geometry": { "type": "LineString", "coordinates": [ [ -85.044638980673, 33.564705949898936 ], [ -84.791460580673004, 33.381237949898939 ] ] } },
{ "type": "Feature", "properties": { "direction": "OtoD", "ORIG_FIPS": 13217.0, "DEST_FIPS": 13135.0, "origin_county": "NEWTON", "destination_county": "GWINNETT" }, "geometry": { "type": "LineString", "coordinates": [ [ -83.873054670418512, 33.593326040000399 ], [ -84.011829070418514, 33.918655640000402 ] ] } },
{ "type": "Feature", "properties": { "direction": "OtoD", "ORIG_FIPS": 13045.0, "DEST_FIPS": 13121.0, "origin_county": "CARROLL", "destination_county": "FULTON" }, "geometry": { "type": "LineString", "coordinates": [ [ -85.020511840797482, 33.609175644956061 ], [ -84.530767840797466, 33.774864444956066 ] ] } },
{ "type": "Feature", "properties": { "direction": "OtoD", "ORIG_FIPS": 13139.0, "DEST_FIPS": 13013.0, "origin_county": "HALL", "destination_county": "BARROW" }, "geometry": { "type": "LineString", "coordinates": [ [ -83.803366593647212, 34.286322195372456 ], [ -83.717743393647211, 34.027442995372461 ] ] } },
{ "type": "Feature", "properties": { "direction": "OtoD", "ORIG_FIPS": 13297.0, "DEST_FIPS": 13247.0, "origin_county": "WALTON", "destination_county": "ROCKDALE" }, "geometry": { "type": "LineString", "coordinates": [ [ -83.760722205282718, 33.763308326652563 ], [ -83.994977405282711, 33.661441126652569 ] ] } },
{ "type": "Feature", "properties": { "direction": "OtoD", "ORIG_FIPS": 13247.0, "DEST_FIPS": 13297.0, "origin_county": "ROCKDALE", "destination_county": "WALTON" }, "geometry": { "type": "LineString", "coordinates": [ [ -83.999762794717284, 33.672445673347433 ], [ -83.765507594717292, 33.774312873347426 ] ] } },
{ "type": "Feature", "properties": { "direction": "OtoD", "ORIG_FIPS": 13013.0, "DEST_FIPS": 13139.0, "origin_county": "BARROW", "destination_county": "HALL" }, "geometry": { "type": "LineString", "coordinates": [ [ -83.729136406352794, 34.023674804627539 ], [ -83.814759606352794, 34.282554004627535 ] ] } },
{ "type": "Feature", "properties": { "direction": "OtoD", "ORIG_FIPS": 13089.0, "DEST_FIPS": 13297.0, "origin_county": "DEKALB", "destination_county": "WALTON" }, "geometry": { "type": "LineString", "coordinates": [ [ -84.177226275794155, 33.778485147800552 ], [ -83.783207875794162, 33.786536347800549 ] ] } },
{ "type": "Feature", "properties": { "direction": "OtoD", "ORIG_FIPS": 13135.0, "DEST_FIPS": 13057.0, "origin_county": "GWINNETT", "destination_county": "CHEROKEE" }, "geometry": { "type": "LineString", "coordinates": [ [ -84.072089699574363, 33.984806767569381 ], [ -84.434152899574372, 34.210582767569385 ] ] } },
{ "type": "Feature", "properties": { "direction": "OtoD", "ORIG_FIPS": 13297.0, "DEST_FIPS": 13089.0, "origin_county": "WALTON", "destination_county": "DEKALB" }, "geometry": { "type": "LineString", "coordinates": [ [ -83.782962724205859, 33.774538852199441 ], [ -84.176981124205852, 33.766487652199444 ] ] } },
{ "type": "Feature", "properties": { "direction": "OtoD", "ORIG_FIPS": 13057.0, "DEST_FIPS": 13135.0, "origin_county": "CHEROKEE", "destination_county": "GWINNETT" }, "geometry": { "type": "LineString", "coordinates": [ [ -84.427803300425637, 34.220765232430615 ], [ -84.065740100425629, 33.994989232430612 ] ] } },
{ "type": "Feature", "properties": { "direction": "OtoD", "ORIG_FIPS": 13121.0, "DEST_FIPS": 13247.0, "origin_county": "FULTON", "destination_county": "ROCKDALE" }, "geometry": { "type": "LineString", "coordinates": [ [ -84.421765015977343, 33.782058483612353 ], [ -84.068985015977347, 33.673512883612354 ] ] } },
{ "type": "Feature", "properties": { "direction": "OtoD", "ORIG_FIPS": 13247.0, "DEST_FIPS": 13121.0, "origin_county": "ROCKDALE", "destination_county": "FULTON" }, "geometry": { "type": "LineString", "coordinates": [ [ -84.072513984022663, 33.662043516387648 ], [ -84.425293984022659, 33.770589116387647 ] ] } },
{ "type": "Feature", "properties": { "direction": "OtoD", "ORIG_FIPS": 13113.0, "DEST_FIPS": 13151.0, "origin_county": "FAYETTE", "destination_county": "HENRY" }, "geometry": { "type": "LineString", "coordinates": [ [ -84.460854507597872, 33.423767968791928 ], [ -84.188858507597871, 33.455025568791932 ] ] } },
{ "type": "Feature", "properties": { "direction": "OtoD", "ORIG_FIPS": 13067.0, "DEST_FIPS": 13117.0, "origin_county": "COBB", "destination_county": "FORSYTH" }, "geometry": { "type": "LineString", "coordinates": [ [ -84.534716201760418, 33.974910893432885 ], [ -84.173417801760422, 34.202158893432888 ] ] } },
{ "type": "Feature", "properties": { "direction": "OtoD", "ORIG_FIPS": 13151.0, "DEST_FIPS": 13113.0, "origin_county": "HENRY", "destination_county": "FAYETTE" }, "geometry": { "type": "LineString", "coordinates": [ [ -84.187488492402139, 33.443104031208073 ], [ -84.45948449240214, 33.411846431208069 ] ] } },
{ "type": "Feature", "properties": { "direction": "OtoD", "ORIG_FIPS": 13089.0, "DEST_FIPS": 13117.0, "origin_county": "DEKALB", "destination_county": "FORSYTH" }, "geometry": { "type": "LineString", "coordinates": [ [ -84.222082514615423, 33.818187157623619 ], [ -84.141046514615439, 34.181391957623617 ] ] } },
{ "type": "Feature", "properties": { "direction": "OtoD", "ORIG_FIPS": 13117.0, "DEST_FIPS": 13067.0, "origin_county": "FORSYTH", "destination_county": "COBB" }, "geometry": { "type": "LineString", "coordinates": [ [ -84.167028798239585, 34.192001106567112 ], [ -84.52832719823958, 33.964753106567109 ] ] } },
{ "type": "Feature", "properties": { "direction": "OtoD", "ORIG_FIPS": 13117.0, "DEST_FIPS": 13089.0, "origin_county": "FORSYTH", "destination_county": "DEKALB" }, "geometry": { "type": "LineString", "coordinates": [ [ -84.129334485384575, 34.178778842376374 ], [ -84.210370485384558, 33.815574042376376 ] ] } },
{ "type": "Feature", "properties": { "direction": "OtoD", "ORIG_FIPS": 13223.0, "DEST_FIPS": 13015.0, "origin_county": "PAULDING", "destination_county": "BARTOW" }, "geometry": { "type": "LineString", "coordinates": [ [ -84.870612033884569, 33.952731718869771 ], [ -84.849182433884579, 34.206579718869769 ] ] } },
{ "type": "Feature", "properties": { "direction": "OtoD", "ORIG_FIPS": 13015.0, "DEST_FIPS": 13223.0, "origin_county": "BARTOW", "destination_county": "PAULDING" }, "geometry": { "type": "LineString", "coordinates": [ [ -84.837224966115429, 34.205570281130228 ], [ -84.858654566115419, 33.95172228113023 ] ] } },
{ "type": "Feature", "properties": { "direction": "OtoD", "ORIG_FIPS": 13067.0, "DEST_FIPS": 13063.0, "origin_county": "COBB", "destination_county": "CLAYTON" }, "geometry": { "type": "LineString", "coordinates": [ [ -84.549522404028963, 33.904350679565695 ], [ -84.374322404028973, 33.584678679565698 ] ] } },
{ "type": "Feature", "properties": { "direction": "OtoD", "ORIG_FIPS": 13063.0, "DEST_FIPS": 13067.0, "origin_county": "CLAYTON", "destination_county": "COBB" }, "geometry": { "type": "LineString", "coordinates": [ [ -84.384845595971044, 33.578911320434301 ], [ -84.560045595971033, 33.898583320434298 ] ] } },
{ "type": "Feature", "properties": { "direction": "OtoD", "ORIG_FIPS": 13217.0, "DEST_FIPS": 13089.0, "origin_county": "NEWTON", "destination_county": "DEKALB" }, "geometry": { "type": "LineString", "coordinates": [ [ -83.890798292559225, 33.571460177923427 ], [ -84.191731892559218, 33.74463297792343 ] ] } },
{ "type": "Feature", "properties": { "direction": "OtoD", "ORIG_FIPS": 13089.0, "DEST_FIPS": 13217.0, "origin_county": "DEKALB", "destination_county": "NEWTON" }, "geometry": { "type": "LineString", "coordinates": [ [ -84.185746707440771, 33.75503382207657 ], [ -83.884813107440777, 33.581861022076566 ] ] } },
{ "type": "Feature", "properties": { "direction": "OtoD", "ORIG_FIPS": 13297.0, "DEST_FIPS": 13013.0, "origin_county": "WALTON", "destination_county": "BARROW" }, "geometry": { "type": "LineString", "coordinates": [ [ -83.737693816931994, 33.803304581219898 ], [ -83.720817016931989, 33.972628581219894 ] ] } },
{ "type": "Feature", "properties": { "direction": "OtoD", "ORIG_FIPS": 13013.0, "DEST_FIPS": 13297.0, "origin_county": "BARROW", "destination_county": "WALTON" }, "geometry": { "type": "LineString", "coordinates": [ [ -83.708876183068014, 33.971438418780096 ], [ -83.72575298306802, 33.8021144187801 ] ] } },
{ "type": "Feature", "properties": { "direction": "OtoD", "ORIG_FIPS": 13297.0, "DEST_FIPS": 13217.0, "origin_county": "WALTON", "destination_county": "NEWTON" }, "geometry": { "type": "LineString", "coordinates": [ [ -83.74013148306787, 33.75614961661698 ], [ -83.833216283067856, 33.57492561661698 ] ] } },
{ "type": "Feature", "properties": { "direction": "OtoD", "ORIG_FIPS": 13217.0, "DEST_FIPS": 13297.0, "origin_county": "NEWTON", "destination_county": "WALTON" }, "geometry": { "type": "LineString", "coordinates": [ [ -83.843890516932134, 33.580408383383016 ], [ -83.750805716932149, 33.761632383383017 ] ] } },
{ "type": "Feature", "properties": { "direction": "OtoD", "ORIG_FIPS": 13045.0, "DEST_FIPS": 13223.0, "origin_county": "CARROLL", "destination_county": "PAULDING" }, "geometry": { "type": "LineString", "coordinates": [ [ -85.063635848542802, 33.619747867909631 ], [ -84.89363984854279, 33.889919867909633 ] ] } },
{ "type": "Feature", "properties": { "direction": "OtoD", "ORIG_FIPS": 13223.0, "DEST_FIPS": 13045.0, "origin_county": "PAULDING", "destination_county": "CARROLL" }, "geometry": { "type": "LineString", "coordinates": [ [ -84.883483151457199, 33.883529132090366 ], [ -85.053479151457211, 33.613357132090364 ] ] } },
{ "type": "Feature", "properties": { "direction": "OtoD", "ORIG_FIPS": 13015.0, "DEST_FIPS": 13057.0, "origin_county": "BARTOW", "destination_county": "CHEROKEE" }, "geometry": { "type": "LineString", "coordinates": [ [ -84.804196390964222, 34.244414161751649 ], [ -84.512765190964231, 34.249286161751655 ] ] } },
{ "type": "Feature", "properties": { "direction": "OtoD", "ORIG_FIPS": 13057.0, "DEST_FIPS": 13015.0, "origin_county": "CHEROKEE", "destination_county": "BARTOW" }, "geometry": { "type": "LineString", "coordinates": [ [ -84.512564609035778, 34.237287838248349 ], [ -84.803995809035769, 34.232415838248343 ] ] } },
{ "type": "Feature", "properties": { "direction": "OtoD", "ORIG_FIPS": 13151.0, "DEST_FIPS": 13217.0, "origin_county": "HENRY", "destination_county": "NEWTON" }, "geometry": { "type": "LineString", "coordinates": [ [ -84.12568488090173, 33.468864280921721 ], [ -83.882496880901741, 33.550497880921725 ] ] } },
{ "type": "Feature", "properties": { "direction": "OtoD", "ORIG_FIPS": 13217.0, "DEST_FIPS": 13151.0, "origin_county": "NEWTON", "destination_county": "HENRY" }, "geometry": { "type": "LineString", "coordinates": [ [ -83.878678119098268, 33.539121719078281 ], [ -84.121866119098257, 33.457488119078278 ] ] } },
{ "type": "Feature", "properties": { "direction": "OtoD", "ORIG_FIPS": 13121.0, "DEST_FIPS": 13223.0, "origin_county": "FULTON", "destination_county": "PAULDING" }, "geometry": { "type": "LineString", "coordinates": [ [ -84.509459130623725, 33.797249165751062 ], [ -84.829207130623729, 33.901732365751059 ] ] } },
{ "type": "Feature", "properties": { "direction": "OtoD", "ORIG_FIPS": 13151.0, "DEST_FIPS": 13247.0, "origin_county": "HENRY", "destination_county": "ROCKDALE" }, "geometry": { "type": "LineString", "coordinates": [ [ -84.146489902991135, 33.47630739338512 ], [ -84.044472302991124, 33.637297793385116 ] ] } },
{ "type": "Feature", "properties": { "direction": "OtoD", "ORIG_FIPS": 13247.0, "DEST_FIPS": 13151.0, "origin_county": "ROCKDALE", "destination_county": "HENRY" }, "geometry": { "type": "LineString", "coordinates": [ [ -84.034336097008861, 33.630874606614881 ], [ -84.136353697008872, 33.469884206614886 ] ] } },
{ "type": "Feature", "properties": { "direction": "OtoD", "ORIG_FIPS": 13247.0, "DEST_FIPS": 13135.0, "origin_county": "ROCKDALE", "destination_county": "GWINNETT" }, "geometry": { "type": "LineString", "coordinates": [ [ -84.032352215364014, 33.685015042714042 ], [ -84.02995621536401, 33.930987842714039 ] ] } },
{ "type": "Feature", "properties": { "direction": "OtoD", "ORIG_FIPS": 13135.0, "DEST_FIPS": 13247.0, "origin_county": "GWINNETT", "destination_county": "ROCKDALE" }, "geometry": { "type": "LineString", "coordinates": [ [ -84.017956784635984, 33.930870957285954 ], [ -84.020352784635989, 33.684898157285957 ] ] } },
{ "type": "Feature", "properties": { "direction": "OtoD", "ORIG_FIPS": 13223.0, "DEST_FIPS": 13121.0, "origin_county": "PAULDING", "destination_county": "FULTON" }, "geometry": { "type": "LineString", "coordinates": [ [ -84.825479869376267, 33.91313883424894 ], [ -84.505731869376262, 33.808655634248943 ] ] } },
{ "type": "Feature", "properties": { "direction": "OtoD", "ORIG_FIPS": 13085.0, "DEST_FIPS": 13117.0, "origin_county": "DAWSON", "destination_county": "FORSYTH" }, "geometry": { "type": "LineString", "coordinates": [ [ -84.160117676582303, 34.423612726328315 ], [ -84.123734476582314, 34.248585526328306 ] ] } },
{ "type": "Feature", "properties": { "direction": "OtoD", "ORIG_FIPS": 13117.0, "DEST_FIPS": 13085.0, "origin_county": "FORSYTH", "destination_county": "DAWSON" }, "geometry": { "type": "LineString", "coordinates": [ [ -84.135483323417702, 34.246143273671684 ], [ -84.171866523417691, 34.421170473671694 ] ] } },
{ "type": "Feature", "properties": { "direction": "OtoD", "ORIG_FIPS": 13255.0, "DEST_FIPS": 13151.0, "origin_county": "SPALDING", "destination_county": "HENRY" }, "geometry": { "type": "LineString", "coordinates": [ [ -84.276134994462041, 33.283457351883094 ], [ -84.17214219446204, 33.437126151883099 ] ] } },
{ "type": "Feature", "properties": { "direction": "OtoD", "ORIG_FIPS": 13151.0, "DEST_FIPS": 13255.0, "origin_county": "HENRY", "destination_county": "SPALDING" }, "geometry": { "type": "LineString", "coordinates": [ [ -84.162204005537959, 33.430400648116908 ], [ -84.266196805537959, 33.276731848116903 ] ] } },
{ "type": "Feature", "properties": { "direction": "OtoD", "ORIG_FIPS": 13117.0, "DEST_FIPS": 13139.0, "origin_county": "FORSYTH", "destination_county": "HALL" }, "geometry": { "type": "LineString", "coordinates": [ [ -84.096250810379786, 34.240365588627945 ], [ -83.852014810379785, 34.31341518862795 ] ] } },
{ "type": "Feature", "properties": { "direction": "OtoD", "ORIG_FIPS": 13139.0, "DEST_FIPS": 13117.0, "origin_county": "HALL", "destination_county": "FORSYTH" }, "geometry": { "type": "LineString", "coordinates": [ [ -83.848576189620218, 34.30191841137205 ], [ -84.092812189620219, 34.228868811372045 ] ] } },
{ "type": "Feature", "properties": { "direction": "OtoD", "ORIG_FIPS": 13117.0, "DEST_FIPS": 13057.0, "origin_county": "FORSYTH", "destination_county": "CHEROKEE" }, "geometry": { "type": "LineString", "coordinates": [ [ -84.160492612692678, 34.22133522787346 ], [ -84.44143261269268, 34.236063227873466 ] ] } },
{ "type": "Feature", "properties": { "direction": "OtoD", "ORIG_FIPS": 13057.0, "DEST_FIPS": 13117.0, "origin_county": "CHEROKEE", "destination_county": "FORSYTH" }, "geometry": { "type": "LineString", "coordinates": [ [ -84.440804387307324, 34.248046772126536 ], [ -84.159864387307323, 34.23331877212653 ] ] } },
{ "type": "Feature", "properties": { "direction": "OtoD", "ORIG_FIPS": 13077.0, "DEST_FIPS": 13121.0, "origin_county": "COWETA", "destination_county": "FULTON" }, "geometry": { "type": "LineString", "coordinates": [ [ -84.738730547723364, 33.400456079171619 ], [ -84.502164947723358, 33.749612879171622 ] ] } },
{ "type": "Feature", "properties": { "direction": "OtoD", "ORIG_FIPS": 13045.0, "DEST_FIPS": 13097.0, "origin_county": "CARROLL", "destination_county": "DOUGLAS" }, "geometry": { "type": "LineString", "coordinates": [ [ -85.050763944992212, 33.600289687611998 ], [ -84.801301544992199, 33.695515287612004 ] ] } },
{ "type": "Feature", "properties": { "direction": "OtoD", "ORIG_FIPS": 13121.0, "DEST_FIPS": 13077.0, "origin_county": "FULTON", "destination_county": "COWETA" }, "geometry": { "type": "LineString", "coordinates": [ [ -84.492230452276615, 33.742881920828381 ], [ -84.728796052276621, 33.393725120828378 ] ] } },
{ "type": "Feature", "properties": { "direction": "OtoD", "ORIG_FIPS": 13097.0, "DEST_FIPS": 13045.0, "origin_county": "DOUGLAS", "destination_county": "CARROLL" }, "geometry": { "type": "LineString", "coordinates": [ [ -84.797022055007787, 33.684304312388001 ], [ -85.0464844550078, 33.589078712387995 ] ] } },
{ "type": "Feature", "properties": { "direction": "OtoD", "ORIG_FIPS": 13067.0, "DEST_FIPS": 13135.0, "origin_county": "COBB", "destination_county": "GWINNETT" }, "geometry": { "type": "LineString", "coordinates": [ [ -84.521600852805662, 33.949446981701563 ], [ -84.079179252805659, 33.96564698170156 ] ] } },
{ "type": "Feature", "properties": { "direction": "OtoD", "ORIG_FIPS": 13135.0, "DEST_FIPS": 13067.0, "origin_county": "GWINNETT", "destination_county": "COBB" }, "geometry": { "type": "LineString", "coordinates": [ [ -84.078740147194338, 33.953655018298427 ], [ -84.521161747194341, 33.937455018298429 ] ] } },
{ "type": "Feature", "properties": { "direction": "OtoD", "ORIG_FIPS": 13121.0, "DEST_FIPS": 13151.0, "origin_county": "FULTON", "destination_county": "HENRY" }, "geometry": { "type": "LineString", "coordinates": [ [ -84.431888833465464, 33.760286896574399 ], [ -84.181126433465465, 33.490750896574404 ] ] } },
{ "type": "Feature", "properties": { "direction": "OtoD", "ORIG_FIPS": 13151.0, "DEST_FIPS": 13121.0, "origin_county": "HENRY", "destination_county": "FULTON" }, "geometry": { "type": "LineString", "coordinates": [ [ -84.189912166534526, 33.482577103425605 ], [ -84.440674566534526, 33.7521131034256 ] ] } },
{ "type": "Feature", "properties": { "direction": "OtoD", "ORIG_FIPS": 13223.0, "DEST_FIPS": 13097.0, "origin_county": "PAULDING", "destination_county": "DOUGLAS" }, "geometry": { "type": "LineString", "coordinates": [ [ -84.851915857981481, 33.901109102240802 ], [ -84.77244945798148, 33.726162702240806 ] ] } },
{ "type": "Feature", "properties": { "direction": "OtoD", "ORIG_FIPS": 13015.0, "DEST_FIPS": 13067.0, "origin_county": "BARTOW", "destination_county": "COBB" }, "geometry": { "type": "LineString", "coordinates": [ [ -84.809659389388102, 34.21215749403251 ], [ -84.598586589388105, 33.975053494032508 ] ] } },
{ "type": "Feature", "properties": { "direction": "OtoD", "ORIG_FIPS": 13097.0, "DEST_FIPS": 13223.0, "origin_county": "DOUGLAS", "destination_county": "PAULDING" }, "geometry": { "type": "LineString", "coordinates": [ [ -84.783375142018514, 33.721199897759199 ], [ -84.862841542018515, 33.896146297759195 ] ] } },
{ "type": "Feature", "properties": { "direction": "OtoD", "ORIG_FIPS": 13067.0, "DEST_FIPS": 13015.0, "origin_county": "COBB", "destination_county": "BARTOW" }, "geometry": { "type": "LineString", "coordinates": [ [ -84.607549610611898, 33.967074505967489 ], [ -84.818622410611894, 34.204178505967491 ] ] } },
{ "type": "Feature", "properties": { "direction": "OtoD", "ORIG_FIPS": 13151.0, "DEST_FIPS": 13089.0, "origin_county": "HENRY", "destination_county": "DEKALB" }, "geometry": { "type": "LineString", "coordinates": [ [ -84.167243814642802, 33.483496675544266 ], [ -84.224989414642806, 33.738303075544259 ] ] } },
{ "type": "Feature", "properties": { "direction": "OtoD", "ORIG_FIPS": 13089.0, "DEST_FIPS": 13151.0, "origin_county": "DEKALB", "destination_county": "HENRY" }, "geometry": { "type": "LineString", "coordinates": [ [ -84.213286185357191, 33.740955324455733 ], [ -84.155540585357187, 33.48614892445574 ] ] } },
{ "type": "Feature", "properties": { "direction": "OtoD", "ORIG_FIPS": 13121.0, "DEST_FIPS": 13113.0, "origin_county": "FULTON", "destination_county": "FAYETTE" }, "geometry": { "type": "LineString", "coordinates": [ [ -84.464296094018593, 33.751870299832554 ], [ -84.485529694018609, 33.451076699832555 ] ] } },
{ "type": "Feature", "properties": { "direction": "OtoD", "ORIG_FIPS": 13113.0, "DEST_FIPS": 13121.0, "origin_county": "FAYETTE", "destination_county": "FULTON" }, "geometry": { "type": "LineString", "coordinates": [ [ -84.4974999059814, 33.451921700167446 ], [ -84.476266305981383, 33.752715300167445 ] ] } },
{ "type": "Feature", "properties": { "direction": "OtoD", "ORIG_FIPS": 13077.0, "DEST_FIPS": 13113.0, "origin_county": "COWETA", "destination_county": "FAYETTE" }, "geometry": { "type": "LineString", "coordinates": [ [ -84.737732334742361, 33.365345561733349 ], [ -84.522400334742358, 33.413708761733353 ] ] } },
{ "type": "Feature", "properties": { "direction": "OtoD", "ORIG_FIPS": 13247.0, "DEST_FIPS": 13089.0, "origin_county": "ROCKDALE", "destination_county": "DEKALB" }, "geometry": { "type": "LineString", "coordinates": [ [ -84.049660613733579, 33.6607630984442 ], [ -84.209423813733565, 33.754579098444196 ] ] } },
{ "type": "Feature", "properties": { "direction": "OtoD", "ORIG_FIPS": 13113.0, "DEST_FIPS": 13077.0, "origin_county": "FAYETTE", "destination_county": "COWETA" }, "geometry": { "type": "LineString", "coordinates": [ [ -84.519770665257639, 33.402000438266647 ], [ -84.735102665257642, 33.353637238266643 ] ] } },
{ "type": "Feature", "properties": { "direction": "OtoD", "ORIG_FIPS": 13089.0, "DEST_FIPS": 13247.0, "origin_county": "DEKALB", "destination_county": "ROCKDALE" }, "geometry": { "type": "LineString", "coordinates": [ [ -84.203347386266415, 33.764926901555796 ], [ -84.043584186266429, 33.671110901555799 ] ] } },
{ "type": "Feature", "properties": { "direction": "OtoD", "ORIG_FIPS": 13217.0, "DEST_FIPS": 13247.0, "origin_county": "NEWTON", "destination_county": "ROCKDALE" }, "geometry": { "type": "LineString", "coordinates": [ [ -83.870775416485913, 33.55970333088176 ], [ -84.01194581648592, 33.639060130881759 ] ] } },
{ "type": "Feature", "properties": { "direction": "OtoD", "ORIG_FIPS": 13247.0, "DEST_FIPS": 13217.0, "origin_county": "ROCKDALE", "destination_county": "NEWTON" }, "geometry": { "type": "LineString", "coordinates": [ [ -84.006065583514086, 33.649520669118246 ], [ -83.864895183514079, 33.570163869118247 ] ] } },
{ "type": "Feature", "properties": { "direction": "OtoD", "ORIG_FIPS": 13097.0, "DEST_FIPS": 13121.0, "origin_county": "DOUGLAS", "destination_county": "FULTON" }, "geometry": { "type": "LineString", "coordinates": [ [ -84.739632213317819, 33.716378439445648 ], [ -84.499350613317816, 33.786841639445647 ] ] } },
{ "type": "Feature", "properties": { "direction": "OtoD", "ORIG_FIPS": 13121.0, "DEST_FIPS": 13097.0, "origin_county": "FULTON", "destination_county": "DOUGLAS" }, "geometry": { "type": "LineString", "coordinates": [ [ -84.495973786682171, 33.775326560554355 ], [ -84.736255386682174, 33.704863360554356 ] ] } },
{ "type": "Feature", "properties": { "direction": "OtoD", "ORIG_FIPS": 13013.0, "DEST_FIPS": 13135.0, "origin_county": "BARROW", "destination_county": "GWINNETT" }, "geometry": { "type": "LineString", "coordinates": [ [ -83.743223785345478, 33.984077301770526 ], [ -83.991959785345472, 33.958858901770526 ] ] } },
{ "type": "Feature", "properties": { "direction": "OtoD", "ORIG_FIPS": 13135.0, "DEST_FIPS": 13013.0, "origin_county": "GWINNETT", "destination_county": "BARROW" }, "geometry": { "type": "LineString", "coordinates": [ [ -83.993170214654526, 33.970797698229461 ], [ -83.744434214654532, 33.996016098229461 ] ] } },
{ "type": "Feature", "properties": { "direction": "OtoD", "ORIG_FIPS": 13113.0, "DEST_FIPS": 13063.0, "origin_county": "FAYETTE", "destination_county": "CLAYTON" }, "geometry": { "type": "LineString", "coordinates": [ [ -84.48462382776323, 33.431071122274929 ], [ -84.375435827763241, 33.533419922274931 ] ] } },
{ "type": "Feature", "properties": { "direction": "OtoD", "ORIG_FIPS": 13063.0, "DEST_FIPS": 13113.0, "origin_county": "CLAYTON", "destination_county": "FAYETTE" }, "geometry": { "type": "LineString", "coordinates": [ [ -84.367229172236776, 33.524664877725073 ], [ -84.476417172236765, 33.422316077725071 ] ] } },
{ "type": "Feature", "properties": { "direction": "OtoD", "ORIG_FIPS": 13063.0, "DEST_FIPS": 13089.0, "origin_county": "CLAYTON", "destination_county": "DEKALB" }, "geometry": { "type": "LineString", "coordinates": [ [ -84.349759653632816, 33.567778992075951 ], [ -84.244697253632808, 33.751494192075945 ] ] } },
{ "type": "Feature", "properties": { "direction": "OtoD", "ORIG_FIPS": 13089.0, "DEST_FIPS": 13063.0, "origin_county": "DEKALB", "destination_county": "CLAYTON" }, "geometry": { "type": "LineString", "coordinates": [ [ -84.2342803463672, 33.74553700792405 ], [ -84.339342746367208, 33.561821807924055 ] ] } },
{ "type": "Feature", "properties": { "direction": "OtoD", "ORIG_FIPS": 13297.0, "DEST_FIPS": 13135.0, "origin_county": "WALTON", "destination_county": "GWINNETT" }, "geometry": { "type": "LineString", "coordinates": [ [ -83.765982638646435, 33.794461260503049 ], [ -83.997841838646423, 33.938566860503052 ] ] } },
{ "type": "Feature", "properties": { "direction": "OtoD", "ORIG_FIPS": 13135.0, "DEST_FIPS": 13297.0, "origin_county": "GWINNETT", "destination_county": "WALTON" }, "geometry": { "type": "LineString", "coordinates": [ [ -83.99150736135357, 33.948758739496945 ], [ -83.759648161353581, 33.804653139496942 ] ] } },
{ "type": "Feature", "properties": { "direction": "OtoD", "ORIG_FIPS": 13089.0, "DEST_FIPS": 13067.0, "origin_county": "DEKALB", "destination_county": "COBB" }, "geometry": { "type": "LineString", "coordinates": [ [ -84.264007563862876, 33.783076259900447 ], [ -84.544269963862888, 33.91903305990045 ] ] } },
{ "type": "Feature", "properties": { "direction": "OtoD", "ORIG_FIPS": 13121.0, "DEST_FIPS": 13057.0, "origin_county": "FULTON", "destination_county": "CHEROKEE" }, "geometry": { "type": "LineString", "coordinates": [ [ -84.474486821574345, 33.835178646121548 ], [ -84.481374021574339, 34.198381846121549 ] ] } },
{ "type": "Feature", "properties": { "direction": "OtoD", "ORIG_FIPS": 13057.0, "DEST_FIPS": 13121.0, "origin_county": "CHEROKEE", "destination_county": "FULTON" }, "geometry": { "type": "LineString", "coordinates": [ [ -84.469376178425648, 34.198609353878453 ], [ -84.462488978425654, 33.835406153878452 ] ] } },
{ "type": "Feature", "properties": { "direction": "OtoD", "ORIG_FIPS": 13067.0, "DEST_FIPS": 13089.0, "origin_county": "COBB", "destination_county": "DEKALB" }, "geometry": { "type": "LineString", "coordinates": [ [ -84.53903243613712, 33.929829740099557 ], [ -84.258770036137108, 33.793872940099554 ] ] } },
{ "type": "Feature", "properties": { "direction": "OtoD", "ORIG_FIPS": 13097.0, "DEST_FIPS": 13067.0, "origin_county": "DOUGLAS", "destination_county": "COBB" }, "geometry": { "type": "LineString", "coordinates": [ [ -84.753538484910123, 33.729517750348613 ], [ -84.600502484910137, 33.921208150348612 ] ] } },
{ "type": "Feature", "properties": { "direction": "OtoD", "ORIG_FIPS": 13139.0, "DEST_FIPS": 13135.0, "origin_county": "HALL", "destination_county": "GWINNETT" }, "geometry": { "type": "LineString", "coordinates": [ [ -83.834951737480708, 34.278298323055679 ], [ -83.998064537480701, 33.994200723055677 ] ] } },
{ "type": "Feature", "properties": { "direction": "OtoD", "ORIG_FIPS": 13135.0, "DEST_FIPS": 13139.0, "origin_county": "GWINNETT", "destination_county": "HALL" }, "geometry": { "type": "LineString", "coordinates": [ [ -84.008471262519294, 34.000175676944316 ], [ -83.8453584625193, 34.284273276944319 ] ] } },
{ "type": "Feature", "properties": { "direction": "OtoD", "ORIG_FIPS": 13067.0, "DEST_FIPS": 13097.0, "origin_county": "COBB", "destination_county": "DOUGLAS" }, "geometry": { "type": "LineString", "coordinates": [ [ -84.591124515089874, 33.913721249651381 ], [ -84.74416051508986, 33.722030849651382 ] ] } },
{ "type": "Feature", "properties": { "direction": "OtoD", "ORIG_FIPS": 13135.0, "DEST_FIPS": 13117.0, "origin_county": "GWINNETT", "destination_county": "FORSYTH" }, "geometry": { "type": "LineString", "coordinates": [ [ -84.03939791014605, 33.985904260790527 ], [ -84.120521110146058, 34.196952260790525 ] ] } },
{ "type": "Feature", "properties": { "direction": "OtoD", "ORIG_FIPS": 13117.0, "DEST_FIPS": 13135.0, "origin_county": "FORSYTH", "destination_county": "GWINNETT" }, "geometry": { "type": "LineString", "coordinates": [ [ -84.109320089853952, 34.201257739209467 ], [ -84.028196889853945, 33.990209739209469 ] ] } },
{ "type": "Feature", "properties": { "direction": "OtoD", "ORIG_FIPS": 13151.0, "DEST_FIPS": 13063.0, "origin_county": "HENRY", "destination_county": "CLAYTON" }, "geometry": { "type": "LineString", "coordinates": [ [ -84.17692602024168, 33.456359754548707 ], [ -84.339734020241679, 33.527450954548705 ] ] } },
{ "type": "Feature", "properties": { "direction": "OtoD", "ORIG_FIPS": 13063.0, "DEST_FIPS": 13151.0, "origin_county": "CLAYTON", "destination_county": "HENRY" }, "geometry": { "type": "LineString", "coordinates": [ [ -84.334931979758323, 33.538448245451299 ], [ -84.172123979758325, 33.467357045451301 ] ] } },
{ "type": "Feature", "properties": { "direction": "OtoD", "ORIG_FIPS": 13223.0, "DEST_FIPS": 13067.0, "origin_county": "PAULDING", "destination_county": "COBB" }, "geometry": { "type": "LineString", "coordinates": [ [ -84.838680182593038, 33.928573501149181 ], [ -84.606177782593051, 33.945317501149177 ] ] } },
{ "type": "Feature", "properties": { "direction": "OtoD", "ORIG_FIPS": 13067.0, "DEST_FIPS": 13223.0, "origin_county": "COBB", "destination_county": "PAULDING" }, "geometry": { "type": "LineString", "coordinates": [ [ -84.605315817406961, 33.933348498850819 ], [ -84.837818217406948, 33.916604498850823 ] ] } },
{ "type": "Feature", "properties": { "direction": "OtoD", "ORIG_FIPS": 13117.0, "DEST_FIPS": 13121.0, "origin_county": "FORSYTH", "destination_county": "FULTON" }, "geometry": { "type": "LineString", "coordinates": [ [ -84.154601339787831, 34.17821757187783 ], [ -84.428654139787824, 33.829742371877835 ] ] } },
{ "type": "Feature", "properties": { "direction": "OtoD", "ORIG_FIPS": 13121.0, "DEST_FIPS": 13117.0, "origin_county": "FULTON", "destination_county": "FORSYTH" }, "geometry": { "type": "LineString", "coordinates": [ [ -84.438086660212178, 33.837160428122168 ], [ -84.164033860212186, 34.185635628122164 ] ] } },
{ "type": "Feature", "properties": { "direction": "OtoD", "ORIG_FIPS": 13057.0, "DEST_FIPS": 13067.0, "origin_county": "CHEROKEE", "destination_county": "COBB" }, "geometry": { "type": "LineString", "coordinates": [ [ -84.480586583987829, 34.211757993916784 ], [ -84.560944983987824, 33.96978199391679 ] ] } },
{ "type": "Feature", "properties": { "direction": "OtoD", "ORIG_FIPS": 13067.0, "DEST_FIPS": 13057.0, "origin_county": "COBB", "destination_county": "CHEROKEE" }, "geometry": { "type": "LineString", "coordinates": [ [ -84.572333416012171, 33.973564006083215 ], [ -84.491975016012177, 34.215540006083209 ] ] } },
{ "type": "Feature", "properties": { "direction": "OtoD", "ORIG_FIPS": 13063.0, "DEST_FIPS": 13121.0, "origin_county": "CLAYTON", "destination_county": "FULTON" }, "geometry": { "type": "LineString", "coordinates": [ [ -84.374163662266753, 33.5642103861463 ], [ -84.462118062266754, 33.762655186146297 ] ] } },
{ "type": "Feature", "properties": { "direction": "OtoD", "ORIG_FIPS": 13121.0, "DEST_FIPS": 13063.0, "origin_county": "FULTON", "destination_county": "CLAYTON" }, "geometry": { "type": "LineString", "coordinates": [ [ -84.451147337733246, 33.767517613853705 ], [ -84.363192937733245, 33.569072813853708 ] ] } },
{ "type": "Feature", "properties": { "direction": "OtoD", "ORIG_FIPS": 13121.0, "DEST_FIPS": 13135.0, "origin_county": "FULTON", "destination_county": "GWINNETT" }, "geometry": { "type": "LineString", "coordinates": [ [ -84.425395138600862, 33.812666128267082 ], [ -84.070219138600876, 33.95009332826708 ] ] } },
{ "type": "Feature", "properties": { "direction": "OtoD", "ORIG_FIPS": 13135.0, "DEST_FIPS": 13121.0, "origin_county": "GWINNETT", "destination_county": "FULTON" }, "geometry": { "type": "LineString", "coordinates": [ [ -84.065888861399131, 33.938901871732917 ], [ -84.421064861399117, 33.801474671732919 ] ] } },
{ "type": "Feature", "properties": { "direction": "OtoD", "ORIG_FIPS": 13135.0, "DEST_FIPS": 13089.0, "origin_county": "GWINNETT", "destination_county": "DEKALB" }, "geometry": { "type": "LineString", "coordinates": [ [ -84.039821350107246, 33.938280961727308 ], [ -84.201980550107237, 33.786124161727308 ] ] } },
{ "type": "Feature", "properties": { "direction": "OtoD", "ORIG_FIPS": 13089.0, "DEST_FIPS": 13135.0, "origin_county": "DEKALB", "destination_county": "GWINNETT" }, "geometry": { "type": "LineString", "coordinates": [ [ -84.210191649892749, 33.794875038272686 ], [ -84.048032449892759, 33.947031838272686 ] ] } },
{ "type": "Feature", "properties": { "direction": "OtoD", "ORIG_FIPS": 13067.0, "DEST_FIPS": 13121.0, "origin_county": "COBB", "destination_county": "FULTON" }, "geometry": { "type": "LineString", "coordinates": [ [ -84.560908370503242, 33.929777423347417 ], [ -84.473662770503225, 33.808550223347424 ] ] } },
{ "type": "Feature", "properties": { "direction": "OtoD", "ORIG_FIPS": 13121.0, "DEST_FIPS": 13067.0, "origin_county": "FULTON", "destination_county": "COBB" }, "geometry": { "type": "LineString", "coordinates": [ [ -84.483402629496752, 33.801540576652584 ], [ -84.570648229496769, 33.922767776652577 ] ] } },
{ "type": "Feature", "properties": { "direction": "OtoD", "ORIG_FIPS": 13089.0, "DEST_FIPS": 13121.0, "origin_county": "DEKALB", "destination_county": "FULTON" }, "geometry": { "type": "LineString", "coordinates": [ [ -84.250939647723129, 33.76733859486707 ], [ -84.443956447723124, 33.782068194867072 ] ] } },
{ "type": "Feature", "properties": { "direction": "OtoD", "ORIG_FIPS": 13121.0, "DEST_FIPS": 13089.0, "origin_county": "FULTON", "destination_county": "DEKALB" }, "geometry": { "type": "LineString", "coordinates": [ [ -84.44304335227686, 33.794033405132929 ], [ -84.250026552276864, 33.779303805132926 ] ] } },
{ "type": "Feature", "properties": { "direction": "DtoO", "ORIG_FIPS": 13015.0, "DEST_FIPS": 13013.0, "origin_county": "BARTOW", "destination_county": "BARROW" }, "geometry": { "type": "LineString", "coordinates": [ [ -83.826787576152924, 34.011796033449372 ], [ -84.729017976152917, 34.207481633449376 ] ] } },
{ "type": "Feature", "properties": { "direction": "DtoO", "ORIG_FIPS": 13085.0, "DEST_FIPS": 13217.0, "origin_county": "DAWSON", "destination_county": "NEWTON" }, "geometry": { "type": "LineString", "coordinates": [ [ -83.887868981613778, 33.641906053451137 ], [ -84.144149781613777, 34.353310853451134 ] ] } },
{ "type": "Feature", "properties": { "direction": "DtoO", "ORIG_FIPS": 13139.0, "DEST_FIPS": 13045.0, "origin_county": "HALL", "destination_county": "CARROLL" }, "geometry": { "type": "LineString", "coordinates": [ [ -84.956823034473985, 33.661367175649382 ], [ -83.948790234473989, 34.248580775649387 ] ] } },
{ "type": "Feature", "properties": { "direction": "DtoO", "ORIG_FIPS": 13139.0, "DEST_FIPS": 13077.0, "origin_county": "HALL", "destination_county": "COWETA" }, "geometry": { "type": "LineString", "coordinates": [ [ -84.673263626744173, 33.453979598000046 ], [ -83.918409226744174, 34.224661198000049 ] ] } },
{ "type": "Feature", "properties": { "direction": "DtoO", "ORIG_FIPS": 13139.0, "DEST_FIPS": 13255.0, "origin_county": "HALL", "destination_county": "SPALDING" }, "geometry": { "type": "LineString", "coordinates": [ [ -84.24321737798077, 33.368892750161365 ], [ -83.871698177980761, 34.213622350161366 ] ] } },
{ "type": "Feature", "properties": { "direction": "DtoO", "ORIG_FIPS": 13217.0, "DEST_FIPS": 13085.0, "origin_county": "NEWTON", "destination_county": "DAWSON" }, "geometry": { "type": "LineString", "coordinates": [ [ -84.132860018386225, 34.357377946548866 ], [ -83.876579218386226, 33.645973146548869 ] ] } },
{ "type": "Feature", "properties": { "direction": "DtoO", "ORIG_FIPS": 13255.0, "DEST_FIPS": 13013.0, "origin_county": "SPALDING", "destination_county": "BARROW" }, "geometry": { "type": "LineString", "coordinates": [ [ -83.765149487494881, 33.916276610241695 ], [ -84.22229188749489, 33.330426210241697 ] ] } },
{ "type": "Feature", "properties": { "direction": "DtoO", "ORIG_FIPS": 13297.0, "DEST_FIPS": 13015.0, "origin_county": "WALTON", "destination_county": "BARTOW" }, "geometry": { "type": "LineString", "coordinates": [ [ -84.727568878725961, 34.197726870495892 ], [ -83.842215278725973, 33.832717270495891 ] ] } },
{ "type": "Feature", "properties": { "direction": "DtoO", "ORIG_FIPS": 13013.0, "DEST_FIPS": 13015.0, "origin_county": "BARROW", "destination_county": "BARTOW" }, "geometry": { "type": "LineString", "coordinates": [ [ -84.72647442384708, 34.219208966550624 ], [ -83.824244023847086, 34.02352336655062 ] ] } },
{ "type": "Feature", "properties": { "direction": "DtoO", "ORIG_FIPS": 13013.0, "DEST_FIPS": 13045.0, "origin_county": "BARROW", "destination_county": "CARROLL" }, "geometry": { "type": "LineString", "coordinates": [ [ -84.944825232663447, 33.629569413981898 ], [ -83.851169232663452, 33.957903813981893 ] ] } },
{ "type": "Feature", "properties": { "direction": "DtoO", "ORIG_FIPS": 13013.0, "DEST_FIPS": 13255.0, "origin_county": "BARROW", "destination_county": "SPALDING" }, "geometry": { "type": "LineString", "coordinates": [ [ -84.231752512505125, 33.337808389758308 ], [ -83.774610112505115, 33.923658789758306 ] ] } },
{ "type": "Feature", "properties": { "direction": "DtoO", "ORIG_FIPS": 13015.0, "DEST_FIPS": 13297.0, "origin_county": "BARTOW", "destination_county": "WALTON" }, "geometry": { "type": "LineString", "coordinates": [ [ -83.846789121274043, 33.821623129504104 ], [ -84.73214272127403, 34.186632729504105 ] ] } },
{ "type": "Feature", "properties": { "direction": "DtoO", "ORIG_FIPS": 13045.0, "DEST_FIPS": 13297.0, "origin_county": "CARROLL", "destination_county": "WALTON" }, "geometry": { "type": "LineString", "coordinates": [ [ -83.86755387225702, 33.755732070369049 ], [ -84.94433307225701, 33.59672167036905 ] ] } },
{ "type": "Feature", "properties": { "direction": "DtoO", "ORIG_FIPS": 13113.0, "DEST_FIPS": 13013.0, "origin_county": "FAYETTE", "destination_county": "BARROW" }, "geometry": { "type": "LineString", "coordinates": [ [ -83.787307000951017, 33.930449115709948 ], [ -84.412452600951013, 33.467009915709944 ] ] } },
{ "type": "Feature", "properties": { "direction": "DtoO", "ORIG_FIPS": 13217.0, "DEST_FIPS": 13015.0, "origin_county": "NEWTON", "destination_county": "BARTOW" }, "geometry": { "type": "LineString", "coordinates": [ [ -84.738085672746777, 34.174466539049448 ], [ -83.945816872746775, 33.628232939049447 ] ] } },
{ "type": "Feature", "properties": { "direction": "DtoO", "ORIG_FIPS": 13223.0, "DEST_FIPS": 13297.0, "origin_county": "PAULDING", "destination_county": "WALTON" }, "geometry": { "type": "LineString", "coordinates": [ [ -83.847910968401763, 33.789483782287633 ], [ -84.75469416840177, 33.900645382287635 ] ] } },
{ "type": "Feature", "properties": { "direction": "DtoO", "ORIG_FIPS": 13255.0, "DEST_FIPS": 13057.0, "origin_county": "SPALDING", "destination_county": "CHEROKEE" }, "geometry": { "type": "LineString", "coordinates": [ [ -84.451140254099712, 34.146745586572585 ], [ -84.297483454099719, 33.360337586572584 ] ] } },
{ "type": "Feature", "properties": { "direction": "DtoO", "ORIG_FIPS": 13297.0, "DEST_FIPS": 13045.0, "origin_county": "WALTON", "destination_county": "CARROLL" }, "geometry": { "type": "LineString", "coordinates": [ [ -84.946086127742987, 33.608592929630944 ], [ -83.869306927742997, 33.767603329630944 ] ] } },
{ "type": "Feature", "properties": { "direction": "DtoO", "ORIG_FIPS": 13013.0, "DEST_FIPS": 13223.0, "origin_county": "BARROW", "destination_county": "PAULDING" }, "geometry": { "type": "LineString", "coordinates": [ [ -84.752231570114148, 33.9337544397887 ], [ -83.828571570114164, 33.991916839788693 ] ] } },
{ "type": "Feature", "properties": { "direction": "DtoO", "ORIG_FIPS": 13077.0, "DEST_FIPS": 13297.0, "origin_county": "COWETA", "destination_county": "WALTON" }, "geometry": { "type": "LineString", "coordinates": [ [ -83.834479355068197, 33.733194095371999 ], [ -84.658080155068191, 33.390715695372002 ] ] } },
{ "type": "Feature", "properties": { "direction": "DtoO", "ORIG_FIPS": 13117.0, "DEST_FIPS": 13255.0, "origin_county": "FORSYTH", "destination_county": "SPALDING" }, "geometry": { "type": "LineString", "coordinates": [ [ -84.274174609955679, 33.358322464092879 ], [ -84.146891409955671, 34.130002464092875 ] ] } },
{ "type": "Feature", "properties": { "direction": "DtoO", "ORIG_FIPS": 13013.0, "DEST_FIPS": 13113.0, "origin_county": "BARROW", "destination_county": "FAYETTE" }, "geometry": { "type": "LineString", "coordinates": [ [ -84.419598999048986, 33.476649884290048 ], [ -83.79445339904899, 33.940089084290051 ] ] } },
{ "type": "Feature", "properties": { "direction": "DtoO", "ORIG_FIPS": 13085.0, "DEST_FIPS": 13223.0, "origin_county": "DAWSON", "destination_county": "PAULDING" }, "geometry": { "type": "LineString", "coordinates": [ [ -84.80124006213687, 33.977669448886786 ], [ -84.243822462136876, 34.396688648886794 ] ] } },
{ "type": "Feature", "properties": { "direction": "DtoO", "ORIG_FIPS": 13139.0, "DEST_FIPS": 13113.0, "origin_county": "HALL", "destination_county": "FAYETTE" }, "geometry": { "type": "LineString", "coordinates": [ [ -84.43153577084685, 33.507780352864586 ], [ -83.892013370846854, 34.230098752864585 ] ] } },
{ "type": "Feature", "properties": { "direction": "DtoO", "ORIG_FIPS": 13255.0, "DEST_FIPS": 13117.0, "origin_county": "SPALDING", "destination_county": "FORSYTH" }, "geometry": { "type": "LineString", "coordinates": [ [ -84.135051390044325, 34.128049535907117 ], [ -84.262334590044333, 33.35636953590712 ] ] } },
{ "type": "Feature", "properties": { "direction": "DtoO", "ORIG_FIPS": 13063.0, "DEST_FIPS": 13085.0, "origin_county": "CLAYTON", "destination_county": "DAWSON" }, "geometry": { "type": "LineString", "coordinates": [ [ -84.18337939805545, 34.352808260083826 ], [ -84.333094598055453, 33.630861060083824 ] ] } },
{ "type": "Feature", "properties": { "direction": "DtoO", "ORIG_FIPS": 13139.0, "DEST_FIPS": 13223.0, "origin_county": "HALL", "destination_county": "PAULDING" }, "geometry": { "type": "LineString", "coordinates": [ [ -84.764680439745561, 33.965738035906249 ], [ -83.926643639745564, 34.282779635906252 ] ] } },
{ "type": "Feature", "properties": { "direction": "DtoO", "ORIG_FIPS": 13223.0, "DEST_FIPS": 13085.0, "origin_county": "PAULDING", "destination_county": "DAWSON" }, "geometry": { "type": "LineString", "coordinates": [ [ -84.236611937863131, 34.387096551113217 ], [ -84.794029537863125, 33.968077351113209 ] ] } },
{ "type": "Feature", "properties": { "direction": "DtoO", "ORIG_FIPS": 13223.0, "DEST_FIPS": 13139.0, "origin_county": "PAULDING", "destination_county": "HALL" }, "geometry": { "type": "LineString", "coordinates": [ [ -83.922397560254424, 34.27155596409375 ], [ -84.760434360254422, 33.954514364093747 ] ] } },
{ "type": "Feature", "properties": { "direction": "DtoO", "ORIG_FIPS": 13297.0, "DEST_FIPS": 13077.0, "origin_county": "WALTON", "destination_county": "COWETA" }, "geometry": { "type": "LineString", "coordinates": [ [ -84.662687644931808, 33.401795904627996 ], [ -83.839086844931813, 33.744274304627993 ] ] } },
{ "type": "Feature", "properties": { "direction": "DtoO", "ORIG_FIPS": 13015.0, "DEST_FIPS": 13151.0, "origin_county": "BARTOW", "destination_county": "HENRY" }, "geometry": { "type": "LineString", "coordinates": [ [ -84.227325640164963, 33.527505606975268 ], [ -84.776406440164976, 34.155372806975265 ] ] } },
{ "type": "Feature", "properties": { "direction": "DtoO", "ORIG_FIPS": 13097.0, "DEST_FIPS": 13139.0, "origin_county": "DOUGLAS", "destination_county": "HALL" }, "geometry": { "type": "LineString", "coordinates": [ [ -83.911322422718172, 34.250265557575354 ], [ -84.669892822718168, 33.758277557575354 ] ] } },
{ "type": "Feature", "properties": { "direction": "DtoO", "ORIG_FIPS": 13113.0, "DEST_FIPS": 13139.0, "origin_county": "FAYETTE", "destination_county": "HALL" }, "geometry": { "type": "LineString", "coordinates": [ [ -83.882399229153151, 34.222917647135411 ], [ -84.421921629153147, 33.500599247135412 ] ] } },
{ "type": "Feature", "properties": { "direction": "DtoO", "ORIG_FIPS": 13139.0, "DEST_FIPS": 13097.0, "origin_county": "HALL", "destination_county": "DOUGLAS" }, "geometry": { "type": "LineString", "coordinates": [ [ -84.676422577281812, 33.768345442424646 ], [ -83.917852177281816, 34.260333442424646 ] ] } },
{ "type": "Feature", "properties": { "direction": "DtoO", "ORIG_FIPS": 13015.0, "DEST_FIPS": 13113.0, "origin_county": "BARTOW", "destination_county": "FAYETTE" }, "geometry": { "type": "LineString", "coordinates": [ [ -84.534335736199679, 33.493965404881166 ], [ -84.811420536199677, 34.153090204881167 ] ] } },
{ "type": "Feature", "properties": { "direction": "DtoO", "ORIG_FIPS": 13057.0, "DEST_FIPS": 13255.0, "origin_county": "CHEROKEE", "destination_county": "SPALDING" }, "geometry": { "type": "LineString", "coordinates": [ [ -84.309260745900289, 33.358036413427413 ], [ -84.462917545900282, 34.144444413427415 ] ] } },
{ "type": "Feature", "properties": { "direction": "DtoO", "ORIG_FIPS": 13085.0, "DEST_FIPS": 13063.0, "origin_county": "DAWSON", "destination_county": "CLAYTON" }, "geometry": { "type": "LineString", "coordinates": [ [ -84.344844601944573, 33.633297739916181 ], [ -84.19512940194457, 34.355244939916183 ] ] } },
{ "type": "Feature", "properties": { "direction": "DtoO", "ORIG_FIPS": 13097.0, "DEST_FIPS": 13085.0, "origin_county": "DOUGLAS", "destination_county": "DAWSON" }, "geometry": { "type": "LineString", "coordinates": [ [ -84.225609373731615, 34.366262810379375 ], [ -84.703560573731608, 33.772297210379371 ] ] } },
{ "type": "Feature", "properties": { "direction": "DtoO", "ORIG_FIPS": 13015.0, "DEST_FIPS": 13247.0, "origin_county": "BARTOW", "destination_county": "ROCKDALE" }, "geometry": { "type": "LineString", "coordinates": [ [ -84.111535681523648, 33.707693606127869 ], [ -84.762634081523643, 34.174570406127863 ] ] } },
{ "type": "Feature", "properties": { "direction": "DtoO", "ORIG_FIPS": 13097.0, "DEST_FIPS": 13013.0, "origin_county": "DOUGLAS", "destination_county": "BARROW" }, "geometry": { "type": "LineString", "coordinates": [ [ -83.816664175730409, 33.958276844563905 ], [ -84.660857775730392, 33.725168044563908 ] ] } },
{ "type": "Feature", "properties": { "direction": "DtoO", "ORIG_FIPS": 13113.0, "DEST_FIPS": 13015.0, "origin_county": "FAYETTE", "destination_county": "BARTOW" }, "geometry": { "type": "LineString", "coordinates": [ [ -84.800358263800319, 34.157740595118824 ], [ -84.523273463800322, 33.498615795118823 ] ] } },
{ "type": "Feature", "properties": { "direction": "DtoO", "ORIG_FIPS": 13247.0, "DEST_FIPS": 13015.0, "origin_county": "ROCKDALE", "destination_county": "BARTOW" }, "geometry": { "type": "LineString", "coordinates": [ [ -84.75564131847635, 34.184322393872129 ], [ -84.104542918476355, 33.717445593872135 ] ] } },
{ "type": "Feature", "properties": { "direction": "DtoO", "ORIG_FIPS": 13015.0, "DEST_FIPS": 13077.0, "origin_county": "BARTOW", "destination_county": "COWETA" }, "geometry": { "type": "LineString", "coordinates": [ [ -84.777030373974299, 33.44136027609192 ], [ -84.838783173974292, 34.148848276091918 ] ] } },
{ "type": "Feature", "properties": { "direction": "DtoO", "ORIG_FIPS": 13045.0, "DEST_FIPS": 13247.0, "origin_county": "CARROLL", "destination_county": "ROCKDALE" }, "geometry": { "type": "LineString", "coordinates": [ [ -84.131561489818779, 33.641080852783858 ], [ -84.974085489818776, 33.583937652783852 ] ] } },
{ "type": "Feature", "properties": { "direction": "DtoO", "ORIG_FIPS": 13151.0, "DEST_FIPS": 13015.0, "origin_county": "HENRY", "destination_county": "BARTOW" }, "geometry": { "type": "LineString", "coordinates": [ [ -84.767373359835034, 34.163272393024727 ], [ -84.218292559835021, 33.535405193024729 ] ] } },
{ "type": "Feature", "properties": { "direction": "DtoO", "ORIG_FIPS": 13223.0, "DEST_FIPS": 13217.0, "origin_county": "PAULDING", "destination_county": "NEWTON" }, "geometry": { "type": "LineString", "coordinates": [ [ -83.953930263353769, 33.58591566940953 ], [ -84.767628663353761, 33.878301269409533 ] ] } },
{ "type": "Feature", "properties": { "direction": "DtoO", "ORIG_FIPS": 13077.0, "DEST_FIPS": 13015.0, "origin_county": "COWETA", "destination_county": "BARTOW" }, "geometry": { "type": "LineString", "coordinates": [ [ -84.826828626025701, 34.149891723908077 ], [ -84.765075826025708, 33.442403723908079 ] ] } },
{ "type": "Feature", "properties": { "direction": "DtoO", "ORIG_FIPS": 13085.0, "DEST_FIPS": 13097.0, "origin_county": "DAWSON", "destination_county": "DOUGLAS" }, "geometry": { "type": "LineString", "coordinates": [ [ -84.712909626268384, 33.779820189620629 ], [ -84.234958426268392, 34.373785789620634 ] ] } },
{ "type": "Feature", "properties": { "direction": "DtoO", "ORIG_FIPS": 13247.0, "DEST_FIPS": 13045.0, "origin_county": "ROCKDALE", "destination_county": "CARROLL" }, "geometry": { "type": "LineString", "coordinates": [ [ -84.974897510181222, 33.595910147216138 ], [ -84.132373510181225, 33.653053347216144 ] ] } },
{ "type": "Feature", "properties": { "direction": "DtoO", "ORIG_FIPS": 13255.0, "DEST_FIPS": 13223.0, "origin_county": "SPALDING", "destination_county": "PAULDING" }, "geometry": { "type": "LineString", "coordinates": [ [ -84.804502123080468, 33.858509089136149 ], [ -84.337984523080465, 33.330821089136151 ] ] } },
{ "type": "Feature", "properties": { "direction": "DtoO", "ORIG_FIPS": 13045.0, "DEST_FIPS": 13217.0, "origin_county": "CARROLL", "destination_county": "NEWTON" }, "geometry": { "type": "LineString", "coordinates": [ [ -83.973286256326986, 33.551792229229584 ], [ -84.956980656326991, 33.574005829229584 ] ] } },
{ "type": "Feature", "properties": { "direction": "DtoO", "ORIG_FIPS": 13217.0, "DEST_FIPS": 13057.0, "origin_county": "NEWTON", "destination_county": "CHEROKEE" }, "geometry": { "type": "LineString", "coordinates": [ [ -84.409190987928881, 34.179043097846638 ], [ -83.908353387928869, 33.627937497846638 ] ] } },
{ "type": "Feature", "properties": { "direction": "DtoO", "ORIG_FIPS": 13217.0, "DEST_FIPS": 13045.0, "origin_county": "NEWTON", "destination_county": "CARROLL" }, "geometry": { "type": "LineString", "coordinates": [ [ -84.956709743673017, 33.586002770770413 ], [ -83.973015343673012, 33.563789170770413 ] ] } },
{ "type": "Feature", "properties": { "direction": "DtoO", "ORIG_FIPS": 13217.0, "DEST_FIPS": 13223.0, "origin_county": "NEWTON", "destination_county": "PAULDING" }, "geometry": { "type": "LineString", "coordinates": [ [ -84.76357073664623, 33.889594330590469 ], [ -83.949872336646237, 33.597208730590467 ] ] } },
{ "type": "Feature", "properties": { "direction": "DtoO", "ORIG_FIPS": 13057.0, "DEST_FIPS": 13217.0, "origin_county": "CHEROKEE", "destination_county": "NEWTON" }, "geometry": { "type": "LineString", "coordinates": [ [ -83.91723401207112, 33.619866902153369 ], [ -84.418071612071131, 34.170972502153369 ] ] } },
{ "type": "Feature", "properties": { "direction": "DtoO", "ORIG_FIPS": 13223.0, "DEST_FIPS": 13013.0, "origin_county": "PAULDING", "destination_county": "BARROW" }, "geometry": { "type": "LineString", "coordinates": [ [ -83.827817429885854, 33.979940560211297 ], [ -84.751477429885838, 33.921778160211304 ] ] } },
{ "type": "Feature", "properties": { "direction": "DtoO", "ORIG_FIPS": 13013.0, "DEST_FIPS": 13097.0, "origin_county": "BARROW", "destination_county": "DOUGLAS" }, "geometry": { "type": "LineString", "coordinates": [ [ -84.664051824269592, 33.736735155436087 ], [ -83.819858224269609, 33.969843955436083 ] ] } },
{ "type": "Feature", "properties": { "direction": "DtoO", "ORIG_FIPS": 13223.0, "DEST_FIPS": 13255.0, "origin_county": "PAULDING", "destination_county": "SPALDING" }, "geometry": { "type": "LineString", "coordinates": [ [ -84.346974876919532, 33.32287291086385 ], [ -84.813492476919535, 33.850560910863848 ] ] } },
{ "type": "Feature", "properties": { "direction": "DtoO", "ORIG_FIPS": 13077.0, "DEST_FIPS": 13117.0, "origin_county": "COWETA", "destination_county": "FORSYTH" }, "geometry": { "type": "LineString", "coordinates": [ [ -84.184046633921298, 34.134738235111861 ], [ -84.694665033921297, 33.437106235111862 ] ] } },
{ "type": "Feature", "properties": { "direction": "DtoO", "ORIG_FIPS": 13097.0, "DEST_FIPS": 13297.0, "origin_county": "DOUGLAS", "destination_county": "WALTON" }, "geometry": { "type": "LineString", "coordinates": [ [ -83.836786378368672, 33.76758865338131 ], [ -84.664103178368677, 33.703803853381316 ] ] } },
{ "type": "Feature", "properties": { "direction": "DtoO", "ORIG_FIPS": 13247.0, "DEST_FIPS": 13057.0, "origin_county": "ROCKDALE", "destination_county": "CHEROKEE" }, "geometry": { "type": "LineString", "coordinates": [ [ -84.426506177882743, 34.188565192047236 ], [ -84.066838977882739, 33.716816392047235 ] ] } },
{ "type": "Feature", "properties": { "direction": "DtoO", "ORIG_FIPS": 13113.0, "DEST_FIPS": 13117.0, "origin_county": "FAYETTE", "destination_county": "FORSYTH" }, "geometry": { "type": "LineString", "coordinates": [ [ -84.15651012164966, 34.141843437520926 ], [ -84.451796521649655, 33.492574637520931 ] ] } },
{ "type": "Feature", "properties": { "direction": "DtoO", "ORIG_FIPS": 13117.0, "DEST_FIPS": 13077.0, "origin_county": "FORSYTH", "destination_county": "COWETA" }, "geometry": { "type": "LineString", "coordinates": [ [ -84.704348366078705, 33.444193764888134 ], [ -84.193729966078706, 34.141825764888132 ] ] } },
{ "type": "Feature", "properties": { "direction": "DtoO", "ORIG_FIPS": 13117.0, "DEST_FIPS": 13113.0, "origin_county": "FORSYTH", "destination_county": "FAYETTE" }, "geometry": { "type": "LineString", "coordinates": [ [ -84.462719878350342, 33.497542562479069 ], [ -84.167433478350347, 34.146811362479063 ] ] } },
{ "type": "Feature", "properties": { "direction": "DtoO", "ORIG_FIPS": 13085.0, "DEST_FIPS": 13297.0, "origin_county": "DAWSON", "destination_county": "WALTON" }, "geometry": { "type": "LineString", "coordinates": [ [ -83.782513760727028, 33.844515192495365 ], [ -84.131879360727027, 34.374695992495376 ] ] } },
{ "type": "Feature", "properties": { "direction": "DtoO", "ORIG_FIPS": 13077.0, "DEST_FIPS": 13217.0, "origin_county": "COWETA", "destination_county": "NEWTON" }, "geometry": { "type": "LineString", "coordinates": [ [ -83.940210191874428, 33.528998244965834 ], [ -84.670726191874436, 33.367743844965837 ] ] } },
{ "type": "Feature", "properties": { "direction": "DtoO", "ORIG_FIPS": 13297.0, "DEST_FIPS": 13085.0, "origin_county": "WALTON", "destination_county": "DAWSON" }, "geometry": { "type": "LineString", "coordinates": [ [ -84.121859239272993, 34.381298807504635 ], [ -83.772493639272994, 33.851118007504624 ] ] } },
{ "type": "Feature", "properties": { "direction": "DtoO", "ORIG_FIPS": 13139.0, "DEST_FIPS": 13015.0, "origin_county": "HALL", "destination_county": "BARTOW" }, "geometry": { "type": "LineString", "coordinates": [ [ -84.738912029257364, 34.251687314718275 ], [ -83.922304829257371, 34.31488091471828 ] ] } },
{ "type": "Feature", "properties": { "direction": "DtoO", "ORIG_FIPS": 13139.0, "DEST_FIPS": 13151.0, "origin_county": "HALL", "destination_county": "HENRY" }, "geometry": { "type": "LineString", "coordinates": [ [ -84.12632855681565, 33.541520698360095 ], [ -83.858802156815642, 34.232581498360091 ] ] } },
{ "type": "Feature", "properties": { "direction": "DtoO", "ORIG_FIPS": 13151.0, "DEST_FIPS": 13139.0, "origin_county": "HENRY", "destination_county": "HALL" }, "geometry": { "type": "LineString", "coordinates": [ [ -83.847611443184348, 34.228249301639906 ], [ -84.115137843184357, 33.53718850163991 ] ] } },
{ "type": "Feature", "properties": { "direction": "DtoO", "ORIG_FIPS": 13045.0, "DEST_FIPS": 13117.0, "origin_county": "CARROLL", "destination_county": "FORSYTH" }, "geometry": { "type": "LineString", "coordinates": [ [ -84.217185027859941, 34.156238184826712 ], [ -84.980981827859935, 33.642074184826711 ] ] } },
{ "type": "Feature", "properties": { "direction": "DtoO", "ORIG_FIPS": 13057.0, "DEST_FIPS": 13077.0, "origin_county": "CHEROKEE", "destination_county": "COWETA" }, "geometry": { "type": "LineString", "coordinates": [ [ -84.740334721345022, 33.444332180590834 ], [ -84.510656321345024, 34.156692180590838 ] ] } },
{ "type": "Feature", "properties": { "direction": "DtoO", "ORIG_FIPS": 13057.0, "DEST_FIPS": 13297.0, "origin_county": "CHEROKEE", "destination_county": "WALTON" }, "geometry": { "type": "LineString", "coordinates": [ [ -83.811245150385432, 33.822686129694915 ], [ -84.405167550385428, 34.192567729694922 ] ] } },
{ "type": "Feature", "properties": { "direction": "DtoO", "ORIG_FIPS": 13117.0, "DEST_FIPS": 13045.0, "origin_county": "FORSYTH", "destination_county": "CARROLL" }, "geometry": { "type": "LineString", "coordinates": [ [ -84.987682972140064, 33.652028815173281 ], [ -84.22388617214007, 34.166192815173282 ] ] } },
{ "type": "Feature", "properties": { "direction": "DtoO", "ORIG_FIPS": 13057.0, "DEST_FIPS": 13247.0, "origin_county": "CHEROKEE", "destination_county": "ROCKDALE" }, "geometry": { "type": "LineString", "coordinates": [ [ -84.076381822117256, 33.709540807952763 ], [ -84.43604902211726, 34.181289607952763 ] ] } },
{ "type": "Feature", "properties": { "direction": "DtoO", "ORIG_FIPS": 13247.0, "DEST_FIPS": 13223.0, "origin_county": "ROCKDALE", "destination_county": "PAULDING" }, "geometry": { "type": "LineString", "coordinates": [ [ -84.781434173614016, 33.89958730254699 ], [ -84.108906173614017, 33.686558502546994 ] ] } },
{ "type": "Feature", "properties": { "direction": "DtoO", "ORIG_FIPS": 13077.0, "DEST_FIPS": 13057.0, "origin_county": "COWETA", "destination_county": "CHEROKEE" }, "geometry": { "type": "LineString", "coordinates": [ [ -84.499235278654979, 34.153009819409164 ], [ -84.728913678654976, 33.44064981940916 ] ] } },
{ "type": "Feature", "properties": { "direction": "DtoO", "ORIG_FIPS": 13015.0, "DEST_FIPS": 13139.0, "origin_county": "BARTOW", "destination_county": "HALL" }, "geometry": { "type": "LineString", "coordinates": [ [ -83.921378970742637, 34.302916685281723 ], [ -84.73798617074263, 34.239723085281717 ] ] } },
{ "type": "Feature", "properties": { "direction": "DtoO", "ORIG_FIPS": 13223.0, "DEST_FIPS": 13247.0, "origin_county": "PAULDING", "destination_county": "ROCKDALE" }, "geometry": { "type": "LineString", "coordinates": [ [ -84.112529826385966, 33.675118697453009 ], [ -84.785057826385966, 33.888147497453005 ] ] } },
{ "type": "Feature", "properties": { "direction": "DtoO", "ORIG_FIPS": 13045.0, "DEST_FIPS": 13255.0, "origin_county": "CARROLL", "destination_county": "SPALDING" }, "geometry": { "type": "LineString", "coordinates": [ [ -84.365979452098728, 33.28751345312029 ], [ -85.002493052098728, 33.545029453120286 ] ] } },
{ "type": "Feature", "properties": { "direction": "DtoO", "ORIG_FIPS": 13255.0, "DEST_FIPS": 13045.0, "origin_county": "SPALDING", "destination_county": "CARROLL" }, "geometry": { "type": "LineString", "coordinates": [ [ -84.997992547901262, 33.556153546879706 ], [ -84.361478947901261, 33.298637546879711 ] ] } },
{ "type": "Feature", "properties": { "direction": "DtoO", "ORIG_FIPS": 13297.0, "DEST_FIPS": 13057.0, "origin_county": "WALTON", "destination_county": "CHEROKEE" }, "geometry": { "type": "LineString", "coordinates": [ [ -84.398823849614573, 34.202753870305081 ], [ -83.804901449614576, 33.832872270305074 ] ] } },
{ "type": "Feature", "properties": { "direction": "DtoO", "ORIG_FIPS": 13255.0, "DEST_FIPS": 13297.0, "origin_county": "SPALDING", "destination_county": "WALTON" }, "geometry": { "type": "LineString", "coordinates": [ [ -83.784742692942999, 33.725119680807559 ], [ -84.225008292943002, 33.308593280807564 ] ] } },
{ "type": "Feature", "properties": { "direction": "DtoO", "ORIG_FIPS": 13117.0, "DEST_FIPS": 13151.0, "origin_county": "FORSYTH", "destination_county": "HENRY" }, "geometry": { "type": "LineString", "coordinates": [ [ -84.157258443818321, 33.530449355891783 ], [ -84.133968043818314, 34.148460555891774 ] ] } },
{ "type": "Feature", "properties": { "direction": "DtoO", "ORIG_FIPS": 13297.0, "DEST_FIPS": 13097.0, "origin_county": "WALTON", "destination_county": "DOUGLAS" }, "geometry": { "type": "LineString", "coordinates": [ [ -84.665025621631329, 33.715768346618688 ], [ -83.837708821631324, 33.779553146618682 ] ] } },
{ "type": "Feature", "properties": { "direction": "DtoO", "ORIG_FIPS": 13113.0, "DEST_FIPS": 13297.0, "origin_county": "FAYETTE", "destination_county": "WALTON" }, "geometry": { "type": "LineString", "coordinates": [ [ -83.807254734205529, 33.739377919051286 ], [ -84.415523534205519, 33.445262719051293 ] ] } },
{ "type": "Feature", "properties": { "direction": "DtoO", "ORIG_FIPS": 13085.0, "DEST_FIPS": 13013.0, "origin_county": "DAWSON", "destination_county": "BARROW" }, "geometry": { "type": "LineString", "coordinates": [ [ -83.762728400070728, 34.034032151451598 ], [ -84.128970800070718, 34.394888951451598 ] ] } },
{ "type": "Feature", "properties": { "direction": "DtoO", "ORIG_FIPS": 13297.0, "DEST_FIPS": 13113.0, "origin_county": "WALTON", "destination_county": "FAYETTE" }, "geometry": { "type": "LineString", "coordinates": [ [ -84.420747265794475, 33.456066080948709 ], [ -83.812478465794484, 33.750181280948702 ] ] } },
{ "type": "Feature", "properties": { "direction": "DtoO", "ORIG_FIPS": 13297.0, "DEST_FIPS": 13255.0, "origin_county": "WALTON", "destination_county": "SPALDING" }, "geometry": { "type": "LineString", "coordinates": [ [ -84.233255307057007, 33.317310319192437 ], [ -83.792989707057004, 33.733836719192432 ] ] } },
{ "type": "Feature", "properties": { "direction": "DtoO", "ORIG_FIPS": 13013.0, "DEST_FIPS": 13085.0, "origin_county": "BARROW", "destination_county": "DAWSON" }, "geometry": { "type": "LineString", "coordinates": [ [ -84.120548599929279, 34.403436848548402 ], [ -83.754306199929289, 34.042580048548402 ] ] } },
{ "type": "Feature", "properties": { "direction": "DtoO", "ORIG_FIPS": 13217.0, "DEST_FIPS": 13077.0, "origin_county": "NEWTON", "destination_county": "COWETA" }, "geometry": { "type": "LineString", "coordinates": [ [ -84.673312808125573, 33.379461755034164 ], [ -83.942796808125564, 33.540716155034161 ] ] } },
{ "type": "Feature", "properties": { "direction": "DtoO", "ORIG_FIPS": 13151.0, "DEST_FIPS": 13117.0, "origin_county": "HENRY", "destination_county": "FORSYTH" }, "geometry": { "type": "LineString", "coordinates": [ [ -84.121976556181679, 34.148008644108216 ], [ -84.145266956181686, 33.529997444108226 ] ] } },
{ "type": "Feature", "properties": { "direction": "DtoO", "ORIG_FIPS": 13217.0, "DEST_FIPS": 13117.0, "origin_county": "NEWTON", "destination_county": "FORSYTH" }, "geometry": { "type": "LineString", "coordinates": [ [ -84.092022226027439, 34.160714767141037 ], [ -83.872124626027428, 33.624337167141036 ] ] } },
{ "type": "Feature", "properties": { "direction": "DtoO", "ORIG_FIPS": 13057.0, "DEST_FIPS": 13013.0, "origin_county": "CHEROKEE", "destination_county": "BARROW" }, "geometry": { "type": "LineString", "coordinates": [ [ -83.790958694599496, 34.012568139941784 ], [ -84.401757894599498, 34.213125739941781 ] ] } },
{ "type": "Feature", "properties": { "direction": "DtoO", "ORIG_FIPS": 13097.0, "DEST_FIPS": 13217.0, "origin_county": "DOUGLAS", "destination_county": "NEWTON" }, "geometry": { "type": "LineString", "coordinates": [ [ -83.942915644657703, 33.563769208480373 ], [ -84.677147644657694, 33.68120840848038 ] ] } },
{ "type": "Feature", "properties": { "direction": "DtoO", "ORIG_FIPS": 13117.0, "DEST_FIPS": 13217.0, "origin_county": "FORSYTH", "destination_county": "NEWTON" }, "geometry": { "type": "LineString", "coordinates": [ [ -83.883227773972564, 33.619785232858959 ], [ -84.103125373972574, 34.156162832858961 ] ] } },
{ "type": "Feature", "properties": { "direction": "DtoO", "ORIG_FIPS": 13217.0, "DEST_FIPS": 13097.0, "origin_county": "NEWTON", "destination_county": "DOUGLAS" }, "geometry": { "type": "LineString", "coordinates": [ [ -84.675252355342295, 33.693057791519628 ], [ -83.941020355342303, 33.575618591519621 ] ] } },
{ "type": "Feature", "properties": { "direction": "DtoO", "ORIG_FIPS": 13013.0, "DEST_FIPS": 13063.0, "origin_county": "BARROW", "destination_county": "CLAYTON" }, "geometry": { "type": "LineString", "coordinates": [ [ -84.296629563019337, 33.59188804921633 ], [ -83.78067196301933, 33.952978449216324 ] ] } },
{ "type": "Feature", "properties": { "direction": "DtoO", "ORIG_FIPS": 13015.0, "DEST_FIPS": 13085.0, "origin_county": "BARTOW", "destination_county": "DAWSON" }, "geometry": { "type": "LineString", "coordinates": [ [ -84.235771524171966, 34.417889683674908 ], [ -84.771759524171969, 34.252718483674904 ] ] } },
{ "type": "Feature", "properties": { "direction": "DtoO", "ORIG_FIPS": 13013.0, "DEST_FIPS": 13057.0, "origin_county": "BARROW", "destination_county": "CHEROKEE" }, "geometry": { "type": "LineString", "coordinates": [ [ -84.398014305400508, 34.224526860058212 ], [ -83.787215105400506, 34.023969260058216 ] ] } },
{ "type": "Feature", "properties": { "direction": "DtoO", "ORIG_FIPS": 13063.0, "DEST_FIPS": 13013.0, "origin_county": "CLAYTON", "destination_county": "BARROW" }, "geometry": { "type": "LineString", "coordinates": [ [ -83.773791436980673, 33.943146950783664 ], [ -84.28974903698068, 33.582056550783669 ] ] } },
{ "type": "Feature", "properties": { "direction": "DtoO", "ORIG_FIPS": 13113.0, "DEST_FIPS": 13057.0, "origin_county": "FAYETTE", "destination_county": "CHEROKEE" }, "geometry": { "type": "LineString", "coordinates": [ [ -84.472030699984188, 34.160766793478899 ], [ -84.486377099984182, 33.4967699934789 ] ] } },
{ "type": "Feature", "properties": { "direction": "DtoO", "ORIG_FIPS": 13139.0, "DEST_FIPS": 13063.0, "origin_county": "HALL", "destination_county": "CLAYTON" }, "geometry": { "type": "LineString", "coordinates": [ [ -84.308821164798516, 33.622753501801228 ], [ -83.87848676479851, 34.242723101801225 ] ] } },
{ "type": "Feature", "properties": { "direction": "DtoO", "ORIG_FIPS": 13045.0, "DEST_FIPS": 13151.0, "origin_county": "CARROLL", "destination_county": "HENRY" }, "geometry": { "type": "LineString", "coordinates": [ [ -84.247570574521063, 33.460011043928667 ], [ -84.988076974521078, 33.563858243928657 ] ] } },
{ "type": "Feature", "properties": { "direction": "DtoO", "ORIG_FIPS": 13063.0, "DEST_FIPS": 13139.0, "origin_county": "CLAYTON", "destination_county": "HALL" }, "geometry": { "type": "LineString", "coordinates": [ [ -83.868628835201491, 34.235880498198775 ], [ -84.298963235201498, 33.615910898198777 ] ] } },
{ "type": "Feature", "properties": { "direction": "DtoO", "ORIG_FIPS": 13085.0, "DEST_FIPS": 13015.0, "origin_county": "DAWSON", "destination_county": "BARTOW" }, "geometry": { "type": "LineString", "coordinates": [ [ -84.775293475828036, 34.264186316325087 ], [ -84.239305475828033, 34.429357516325091 ] ] } },
{ "type": "Feature", "properties": { "direction": "DtoO", "ORIG_FIPS": 13057.0, "DEST_FIPS": 13151.0, "origin_county": "CHEROKEE", "destination_county": "HENRY" }, "geometry": { "type": "LineString", "coordinates": [ [ -84.191937162315071, 33.529801620773277 ], [ -84.449586762315064, 34.162540820773273 ] ] } },
{ "type": "Feature", "properties": { "direction": "DtoO", "ORIG_FIPS": 13063.0, "DEST_FIPS": 13015.0, "origin_county": "CLAYTON", "destination_county": "BARTOW" }, "geometry": { "type": "LineString", "coordinates": [ [ -84.787311116009761, 34.171629121315043 ], [ -84.401038316009775, 33.614853121315051 ] ] } },
{ "type": "Feature", "properties": { "direction": "DtoO", "ORIG_FIPS": 13057.0, "DEST_FIPS": 13113.0, "origin_county": "CHEROKEE", "destination_county": "FAYETTE" }, "geometry": { "type": "LineString", "coordinates": [ [ -84.498374300015811, 33.497029206521098 ], [ -84.484027900015818, 34.161026006521098 ] ] } },
{ "type": "Feature", "properties": { "direction": "DtoO", "ORIG_FIPS": 13117.0, "DEST_FIPS": 13247.0, "origin_county": "FORSYTH", "destination_county": "ROCKDALE" }, "geometry": { "type": "LineString", "coordinates": [ [ -84.042405811164372, 33.710319031611384 ], [ -84.121133011164375, 34.167339831611379 ] ] } },
{ "type": "Feature", "properties": { "direction": "DtoO", "ORIG_FIPS": 13151.0, "DEST_FIPS": 13057.0, "origin_county": "HENRY", "destination_county": "CHEROKEE" }, "geometry": { "type": "LineString", "coordinates": [ [ -84.438472837684927, 34.167066379226725 ], [ -84.180823237684933, 33.534327179226729 ] ] } },
{ "type": "Feature", "properties": { "direction": "DtoO", "ORIG_FIPS": 13247.0, "DEST_FIPS": 13139.0, "origin_county": "ROCKDALE", "destination_county": "HALL" }, "geometry": { "type": "LineString", "coordinates": [ [ -83.834727295176378, 34.248750910466022 ], [ -84.000236095176376, 33.718680510466022 ] ] } },
{ "type": "Feature", "properties": { "direction": "DtoO", "ORIG_FIPS": 13077.0, "DEST_FIPS": 13247.0, "origin_county": "COWETA", "destination_county": "ROCKDALE" }, "geometry": { "type": "LineString", "coordinates": [ [ -84.098052317294304, 33.618578718540128 ], [ -84.687397917294305, 33.377967518540125 ] ] } },
{ "type": "Feature", "properties": { "direction": "DtoO", "ORIG_FIPS": 13151.0, "DEST_FIPS": 13223.0, "origin_county": "HENRY", "destination_county": "PAULDING" }, "geometry": { "type": "LineString", "coordinates": [ [ -84.792708587075353, 33.878761412950475 ], [ -84.22219818707535, 33.504742212950482 ] ] } },
{ "type": "Feature", "properties": { "direction": "DtoO", "ORIG_FIPS": 13015.0, "DEST_FIPS": 13063.0, "origin_county": "BARTOW", "destination_county": "CLAYTON" }, "geometry": { "type": "LineString", "coordinates": [ [ -84.410897883990245, 33.60801287868496 ], [ -84.797170683990231, 34.164788878684952 ] ] } },
{ "type": "Feature", "properties": { "direction": "DtoO", "ORIG_FIPS": 13247.0, "DEST_FIPS": 13117.0, "origin_county": "ROCKDALE", "destination_county": "FORSYTH" }, "geometry": { "type": "LineString", "coordinates": [ [ -84.109307188835629, 34.169376968388612 ], [ -84.030579988835626, 33.712356168388617 ] ] } },
{ "type": "Feature", "properties": { "direction": "DtoO", "ORIG_FIPS": 13139.0, "DEST_FIPS": 13247.0, "origin_county": "HALL", "destination_county": "ROCKDALE" }, "geometry": { "type": "LineString", "coordinates": [ [ -84.011690704823621, 33.722257089533976 ], [ -83.846181904823624, 34.252327489533975 ] ] } },
{ "type": "Feature", "properties": { "direction": "DtoO", "ORIG_FIPS": 13117.0, "DEST_FIPS": 13097.0, "origin_county": "FORSYTH", "destination_county": "DOUGLAS" }, "geometry": { "type": "LineString", "coordinates": [ [ -84.707476428312177, 33.758832369302816 ], [ -84.193142028312181, 34.177770769302811 ] ] } },
{ "type": "Feature", "properties": { "direction": "DtoO", "ORIG_FIPS": 13151.0, "DEST_FIPS": 13045.0, "origin_county": "HENRY", "destination_county": "CARROLL" }, "geometry": { "type": "LineString", "coordinates": [ [ -84.986410425478937, 33.575741956071333 ], [ -84.245904025478922, 33.471894756071343 ] ] } },
{ "type": "Feature", "properties": { "direction": "DtoO", "ORIG_FIPS": 13247.0, "DEST_FIPS": 13077.0, "origin_county": "ROCKDALE", "destination_county": "COWETA" }, "geometry": { "type": "LineString", "coordinates": [ [ -84.691933682705695, 33.389077281459869 ], [ -84.102588082705694, 33.629688481459873 ] ] } },
{ "type": "Feature", "properties": { "direction": "DtoO", "ORIG_FIPS": 13139.0, "DEST_FIPS": 13217.0, "origin_county": "HALL", "destination_county": "NEWTON" }, "geometry": { "type": "LineString", "coordinates": [ [ -83.853141920939649, 33.631431828245603 ], [ -83.828803520939658, 34.240859028245602 ] ] } },
{ "type": "Feature", "properties": { "direction": "DtoO", "ORIG_FIPS": 13151.0, "DEST_FIPS": 13013.0, "origin_county": "HENRY", "destination_county": "BARROW" }, "geometry": { "type": "LineString", "coordinates": [ [ -83.752234567592879, 33.935379794546904 ], [ -84.105384167592874, 33.503198194546904 ] ] } },
{ "type": "Feature", "properties": { "direction": "DtoO", "ORIG_FIPS": 13217.0, "DEST_FIPS": 13139.0, "origin_county": "NEWTON", "destination_county": "HALL" }, "geometry": { "type": "LineString", "coordinates": [ [ -83.816813079060353, 34.240380171754403 ], [ -83.841151479060343, 33.630952971754404 ] ] } },
{ "type": "Feature", "properties": { "direction": "DtoO", "ORIG_FIPS": 13057.0, "DEST_FIPS": 13045.0, "origin_county": "CHEROKEE", "destination_county": "CARROLL" }, "geometry": { "type": "LineString", "coordinates": [ [ -85.02388099898333, 33.65293791243878 ], [ -84.541024198983337, 34.181829912438786 ] ] } },
{ "type": "Feature", "properties": { "direction": "DtoO", "ORIG_FIPS": 13013.0, "DEST_FIPS": 13151.0, "origin_county": "BARROW", "destination_county": "HENRY" }, "geometry": { "type": "LineString", "coordinates": [ [ -84.114676432407137, 33.510791205453096 ], [ -83.761526832407142, 33.942972805453095 ] ] } },
{ "type": "Feature", "properties": { "direction": "DtoO", "ORIG_FIPS": 13045.0, "DEST_FIPS": 13057.0, "origin_county": "CARROLL", "destination_county": "CHEROKEE" }, "geometry": { "type": "LineString", "coordinates": [ [ -84.532162001016673, 34.173739087561216 ], [ -85.015018801016666, 33.64484708756121 ] ] } },
{ "type": "Feature", "properties": { "direction": "DtoO", "ORIG_FIPS": 13255.0, "DEST_FIPS": 13097.0, "origin_county": "SPALDING", "destination_county": "DOUGLAS" }, "geometry": { "type": "LineString", "coordinates": [ [ -84.715556065617506, 33.662154936381384 ], [ -84.328504865617504, 33.309413336381382 ] ] } },
{ "type": "Feature", "properties": { "direction": "DtoO", "ORIG_FIPS": 13223.0, "DEST_FIPS": 13151.0, "origin_county": "PAULDING", "destination_county": "HENRY" }, "geometry": { "type": "LineString", "coordinates": [ [ -84.228777412924643, 33.494706587049528 ], [ -84.799287812924646, 33.86872578704952 ] ] } },
{ "type": "Feature", "properties": { "direction": "DtoO", "ORIG_FIPS": 13135.0, "DEST_FIPS": 13255.0, "origin_county": "GWINNETT", "destination_county": "SPALDING" }, "geometry": { "type": "LineString", "coordinates": [ [ -84.263738189375701, 33.333055632321077 ], [ -84.0553317893757, 33.893687632321075 ] ] } },
{ "type": "Feature", "properties": { "direction": "DtoO", "ORIG_FIPS": 13097.0, "DEST_FIPS": 13255.0, "origin_county": "DOUGLAS", "destination_county": "SPALDING" }, "geometry": { "type": "LineString", "coordinates": [ [ -84.336587934382493, 33.300544063618617 ], [ -84.723639134382495, 33.653285663618618 ] ] } },
{ "type": "Feature", "properties": { "direction": "DtoO", "ORIG_FIPS": 13097.0, "DEST_FIPS": 13117.0, "origin_county": "DOUGLAS", "destination_county": "FORSYTH" }, "geometry": { "type": "LineString", "coordinates": [ [ -84.185563571687808, 34.168466630697182 ], [ -84.699897971687804, 33.749528230697187 ] ] } },
{ "type": "Feature", "properties": { "direction": "DtoO", "ORIG_FIPS": 13255.0, "DEST_FIPS": 13135.0, "origin_county": "SPALDING", "destination_county": "GWINNETT" }, "geometry": { "type": "LineString", "coordinates": [ [ -84.044083810624286, 33.889506367678919 ], [ -84.252490210624288, 33.328874367678921 ] ] } },
{ "type": "Feature", "properties": { "direction": "DtoO", "ORIG_FIPS": 13247.0, "DEST_FIPS": 13097.0, "origin_county": "ROCKDALE", "destination_county": "DOUGLAS" }, "geometry": { "type": "LineString", "coordinates": [ [ -84.69346181249999, 33.703040368107231 ], [ -84.100400212499991, 33.664957968107231 ] ] } },
{ "type": "Feature", "properties": { "direction": "DtoO", "ORIG_FIPS": 13097.0, "DEST_FIPS": 13247.0, "origin_county": "DOUGLAS", "destination_county": "ROCKDALE" }, "geometry": { "type": "LineString", "coordinates": [ [ -84.101169187499991, 33.652982631892769 ], [ -84.69423078749999, 33.691065031892769 ] ] } },
{ "type": "Feature", "properties": { "direction": "DtoO", "ORIG_FIPS": 13135.0, "DEST_FIPS": 13045.0, "origin_county": "GWINNETT", "destination_county": "CARROLL" }, "geometry": { "type": "LineString", "coordinates": [ [ -84.976218071665102, 33.626318068822762 ], [ -84.1312980716651, 33.929434068822765 ] ] } },
{ "type": "Feature", "properties": { "direction": "DtoO", "ORIG_FIPS": 13045.0, "DEST_FIPS": 13135.0, "origin_county": "CARROLL", "destination_county": "GWINNETT" }, "geometry": { "type": "LineString", "coordinates": [ [ -84.127245928334901, 33.918138931177232 ], [ -84.972165928334903, 33.615022931177229 ] ] } },
{ "type": "Feature", "properties": { "direction": "DtoO", "ORIG_FIPS": 13113.0, "DEST_FIPS": 13217.0, "origin_county": "FAYETTE", "destination_county": "NEWTON" }, "geometry": { "type": "LineString", "coordinates": [ [ -83.913302704976459, 33.53504166267799 ], [ -84.428486704976464, 33.422150462677983 ] ] } },
{ "type": "Feature", "properties": { "direction": "DtoO", "ORIG_FIPS": 13135.0, "DEST_FIPS": 13077.0, "origin_county": "GWINNETT", "destination_county": "COWETA" }, "geometry": { "type": "LineString", "coordinates": [ [ -84.693177123541673, 33.418903395746398 ], [ -84.101435523541667, 33.905487395746398 ] ] } },
{ "type": "Feature", "properties": { "direction": "DtoO", "ORIG_FIPS": 13217.0, "DEST_FIPS": 13113.0, "origin_county": "NEWTON", "destination_county": "FAYETTE" }, "geometry": { "type": "LineString", "coordinates": [ [ -84.43105529502354, 33.433872337322008 ], [ -83.915871295023535, 33.546763537322015 ] ] } },
{ "type": "Feature", "properties": { "direction": "DtoO", "ORIG_FIPS": 13117.0, "DEST_FIPS": 13223.0, "origin_county": "FORSYTH", "destination_county": "PAULDING" }, "geometry": { "type": "LineString", "coordinates": [ [ -84.795367289012248, 33.95654475908961 ], [ -84.201566489012251, 34.200536759089609 ] ] } },
{ "type": "Feature", "properties": { "direction": "DtoO", "ORIG_FIPS": 13113.0, "DEST_FIPS": 13247.0, "origin_county": "FAYETTE", "destination_county": "ROCKDALE" }, "geometry": { "type": "LineString", "coordinates": [ [ -84.070660761215606, 33.624842682278469 ], [ -84.444674361215604, 33.43259468227847 ] ] } },
{ "type": "Feature", "properties": { "direction": "DtoO", "ORIG_FIPS": 13247.0, "DEST_FIPS": 13113.0, "origin_county": "ROCKDALE", "destination_county": "FAYETTE" }, "geometry": { "type": "LineString", "coordinates": [ [ -84.450160238784392, 33.443267317721528 ], [ -84.076146638784394, 33.635515317721527 ] ] } },
{ "type": "Feature", "properties": { "direction": "DtoO", "ORIG_FIPS": 13117.0, "DEST_FIPS": 13063.0, "origin_county": "FORSYTH", "destination_county": "CLAYTON" }, "geometry": { "type": "LineString", "coordinates": [ [ -84.34010187544645, 33.612133771817277 ], [ -84.154003475446444, 34.15905377181727 ] ] } },
{ "type": "Feature", "properties": { "direction": "DtoO", "ORIG_FIPS": 13223.0, "DEST_FIPS": 13117.0, "origin_county": "PAULDING", "destination_county": "FORSYTH" }, "geometry": { "type": "LineString", "coordinates": [ [ -84.197005710987739, 34.189437240910387 ], [ -84.790806510987736, 33.945445240910388 ] ] } },
{ "type": "Feature", "properties": { "direction": "DtoO", "ORIG_FIPS": 13077.0, "DEST_FIPS": 13135.0, "origin_county": "COWETA", "destination_county": "GWINNETT" }, "geometry": { "type": "LineString", "coordinates": [ [ -84.093813876458327, 33.896218604253598 ], [ -84.685555476458333, 33.409634604253597 ] ] } },
{ "type": "Feature", "properties": { "direction": "DtoO", "ORIG_FIPS": 13063.0, "DEST_FIPS": 13117.0, "origin_county": "CLAYTON", "destination_county": "FORSYTH" }, "geometry": { "type": "LineString", "coordinates": [ [ -84.142643124553558, 34.155188228182723 ], [ -84.328741524553564, 33.60826822818273 ] ] } },
{ "type": "Feature", "properties": { "direction": "DtoO", "ORIG_FIPS": 13255.0, "DEST_FIPS": 13067.0, "origin_county": "SPALDING", "destination_county": "COBB" }, "geometry": { "type": "LineString", "coordinates": [ [ -84.541919752180306, 33.875741392646823 ], [ -84.307904552180318, 33.331309392646823 ] ] } },
{ "type": "Feature", "properties": { "direction": "DtoO", "ORIG_FIPS": 13067.0, "DEST_FIPS": 13255.0, "origin_county": "COBB", "destination_county": "SPALDING" }, "geometry": { "type": "LineString", "coordinates": [ [ -84.318929247819696, 33.326570607353183 ], [ -84.552944447819684, 33.871002607353184 ] ] } },
{ "type": "Feature", "properties": { "direction": "DtoO", "ORIG_FIPS": 13089.0, "DEST_FIPS": 13085.0, "origin_county": "DEKALB", "destination_county": "DAWSON" }, "geometry": { "type": "LineString", "coordinates": [ [ -84.17014214209928, 34.376494932249017 ], [ -84.214794942099275, 33.838262932249009 ] ] } },
{ "type": "Feature", "properties": { "direction": "DtoO", "ORIG_FIPS": 13067.0, "DEST_FIPS": 13013.0, "origin_county": "COBB", "destination_county": "BARROW" }, "geometry": { "type": "LineString", "coordinates": [ [ -83.798772787097519, 33.982032444492972 ], [ -84.489930387097516, 33.940614044492975 ] ] } },
{ "type": "Feature", "properties": { "direction": "DtoO", "ORIG_FIPS": 13015.0, "DEST_FIPS": 13045.0, "origin_county": "BARTOW", "destination_county": "CARROLL" }, "geometry": { "type": "LineString", "coordinates": [ [ -85.061514539453825, 33.650342247388252 ], [ -84.870088939453822, 34.174362247388252 ] ] } },
{ "type": "Feature", "properties": { "direction": "DtoO", "ORIG_FIPS": 13247.0, "DEST_FIPS": 13255.0, "origin_county": "ROCKDALE", "destination_county": "SPALDING" }, "geometry": { "type": "LineString", "coordinates": [ [ -84.263433531489426, 33.303504931882969 ], [ -84.057423131489415, 33.61816413188297 ] ] } },
{ "type": "Feature", "properties": { "direction": "DtoO", "ORIG_FIPS": 13223.0, "DEST_FIPS": 13113.0, "origin_county": "PAULDING", "destination_county": "FAYETTE" }, "geometry": { "type": "LineString", "coordinates": [ [ -84.536314264606958, 33.461001260363822 ], [ -84.834828664606945, 33.866278060363818 ] ] } },
{ "type": "Feature", "properties": { "direction": "DtoO", "ORIG_FIPS": 13085.0, "DEST_FIPS": 13089.0, "origin_county": "DAWSON", "destination_county": "DEKALB" }, "geometry": { "type": "LineString", "coordinates": [ [ -84.226753857900718, 33.839255067750983 ], [ -84.182101057900724, 34.377487067750991 ] ] } },
{ "type": "Feature", "properties": { "direction": "DtoO", "ORIG_FIPS": 13113.0, "DEST_FIPS": 13223.0, "origin_county": "FAYETTE", "destination_county": "PAULDING" }, "geometry": { "type": "LineString", "coordinates": [ [ -84.82516673539304, 33.873394739636176 ], [ -84.526652335393052, 33.46811793963618 ] ] } },
{ "type": "Feature", "properties": { "direction": "DtoO", "ORIG_FIPS": 13255.0, "DEST_FIPS": 13247.0, "origin_county": "SPALDING", "destination_county": "ROCKDALE" }, "geometry": { "type": "LineString", "coordinates": [ [ -84.047383468510574, 33.611591068117029 ], [ -84.253393868510585, 33.296931868117028 ] ] } },
{ "type": "Feature", "properties": { "direction": "DtoO", "ORIG_FIPS": 13045.0, "DEST_FIPS": 13015.0, "origin_county": "CARROLL", "destination_county": "BARTOW" }, "geometry": { "type": "LineString", "coordinates": [ [ -84.858817460546177, 34.170244752611744 ], [ -85.05024306054618, 33.646224752611744 ] ] } },
{ "type": "Feature", "properties": { "direction": "DtoO", "ORIG_FIPS": 13135.0, "DEST_FIPS": 13015.0, "origin_county": "GWINNETT", "destination_county": "BARTOW" }, "geometry": { "type": "LineString", "coordinates": [ [ -84.756916798202695, 34.215877031591511 ], [ -84.103422398202696, 33.994973031591513 ] ] } },
{ "type": "Feature", "properties": { "direction": "DtoO", "ORIG_FIPS": 13013.0, "DEST_FIPS": 13067.0, "origin_county": "BARROW", "destination_county": "COBB" }, "geometry": { "type": "LineString", "coordinates": [ [ -84.490648212902485, 33.952592555507024 ], [ -83.799490612902488, 33.994010955507022 ] ] } },
{ "type": "Feature", "properties": { "direction": "DtoO", "ORIG_FIPS": 13015.0, "DEST_FIPS": 13135.0, "origin_county": "BARTOW", "destination_county": "GWINNETT" }, "geometry": { "type": "LineString", "coordinates": [ [ -84.107265201797304, 33.983604968408486 ], [ -84.760759601797304, 34.204508968408483 ] ] } },
{ "type": "Feature", "properties": { "direction": "DtoO", "ORIG_FIPS": 13117.0, "DEST_FIPS": 13297.0, "origin_county": "FORSYTH", "destination_county": "WALTON" }, "geometry": { "type": "LineString", "coordinates": [ [ -83.777457268702094, 33.82197123900648 ], [ -84.090439668702089, 34.177124839006481 ] ] } },
{ "type": "Feature", "properties": { "direction": "DtoO", "ORIG_FIPS": 13067.0, "DEST_FIPS": 13297.0, "origin_county": "COBB", "destination_county": "WALTON" }, "geometry": { "type": "LineString", "coordinates": [ [ -83.819236310842527, 33.791637320483702 ], [ -84.493517110842518, 33.9195429204837 ] ] } },
{ "type": "Feature", "properties": { "direction": "DtoO", "ORIG_FIPS": 13063.0, "DEST_FIPS": 13297.0, "origin_county": "CLAYTON", "destination_county": "WALTON" }, "geometry": { "type": "LineString", "coordinates": [ [ -83.794066061127268, 33.751972420706878 ], [ -84.293146861127269, 33.560206020706886 ] ] } },
{ "type": "Feature", "properties": { "direction": "DtoO", "ORIG_FIPS": 13063.0, "DEST_FIPS": 13057.0, "origin_county": "CLAYTON", "destination_county": "CHEROKEE" }, "geometry": { "type": "LineString", "coordinates": [ [ -84.458464557161179, 34.174689034870283 ], [ -84.363622957161184, 33.613041034870285 ] ] } },
{ "type": "Feature", "properties": { "direction": "DtoO", "ORIG_FIPS": 13255.0, "DEST_FIPS": 13217.0, "origin_county": "SPALDING", "destination_county": "NEWTON" }, "geometry": { "type": "LineString", "coordinates": [ [ -83.890220379541475, 33.520634454604412 ], [ -84.237401179541465, 33.285332054604417 ] ] } },
{ "type": "Feature", "properties": { "direction": "DtoO", "ORIG_FIPS": 13217.0, "DEST_FIPS": 13255.0, "origin_county": "NEWTON", "destination_county": "SPALDING" }, "geometry": { "type": "LineString", "coordinates": [ [ -84.244133620458527, 33.295265545395587 ], [ -83.896952820458537, 33.530567945395582 ] ] } },
{ "type": "Feature", "properties": { "direction": "DtoO", "ORIG_FIPS": 13297.0, "DEST_FIPS": 13063.0, "origin_county": "WALTON", "destination_county": "CLAYTON" }, "geometry": { "type": "LineString", "coordinates": [ [ -84.297450938872743, 33.571407579293123 ], [ -83.798370138872741, 33.763173979293114 ] ] } },
{ "type": "Feature", "properties": { "direction": "DtoO", "ORIG_FIPS": 13297.0, "DEST_FIPS": 13117.0, "origin_county": "WALTON", "destination_county": "FORSYTH" }, "geometry": { "type": "LineString", "coordinates": [ [ -84.081436731297913, 34.185058760993513 ], [ -83.768454331297917, 33.829905160993512 ] ] } },
{ "type": "Feature", "properties": { "direction": "DtoO", "ORIG_FIPS": 13247.0, "DEST_FIPS": 13013.0, "origin_county": "ROCKDALE", "destination_county": "BARROW" }, "geometry": { "type": "LineString", "coordinates": [ [ -83.739726170950462, 33.955223398031542 ], [ -83.99085817095046, 33.684032198031538 ] ] } },
{ "type": "Feature", "properties": { "direction": "DtoO", "ORIG_FIPS": 13297.0, "DEST_FIPS": 13067.0, "origin_county": "WALTON", "destination_county": "COBB" }, "geometry": { "type": "LineString", "coordinates": [ [ -84.491280689157477, 33.931332679516295 ], [ -83.816999889157486, 33.803427079516297 ] ] } },
{ "type": "Feature", "properties": { "direction": "DtoO", "ORIG_FIPS": 13057.0, "DEST_FIPS": 13063.0, "origin_county": "CHEROKEE", "destination_county": "CLAYTON" }, "geometry": { "type": "LineString", "coordinates": [ [ -84.375455442838827, 33.61104296512972 ], [ -84.470297042838823, 34.172690965129718 ] ] } },
{ "type": "Feature", "properties": { "direction": "DtoO", "ORIG_FIPS": 13067.0, "DEST_FIPS": 13085.0, "origin_county": "COBB", "destination_county": "DAWSON" }, "geometry": { "type": "LineString", "coordinates": [ [ -84.206486756409063, 34.390215573036173 ], [ -84.53140195640907, 33.987940373036174 ] ] } },
{ "type": "Feature", "properties": { "direction": "DtoO", "ORIG_FIPS": 13085.0, "DEST_FIPS": 13067.0, "origin_county": "DAWSON", "destination_county": "COBB" }, "geometry": { "type": "LineString", "coordinates": [ [ -84.540737243590939, 33.99548042696383 ], [ -84.215822043590933, 34.397755626963828 ] ] } },
{ "type": "Feature", "properties": { "direction": "DtoO", "ORIG_FIPS": 13151.0, "DEST_FIPS": 13097.0, "origin_county": "HENRY", "destination_county": "DOUGLAS" }, "geometry": { "type": "LineString", "coordinates": [ [ -84.704344260515938, 33.682489332028943 ], [ -84.213300260515936, 33.483416532028947 ] ] } },
{ "type": "Feature", "properties": { "direction": "DtoO", "ORIG_FIPS": 13013.0, "DEST_FIPS": 13247.0, "origin_county": "BARROW", "destination_county": "ROCKDALE" }, "geometry": { "type": "LineString", "coordinates": [ [ -83.999662829049541, 33.692185601968454 ], [ -83.748530829049542, 33.963376801968458 ] ] } },
{ "type": "Feature", "properties": { "direction": "DtoO", "ORIG_FIPS": 13015.0, "DEST_FIPS": 13117.0, "origin_county": "BARTOW", "destination_county": "FORSYTH" }, "geometry": { "type": "LineString", "coordinates": [ [ -84.196710702253171, 34.220718889345534 ], [ -84.769081902253163, 34.230574889345533 ] ] } },
{ "type": "Feature", "properties": { "direction": "DtoO", "ORIG_FIPS": 13135.0, "DEST_FIPS": 13113.0, "origin_county": "GWINNETT", "destination_county": "FAYETTE" }, "geometry": { "type": "LineString", "coordinates": [ [ -84.451669273750667, 33.472587086756214 ], [ -84.075259673750665, 33.91080788675621 ] ] } },
{ "type": "Feature", "properties": { "direction": "DtoO", "ORIG_FIPS": 13117.0, "DEST_FIPS": 13015.0, "origin_county": "FORSYTH", "destination_county": "BARTOW" }, "geometry": { "type": "LineString", "coordinates": [ [ -84.768875297746831, 34.242573110654462 ], [ -84.196504097746839, 34.232717110654463 ] ] } },
{ "type": "Feature", "properties": { "direction": "DtoO", "ORIG_FIPS": 13057.0, "DEST_FIPS": 13097.0, "origin_county": "CHEROKEE", "destination_county": "DOUGLAS" }, "geometry": { "type": "LineString", "coordinates": [ [ -84.744088127994317, 33.758864781779252 ], [ -84.510693727994308, 34.192531181779252 ] ] } },
{ "type": "Feature", "properties": { "direction": "DtoO", "ORIG_FIPS": 13217.0, "DEST_FIPS": 13013.0, "origin_county": "NEWTON", "destination_county": "BARROW" }, "geometry": { "type": "LineString", "coordinates": [ [ -83.720757254641484, 33.947584671321657 ], [ -83.830718854641475, 33.597036671321661 ] ] } },
{ "type": "Feature", "properties": { "direction": "DtoO", "ORIG_FIPS": 13063.0, "DEST_FIPS": 13045.0, "origin_county": "CLAYTON", "destination_county": "CARROLL" }, "geometry": { "type": "LineString", "coordinates": [ [ -85.007255040362239, 33.584676878229331 ], [ -84.42955664036225, 33.551920878229339 ] ] } },
{ "type": "Feature", "properties": { "direction": "DtoO", "ORIG_FIPS": 13097.0, "DEST_FIPS": 13057.0, "origin_county": "DOUGLAS", "destination_county": "CHEROKEE" }, "geometry": { "type": "LineString", "coordinates": [ [ -84.50012687200568, 34.186844218220749 ], [ -84.733521272005689, 33.753177818220749 ] ] } },
{ "type": "Feature", "properties": { "direction": "DtoO", "ORIG_FIPS": 13013.0, "DEST_FIPS": 13217.0, "origin_county": "BARROW", "destination_county": "NEWTON" }, "geometry": { "type": "LineString", "coordinates": [ [ -83.842168745358521, 33.60062832867834 ], [ -83.732207145358529, 33.951176328678336 ] ] } },
{ "type": "Feature", "properties": { "direction": "DtoO", "ORIG_FIPS": 13113.0, "DEST_FIPS": 13135.0, "origin_county": "FAYETTE", "destination_county": "GWINNETT" }, "geometry": { "type": "LineString", "coordinates": [ [ -84.066156726249332, 33.902988913243782 ], [ -84.442566326249334, 33.464768113243785 ] ] } },
{ "type": "Feature", "properties": { "direction": "DtoO", "ORIG_FIPS": 13097.0, "DEST_FIPS": 13151.0, "origin_county": "DOUGLAS", "destination_county": "HENRY" }, "geometry": { "type": "LineString", "coordinates": [ [ -84.217808739484056, 33.472295667971061 ], [ -84.708852739484058, 33.671368467971057 ] ] } },
{ "type": "Feature", "properties": { "direction": "DtoO", "ORIG_FIPS": 13045.0, "DEST_FIPS": 13063.0, "origin_county": "CARROLL", "destination_county": "CLAYTON" }, "geometry": { "type": "LineString", "coordinates": [ [ -84.43023595963777, 33.53994012177067 ], [ -85.007934359637758, 33.572696121770662 ] ] } },
{ "type": "Feature", "properties": { "direction": "DtoO", "ORIG_FIPS": 13077.0, "DEST_FIPS": 13223.0, "origin_county": "COWETA", "destination_county": "PAULDING" }, "geometry": { "type": "LineString", "coordinates": [ [ -84.851012595425232, 33.864873156847679 ], [ -84.767830195425233, 33.411233156847679 ] ] } },
{ "type": "Feature", "properties": { "direction": "DtoO", "ORIG_FIPS": 13097.0, "DEST_FIPS": 13015.0, "origin_county": "DOUGLAS", "destination_county": "BARTOW" }, "geometry": { "type": "LineString", "coordinates": [ [ -84.827324614132209, 34.185011454878449 ], [ -84.769287814132198, 33.756217054878455 ] ] } },
{ "type": "Feature", "properties": { "direction": "DtoO", "ORIG_FIPS": 13015.0, "DEST_FIPS": 13097.0, "origin_county": "BARTOW", "destination_county": "DOUGLAS" }, "geometry": { "type": "LineString", "coordinates": [ [ -84.781179385867787, 33.754607545121551 ], [ -84.839216185867798, 34.183401945121545 ] ] } },
{ "type": "Feature", "properties": { "direction": "DtoO", "ORIG_FIPS": 13067.0, "DEST_FIPS": 13217.0, "origin_county": "COBB", "destination_county": "NEWTON" }, "geometry": { "type": "LineString", "coordinates": [ [ -83.925656055580873, 33.588357900636296 ], [ -84.506852055580879, 33.897487500636295 ] ] } },
{ "type": "Feature", "properties": { "direction": "DtoO", "ORIG_FIPS": 13223.0, "DEST_FIPS": 13077.0, "origin_county": "PAULDING", "destination_county": "COWETA" }, "geometry": { "type": "LineString", "coordinates": [ [ -84.779633404574781, 33.409068843152319 ], [ -84.86281580457478, 33.862708843152319 ] ] } },
{ "type": "Feature", "properties": { "direction": "DtoO", "ORIG_FIPS": 13297.0, "DEST_FIPS": 13139.0, "origin_county": "WALTON", "destination_county": "HALL" }, "geometry": { "type": "LineString", "coordinates": [ [ -83.80524856185535, 34.264223697914602 ], [ -83.736502161855356, 33.836020497914596 ] ] } },
{ "type": "Feature", "properties": { "direction": "DtoO", "ORIG_FIPS": 13139.0, "DEST_FIPS": 13297.0, "origin_county": "HALL", "destination_county": "WALTON" }, "geometry": { "type": "LineString", "coordinates": [ [ -83.748350438144655, 33.834118302085393 ], [ -83.81709683814465, 34.262321502085399 ] ] } },
{ "type": "Feature", "properties": { "direction": "DtoO", "ORIG_FIPS": 13217.0, "DEST_FIPS": 13067.0, "origin_county": "NEWTON", "destination_county": "COBB" }, "geometry": { "type": "LineString", "coordinates": [ [ -84.501216944419127, 33.908082099363703 ], [ -83.920020944419122, 33.598952499363705 ] ] } },
{ "type": "Feature", "properties": { "direction": "DtoO", "ORIG_FIPS": 13067.0, "DEST_FIPS": 13139.0, "origin_county": "COBB", "destination_county": "HALL" }, "geometry": { "type": "LineString", "coordinates": [ [ -83.892792070784296, 34.273885496497073 ], [ -84.498326470784292, 33.973587896497079 ] ] } },
{ "type": "Feature", "properties": { "direction": "DtoO", "ORIG_FIPS": 13063.0, "DEST_FIPS": 13223.0, "origin_county": "CLAYTON", "destination_county": "PAULDING" }, "geometry": { "type": "LineString", "coordinates": [ [ -84.812770773704884, 33.887446104779833 ], [ -84.405068373704879, 33.584518104779839 ] ] } },
{ "type": "Feature", "properties": { "direction": "DtoO", "ORIG_FIPS": 13139.0, "DEST_FIPS": 13067.0, "origin_county": "HALL", "destination_county": "COBB" }, "geometry": { "type": "LineString", "coordinates": [ [ -84.503657929215706, 33.984338503502926 ], [ -83.898123529215709, 34.284636103502919 ] ] } },
{ "type": "Feature", "properties": { "direction": "DtoO", "ORIG_FIPS": 13223.0, "DEST_FIPS": 13063.0, "origin_county": "PAULDING", "destination_county": "CLAYTON" }, "geometry": { "type": "LineString", "coordinates": [ [ -84.412225226295121, 33.57488589522017 ], [ -84.819927626295126, 33.877813895220164 ] ] } },
{ "type": "Feature", "properties": { "direction": "DtoO", "ORIG_FIPS": 13045.0, "DEST_FIPS": 13113.0, "origin_county": "CARROLL", "destination_county": "FAYETTE" }, "geometry": { "type": "LineString", "coordinates": [ [ -84.554395281893875, 33.42502301943226 ], [ -85.022905681893874, 33.560127819432253 ] ] } },
{ "type": "Feature", "properties": { "direction": "DtoO", "ORIG_FIPS": 13139.0, "DEST_FIPS": 13057.0, "origin_county": "HALL", "destination_county": "CHEROKEE" }, "geometry": { "type": "LineString", "coordinates": [ [ -84.411251238204613, 34.257149541392238 ], [ -83.886075238204612, 34.315471141392237 ] ] } },
{ "type": "Feature", "properties": { "direction": "DtoO", "ORIG_FIPS": 13113.0, "DEST_FIPS": 13045.0, "origin_county": "FAYETTE", "destination_county": "CARROLL" }, "geometry": { "type": "LineString", "coordinates": [ [ -85.019580718106127, 33.571657980567736 ], [ -84.551070318106127, 33.436553180567742 ] ] } },
{ "type": "Feature", "properties": { "direction": "DtoO", "ORIG_FIPS": 13135.0, "DEST_FIPS": 13097.0, "origin_county": "GWINNETT", "destination_county": "DOUGLAS" }, "geometry": { "type": "LineString", "coordinates": [ [ -84.695524496990245, 33.733463990160523 ], [ -84.100066896990256, 33.941354390160519 ] ] } },
{ "type": "Feature", "properties": { "direction": "DtoO", "ORIG_FIPS": 13135.0, "DEST_FIPS": 13223.0, "origin_county": "GWINNETT", "destination_county": "PAULDING" }, "geometry": { "type": "LineString", "coordinates": [ [ -84.783239020264901, 33.930606865082297 ], [ -84.108315020264911, 33.963550865082297 ] ] } },
{ "type": "Feature", "properties": { "direction": "DtoO", "ORIG_FIPS": 13117.0, "DEST_FIPS": 13013.0, "origin_county": "FORSYTH", "destination_county": "BARROW" }, "geometry": { "type": "LineString", "coordinates": [ [ -83.756914383380703, 34.011200169714343 ], [ -84.086773583380705, 34.197029769714348 ] ] } },
{ "type": "Feature", "properties": { "direction": "DtoO", "ORIG_FIPS": 13089.0, "DEST_FIPS": 13045.0, "origin_county": "DEKALB", "destination_county": "CARROLL" }, "geometry": { "type": "LineString", "coordinates": [ [ -84.995757223280606, 33.607509409844546 ], [ -84.312996423280595, 33.758468609844549 ] ] } },
{ "type": "Feature", "properties": { "direction": "DtoO", "ORIG_FIPS": 13057.0, "DEST_FIPS": 13139.0, "origin_county": "CHEROKEE", "destination_county": "HALL" }, "geometry": { "type": "LineString", "coordinates": [ [ -83.884750761795388, 34.30354445860776 ], [ -84.40992676179539, 34.245222858607761 ] ] } },
{ "type": "Feature", "properties": { "direction": "DtoO", "ORIG_FIPS": 13045.0, "DEST_FIPS": 13089.0, "origin_county": "CARROLL", "destination_county": "DEKALB" }, "geometry": { "type": "LineString", "coordinates": [ [ -84.310405776719392, 33.746751590155448 ], [ -84.993166576719403, 33.595792390155445 ] ] } },
{ "type": "Feature", "properties": { "direction": "DtoO", "ORIG_FIPS": 13223.0, "DEST_FIPS": 13135.0, "origin_county": "PAULDING", "destination_county": "GWINNETT" }, "geometry": { "type": "LineString", "coordinates": [ [ -84.107729979735097, 33.951565134917701 ], [ -84.782653979735088, 33.9186211349177 ] ] } },
{ "type": "Feature", "properties": { "direction": "DtoO", "ORIG_FIPS": 13089.0, "DEST_FIPS": 13015.0, "origin_county": "DEKALB", "destination_county": "BARTOW" }, "geometry": { "type": "LineString", "coordinates": [ [ -84.775479782865759, 34.195952031056422 ], [ -84.28414458286575, 33.822891231056424 ] ] } },
{ "type": "Feature", "properties": { "direction": "DtoO", "ORIG_FIPS": 13255.0, "DEST_FIPS": 13089.0, "origin_county": "SPALDING", "destination_county": "DEKALB" }, "geometry": { "type": "LineString", "coordinates": [ [ -84.226174989898169, 33.719745597823952 ], [ -84.272422189898165, 33.311270397823954 ] ] } },
{ "type": "Feature", "properties": { "direction": "DtoO", "ORIG_FIPS": 13089.0, "DEST_FIPS": 13255.0, "origin_county": "DEKALB", "destination_county": "SPALDING" }, "geometry": { "type": "LineString", "coordinates": [ [ -84.284346010101828, 33.312620402176044 ], [ -84.238098810101832, 33.721095602176042 ] ] } },
{ "type": "Feature", "properties": { "direction": "DtoO", "ORIG_FIPS": 13297.0, "DEST_FIPS": 13151.0, "origin_county": "WALTON", "destination_county": "HENRY" }, "geometry": { "type": "LineString", "coordinates": [ [ -84.115835025310773, 33.49055636076919 ], [ -83.779562225310769, 33.75341396076918 ] ] } },
{ "type": "Feature", "properties": { "direction": "DtoO", "ORIG_FIPS": 13013.0, "DEST_FIPS": 13117.0, "origin_county": "BARROW", "destination_county": "FORSYTH" }, "geometry": { "type": "LineString", "coordinates": [ [ -84.080883616619303, 34.207484830285651 ], [ -83.751024416619302, 34.021655230285646 ] ] } },
{ "type": "Feature", "properties": { "direction": "DtoO", "ORIG_FIPS": 13151.0, "DEST_FIPS": 13297.0, "origin_county": "HENRY", "destination_county": "WALTON" }, "geometry": { "type": "LineString", "coordinates": [ [ -83.772171974689229, 33.743959639230809 ], [ -84.108444774689232, 33.481102039230819 ] ] } },
{ "type": "Feature", "properties": { "direction": "DtoO", "ORIG_FIPS": 13097.0, "DEST_FIPS": 13135.0, "origin_county": "DOUGLAS", "destination_county": "GWINNETT" }, "geometry": { "type": "LineString", "coordinates": [ [ -84.096111503009752, 33.930025009839476 ], [ -84.691569103009741, 33.722134609839479 ] ] } },
{ "type": "Feature", "properties": { "direction": "DtoO", "ORIG_FIPS": 13015.0, "DEST_FIPS": 13089.0, "origin_county": "BARTOW", "destination_county": "DEKALB" }, "geometry": { "type": "LineString", "coordinates": [ [ -84.291401217134236, 33.813333968943574 ], [ -84.782736417134245, 34.186394768943572 ] ] } },
{ "type": "Feature", "properties": { "direction": "DtoO", "ORIG_FIPS": 13067.0, "DEST_FIPS": 13247.0, "origin_county": "COBB", "destination_county": "ROCKDALE" }, "geometry": { "type": "LineString", "coordinates": [ [ -84.084432441156878, 33.677613053999771 ], [ -84.524458041156876, 33.907385853999777 ] ] } },
{ "type": "Feature", "properties": { "direction": "DtoO", "ORIG_FIPS": 13151.0, "DEST_FIPS": 13077.0, "origin_county": "HENRY", "destination_county": "COWETA" }, "geometry": { "type": "LineString", "coordinates": [ [ -84.703385466538975, 33.369320087017286 ], [ -84.216057466538984, 33.448940887017294 ] ] } },
{ "type": "Feature", "properties": { "direction": "DtoO", "ORIG_FIPS": 13247.0, "DEST_FIPS": 13067.0, "origin_county": "ROCKDALE", "destination_county": "COBB" }, "geometry": { "type": "LineString", "coordinates": [ [ -84.518903558843121, 33.918022946000228 ], [ -84.078877958843123, 33.688250146000222 ] ] } },
{ "type": "Feature", "properties": { "direction": "DtoO", "ORIG_FIPS": 13057.0, "DEST_FIPS": 13085.0, "origin_county": "CHEROKEE", "destination_county": "DAWSON" }, "geometry": { "type": "LineString", "coordinates": [ [ -84.197820404102814, 34.419214513676515 ], [ -84.442377204102812, 34.258915313676511 ] ] } },
{ "type": "Feature", "properties": { "direction": "DtoO", "ORIG_FIPS": 13085.0, "DEST_FIPS": 13057.0, "origin_county": "DAWSON", "destination_county": "CHEROKEE" }, "geometry": { "type": "LineString", "coordinates": [ [ -84.448955595897175, 34.268951486323488 ], [ -84.204398795897177, 34.429250686323492 ] ] } },
{ "type": "Feature", "properties": { "direction": "DtoO", "ORIG_FIPS": 13077.0, "DEST_FIPS": 13151.0, "origin_county": "COWETA", "destination_county": "HENRY" }, "geometry": { "type": "LineString", "coordinates": [ [ -84.214122533461023, 33.437097912982715 ], [ -84.701450533461013, 33.357477112982707 ] ] } },
{ "type": "Feature", "properties": { "direction": "DtoO", "ORIG_FIPS": 13135.0, "DEST_FIPS": 13085.0, "origin_county": "GWINNETT", "destination_county": "DAWSON" }, "geometry": { "type": "LineString", "coordinates": [ [ -84.150111678468846, 34.397757641162059 ], [ -84.03260527846885, 34.011682441162051 ] ] } },
{ "type": "Feature", "properties": { "direction": "DtoO", "ORIG_FIPS": 13085.0, "DEST_FIPS": 13135.0, "origin_county": "DAWSON", "destination_county": "GWINNETT" }, "geometry": { "type": "LineString", "coordinates": [ [ -84.044085321531156, 34.008188358837941 ], [ -84.161591721531153, 34.394263558837949 ] ] } },
{ "type": "Feature", "properties": { "direction": "DtoO", "ORIG_FIPS": 13113.0, "DEST_FIPS": 13097.0, "origin_county": "FAYETTE", "destination_county": "DOUGLAS" }, "geometry": { "type": "LineString", "coordinates": [ [ -84.736250210776461, 33.677156519085258 ], [ -84.517202210776475, 33.446826119085259 ] ] } },
{ "type": "Feature", "properties": { "direction": "DtoO", "ORIG_FIPS": 13097.0, "DEST_FIPS": 13113.0, "origin_county": "DOUGLAS", "destination_county": "FAYETTE" }, "geometry": { "type": "LineString", "coordinates": [ [ -84.525897789223535, 33.438556480914741 ], [ -84.744945789223522, 33.668886880914741 ] ] } },
{ "type": "Feature", "properties": { "direction": "DtoO", "ORIG_FIPS": 13063.0, "DEST_FIPS": 13217.0, "origin_county": "CLAYTON", "destination_county": "NEWTON" }, "geometry": { "type": "LineString", "coordinates": [ [ -83.900782751949706, 33.54769822179523 ], [ -84.306778751949722, 33.537155821795238 ] ] } },
{ "type": "Feature", "properties": { "direction": "DtoO", "ORIG_FIPS": 13217.0, "DEST_FIPS": 13063.0, "origin_county": "NEWTON", "destination_county": "CLAYTON" }, "geometry": { "type": "LineString", "coordinates": [ [ -84.307090248050301, 33.549151778204774 ], [ -83.901094248050285, 33.559694178204765 ] ] } },
{ "type": "Feature", "properties": { "direction": "DtoO", "ORIG_FIPS": 13089.0, "DEST_FIPS": 13077.0, "origin_county": "DEKALB", "destination_county": "COWETA" }, "geometry": { "type": "LineString", "coordinates": [ [ -84.713321955296536, 33.399983870180932 ], [ -84.283739555296521, 33.734411070180933 ] ] } },
{ "type": "Feature", "properties": { "direction": "DtoO", "ORIG_FIPS": 13121.0, "DEST_FIPS": 13013.0, "origin_county": "FULTON", "destination_county": "BARROW" }, "geometry": { "type": "LineString", "coordinates": [ [ -83.786665676959814, 33.967074735293338 ], [ -84.390577676959794, 33.804429135293347 ] ] } },
{ "type": "Feature", "properties": { "direction": "DtoO", "ORIG_FIPS": 13067.0, "DEST_FIPS": 13077.0, "origin_county": "COBB", "destination_county": "COWETA" }, "geometry": { "type": "LineString", "coordinates": [ [ -84.750387774542361, 33.414059383632662 ], [ -84.601067774542358, 33.884443383632657 ] ] } },
{ "type": "Feature", "properties": { "direction": "DtoO", "ORIG_FIPS": 13077.0, "DEST_FIPS": 13089.0, "origin_county": "COWETA", "destination_county": "DEKALB" }, "geometry": { "type": "LineString", "coordinates": [ [ -84.27636804470346, 33.724942129819063 ], [ -84.705950444703475, 33.390514929819062 ] ] } },
{ "type": "Feature", "properties": { "direction": "DtoO", "ORIG_FIPS": 13077.0, "DEST_FIPS": 13067.0, "origin_county": "COWETA", "destination_county": "COBB" }, "geometry": { "type": "LineString", "coordinates": [ [ -84.58963022545764, 33.880812616367336 ], [ -84.738950225457643, 33.410428616367341 ] ] } },
{ "type": "Feature", "properties": { "direction": "DtoO", "ORIG_FIPS": 13121.0, "DEST_FIPS": 13085.0, "origin_county": "FULTON", "destination_county": "DAWSON" }, "geometry": { "type": "LineString", "coordinates": [ [ -84.194785377170078, 34.376351856544737 ], [ -84.432454977170067, 33.852849456544732 ] ] } },
{ "type": "Feature", "properties": { "direction": "DtoO", "ORIG_FIPS": 13255.0, "DEST_FIPS": 13077.0, "origin_county": "SPALDING", "destination_county": "COWETA" }, "geometry": { "type": "LineString", "coordinates": [ [ -84.714279130010752, 33.350081097037354 ], [ -84.330943930010761, 33.276033097037356 ] ] } },
{ "type": "Feature", "properties": { "direction": "DtoO", "ORIG_FIPS": 13085.0, "DEST_FIPS": 13121.0, "origin_county": "DAWSON", "destination_county": "FULTON" }, "geometry": { "type": "LineString", "coordinates": [ [ -84.443381622829918, 33.857810143455268 ], [ -84.205712022829928, 34.381312543455273 ] ] } },
{ "type": "Feature", "properties": { "direction": "DtoO", "ORIG_FIPS": 13077.0, "DEST_FIPS": 13255.0, "origin_county": "COWETA", "destination_county": "SPALDING" }, "geometry": { "type": "LineString", "coordinates": [ [ -84.33321986998925, 33.264250902962644 ], [ -84.716555069989241, 33.338298902962642 ] ] } },
{ "type": "Feature", "properties": { "direction": "DtoO", "ORIG_FIPS": 13089.0, "DEST_FIPS": 13013.0, "origin_county": "DEKALB", "destination_county": "BARROW" }, "geometry": { "type": "LineString", "coordinates": [ [ -83.761720925934441, 33.965518448681983 ], [ -84.172616125934425, 33.788143248681983 ] ] } },
{ "type": "Feature", "properties": { "direction": "DtoO", "ORIG_FIPS": 13121.0, "DEST_FIPS": 13255.0, "origin_county": "FULTON", "destination_county": "SPALDING" }, "geometry": { "type": "LineString", "coordinates": [ [ -84.308179974217708, 33.311820639962626 ], [ -84.454949574217707, 33.735025439962627 ] ] } },
{ "type": "Feature", "properties": { "direction": "DtoO", "ORIG_FIPS": 13013.0, "DEST_FIPS": 13121.0, "origin_county": "BARROW", "destination_county": "FULTON" }, "geometry": { "type": "LineString", "coordinates": [ [ -84.393698323040184, 33.816016264706661 ], [ -83.789786323040204, 33.978661864706652 ] ] } },
{ "type": "Feature", "properties": { "direction": "DtoO", "ORIG_FIPS": 13013.0, "DEST_FIPS": 13089.0, "origin_county": "BARROW", "destination_county": "DEKALB" }, "geometry": { "type": "LineString", "coordinates": [ [ -84.177372074065559, 33.799160551318018 ], [ -83.766476874065575, 33.976535751318018 ] ] } },
{ "type": "Feature", "properties": { "direction": "DtoO", "ORIG_FIPS": 13067.0, "DEST_FIPS": 13113.0, "origin_county": "COBB", "destination_county": "FAYETTE" }, "geometry": { "type": "LineString", "coordinates": [ [ -84.508348419471659, 33.465725361768698 ], [ -84.57436041947166, 33.887746161768703 ] ] } },
{ "type": "Feature", "properties": { "direction": "DtoO", "ORIG_FIPS": 13089.0, "DEST_FIPS": 13139.0, "origin_county": "DEKALB", "destination_county": "HALL" }, "geometry": { "type": "LineString", "coordinates": [ [ -83.855614863897586, 34.258679754590382 ], [ -84.18088686389757, 33.822425354590379 ] ] } },
{ "type": "Feature", "properties": { "direction": "DtoO", "ORIG_FIPS": 13067.0, "DEST_FIPS": 13151.0, "origin_county": "COBB", "destination_county": "HENRY" }, "geometry": { "type": "LineString", "coordinates": [ [ -84.20096288806829, 33.497892151997675 ], [ -84.538970888068292, 33.888655351997677 ] ] } },
{ "type": "Feature", "properties": { "direction": "DtoO", "ORIG_FIPS": 13255.0, "DEST_FIPS": 13121.0, "origin_county": "SPALDING", "destination_county": "FULTON" }, "geometry": { "type": "LineString", "coordinates": [ [ -84.443612025782286, 33.738957360037375 ], [ -84.296842425782287, 33.315752560037375 ] ] } },
{ "type": "Feature", "properties": { "direction": "DtoO", "ORIG_FIPS": 13113.0, "DEST_FIPS": 13067.0, "origin_county": "FAYETTE", "destination_county": "COBB" }, "geometry": { "type": "LineString", "coordinates": [ [ -84.562504580528341, 33.8896006382313 ], [ -84.49649258052834, 33.467579838231295 ] ] } },
{ "type": "Feature", "properties": { "direction": "DtoO", "ORIG_FIPS": 13139.0, "DEST_FIPS": 13089.0, "origin_county": "HALL", "destination_county": "DEKALB" }, "geometry": { "type": "LineString", "coordinates": [ [ -84.190507136102411, 33.829598245409613 ], [ -83.865235136102427, 34.265852645409616 ] ] } },
{ "type": "Feature", "properties": { "direction": "DtoO", "ORIG_FIPS": 13151.0, "DEST_FIPS": 13067.0, "origin_county": "HENRY", "destination_county": "COBB" }, "geometry": { "type": "LineString", "coordinates": [ [ -84.529895111931722, 33.896505848002327 ], [ -84.19188711193172, 33.505742648002325 ] ] } },
{ "type": "Feature", "properties": { "direction": "DtoO", "ORIG_FIPS": 13063.0, "DEST_FIPS": 13097.0, "origin_county": "CLAYTON", "destination_county": "DOUGLAS" }, "geometry": { "type": "LineString", "coordinates": [ [ -84.724769878322775, 33.691405402802644 ], [ -84.396533878322771, 33.563423802802646 ] ] } },
{ "type": "Feature", "properties": { "direction": "DtoO", "ORIG_FIPS": 13097.0, "DEST_FIPS": 13063.0, "origin_county": "DOUGLAS", "destination_county": "CLAYTON" }, "geometry": { "type": "LineString", "coordinates": [ [ -84.400893121677228, 33.552243597197361 ], [ -84.729129121677232, 33.680225197197359 ] ] } },
{ "type": "Feature", "properties": { "direction": "DtoO", "ORIG_FIPS": 13121.0, "DEST_FIPS": 13297.0, "origin_county": "FULTON", "destination_county": "WALTON" }, "geometry": { "type": "LineString", "coordinates": [ [ -83.807280654522387, 33.776379188235879 ], [ -84.394315854522389, 33.783057588235884 ] ] } },
{ "type": "Feature", "properties": { "direction": "DtoO", "ORIG_FIPS": 13063.0, "DEST_FIPS": 13247.0, "origin_county": "CLAYTON", "destination_county": "ROCKDALE" }, "geometry": { "type": "LineString", "coordinates": [ [ -84.057826505068917, 33.637291038958978 ], [ -84.322652105068926, 33.54739183895898 ] ] } },
{ "type": "Feature", "properties": { "direction": "DtoO", "ORIG_FIPS": 13089.0, "DEST_FIPS": 13223.0, "origin_county": "DEKALB", "destination_county": "PAULDING" }, "geometry": { "type": "LineString", "coordinates": [ [ -84.801857695612497, 33.911438535726298 ], [ -84.289092895612498, 33.792225735726298 ] ] } },
{ "type": "Feature", "properties": { "direction": "DtoO", "ORIG_FIPS": 13247.0, "DEST_FIPS": 13063.0, "origin_county": "ROCKDALE", "destination_county": "CLAYTON" }, "geometry": { "type": "LineString", "coordinates": [ [ -84.326509494931088, 33.558754961041025 ], [ -84.061683894931079, 33.648654161041023 ] ] } },
{ "type": "Feature", "properties": { "direction": "DtoO", "ORIG_FIPS": 13297.0, "DEST_FIPS": 13121.0, "origin_county": "WALTON", "destination_county": "FULTON" }, "geometry": { "type": "LineString", "coordinates": [ [ -84.39417934547761, 33.79505681176412 ], [ -83.807144145477608, 33.788378411764114 ] ] } },
{ "type": "Feature", "properties": { "direction": "DtoO", "ORIG_FIPS": 13223.0, "DEST_FIPS": 13089.0, "origin_county": "PAULDING", "destination_county": "DEKALB" }, "geometry": { "type": "LineString", "coordinates": [ [ -84.291810304387496, 33.780537464273699 ], [ -84.804575104387496, 33.899750264273699 ] ] } },
{ "type": "Feature", "properties": { "direction": "DtoO", "ORIG_FIPS": 13097.0, "DEST_FIPS": 13077.0, "origin_county": "DOUGLAS", "destination_county": "COWETA" }, "geometry": { "type": "LineString", "coordinates": [ [ -84.769797966713284, 33.388202705273507 ], [ -84.773513966713281, 33.666896305273511 ] ] } },
{ "type": "Feature", "properties": { "direction": "DtoO", "ORIG_FIPS": 13077.0, "DEST_FIPS": 13097.0, "origin_county": "COWETA", "destination_county": "DOUGLAS" }, "geometry": { "type": "LineString", "coordinates": [ [ -84.761515033286727, 33.667056294726493 ], [ -84.75779903328673, 33.388362694726489 ] ] } },
{ "type": "Feature", "properties": { "direction": "DtoO", "ORIG_FIPS": 13057.0, "DEST_FIPS": 13223.0, "origin_county": "CHEROKEE", "destination_county": "PAULDING" }, "geometry": { "type": "LineString", "coordinates": [ [ -84.832028057996666, 33.957459812228514 ], [ -84.519167257996656, 34.216179812228518 ] ] } },
{ "type": "Feature", "properties": { "direction": "DtoO", "ORIG_FIPS": 13089.0, "DEST_FIPS": 13113.0, "origin_county": "DEKALB", "destination_county": "FAYETTE" }, "geometry": { "type": "LineString", "coordinates": [ [ -84.472190097044574, 33.453254801721847 ], [ -84.257939697044563, 33.739318801721843 ] ] } },
{ "type": "Feature", "properties": { "direction": "DtoO", "ORIG_FIPS": 13113.0, "DEST_FIPS": 13089.0, "origin_county": "FAYETTE", "destination_county": "DEKALB" }, "geometry": { "type": "LineString", "coordinates": [ [ -84.24833490295542, 33.732125198278148 ], [ -84.462585302955432, 33.446061198278151 ] ] } },
{ "type": "Feature", "properties": { "direction": "DtoO", "ORIG_FIPS": 13223.0, "DEST_FIPS": 13057.0, "origin_county": "PAULDING", "destination_county": "CHEROKEE" }, "geometry": { "type": "LineString", "coordinates": [ [ -84.511519942003332, 34.206932187771486 ], [ -84.824380742003342, 33.948212187771482 ] ] } },
{ "type": "Feature", "properties": { "direction": "DtoO", "ORIG_FIPS": 13135.0, "DEST_FIPS": 13151.0, "origin_county": "GWINNETT", "destination_county": "HENRY" }, "geometry": { "type": "LineString", "coordinates": [ [ -84.146934063026947, 33.505333510498424 ], [ -84.04252046302696, 33.912296710498417 ] ] } },
{ "type": "Feature", "properties": { "direction": "DtoO", "ORIG_FIPS": 13151.0, "DEST_FIPS": 13135.0, "origin_county": "HENRY", "destination_county": "GWINNETT" }, "geometry": { "type": "LineString", "coordinates": [ [ -84.030896936973051, 33.909314489501575 ], [ -84.135310536973037, 33.502351289501583 ] ] } },
{ "type": "Feature", "properties": { "direction": "DtoO", "ORIG_FIPS": 13121.0, "DEST_FIPS": 13015.0, "origin_county": "FULTON", "destination_county": "BARTOW" }, "geometry": { "type": "LineString", "coordinates": [ [ -84.798624031608341, 34.196853496464307 ], [ -84.500305631608327, 33.838522296464312 ] ] } },
{ "type": "Feature", "properties": { "direction": "DtoO", "ORIG_FIPS": 13121.0, "DEST_FIPS": 13217.0, "origin_county": "FULTON", "destination_county": "NEWTON" }, "geometry": { "type": "LineString", "coordinates": [ [ -83.914066102949931, 33.572893857549879 ], [ -84.40801650294992, 33.760796257549885 ] ] } },
{ "type": "Feature", "properties": { "direction": "DtoO", "ORIG_FIPS": 13015.0, "DEST_FIPS": 13121.0, "origin_county": "BARTOW", "destination_county": "FULTON" }, "geometry": { "type": "LineString", "coordinates": [ [ -84.509527968391652, 33.830844503535694 ], [ -84.807846368391665, 34.189175703535689 ] ] } },
{ "type": "Feature", "properties": { "direction": "DtoO", "ORIG_FIPS": 13139.0, "DEST_FIPS": 13085.0, "origin_county": "HALL", "destination_county": "DAWSON" }, "geometry": { "type": "LineString", "coordinates": [ [ -84.133413308554196, 34.437161984743398 ], [ -83.852794108554207, 34.335184384743393 ] ] } },
{ "type": "Feature", "properties": { "direction": "DtoO", "ORIG_FIPS": 13067.0, "DEST_FIPS": 13045.0, "origin_county": "COBB", "destination_county": "CARROLL" }, "geometry": { "type": "LineString", "coordinates": [ [ -85.03297744273469, 33.623531244881171 ], [ -84.630479042734692, 33.910447244881169 ] ] } },
{ "type": "Feature", "properties": { "direction": "DtoO", "ORIG_FIPS": 13045.0, "DEST_FIPS": 13067.0, "origin_county": "CARROLL", "destination_county": "COBB" }, "geometry": { "type": "LineString", "coordinates": [ [ -84.623513557265312, 33.900675755118826 ], [ -85.026011957265311, 33.613759755118828 ] ] } },
{ "type": "Feature", "properties": { "direction": "DtoO", "ORIG_FIPS": 13135.0, "DEST_FIPS": 13063.0, "origin_county": "GWINNETT", "destination_county": "CLAYTON" }, "geometry": { "type": "LineString", "coordinates": [ [ -84.328976561072054, 33.587555575386126 ], [ -84.06175496107204, 33.923427575386121 ] ] } },
{ "type": "Feature", "properties": { "direction": "DtoO", "ORIG_FIPS": 13063.0, "DEST_FIPS": 13135.0, "origin_county": "CLAYTON", "destination_county": "GWINNETT" }, "geometry": { "type": "LineString", "coordinates": [ [ -84.052364438927953, 33.915956424613874 ], [ -84.319586038927966, 33.580084424613879 ] ] } },
{ "type": "Feature", "properties": { "direction": "DtoO", "ORIG_FIPS": 13085.0, "DEST_FIPS": 13139.0, "origin_county": "DAWSON", "destination_county": "HALL" }, "geometry": { "type": "LineString", "coordinates": [ [ -83.856892691445807, 34.323906015256604 ], [ -84.137511891445797, 34.425883615256609 ] ] } },
{ "type": "Feature", "properties": { "direction": "DtoO", "ORIG_FIPS": 13217.0, "DEST_FIPS": 13121.0, "origin_county": "NEWTON", "destination_county": "FULTON" }, "geometry": { "type": "LineString", "coordinates": [ [ -84.403749897050062, 33.772012142450123 ], [ -83.909799497050074, 33.584109742450117 ] ] } },
{ "type": "Feature", "properties": { "direction": "DtoO", "ORIG_FIPS": 13089.0, "DEST_FIPS": 13097.0, "origin_county": "DEKALB", "destination_county": "DOUGLAS" }, "geometry": { "type": "LineString", "coordinates": [ [ -84.714582152087914, 33.714730673290241 ], [ -84.281283752087916, 33.770464273290237 ] ] } },
{ "type": "Feature", "properties": { "direction": "DtoO", "ORIG_FIPS": 13063.0, "DEST_FIPS": 13077.0, "origin_county": "CLAYTON", "destination_county": "COWETA" }, "geometry": { "type": "LineString", "coordinates": [ [ -84.725296247216207, 33.377726784772307 ], [ -84.400776247216214, 33.528438784772312 ] ] } },
{ "type": "Feature", "properties": { "direction": "DtoO", "ORIG_FIPS": 13121.0, "DEST_FIPS": 13139.0, "origin_county": "FULTON", "destination_county": "HALL" }, "geometry": { "type": "LineString", "coordinates": [ [ -83.880766298787748, 34.259452541336067 ], [ -84.399055098787741, 33.837927741336067 ] ] } },
{ "type": "Feature", "properties": { "direction": "DtoO", "ORIG_FIPS": 13077.0, "DEST_FIPS": 13063.0, "origin_county": "COWETA", "destination_county": "CLAYTON" }, "geometry": { "type": "LineString", "coordinates": [ [ -84.3957217527838, 33.517555215227695 ], [ -84.720241752783792, 33.366843215227689 ] ] } },
{ "type": "Feature", "properties": { "direction": "DtoO", "ORIG_FIPS": 13089.0, "DEST_FIPS": 13057.0, "origin_county": "DEKALB", "destination_county": "CHEROKEE" }, "geometry": { "type": "LineString", "coordinates": [ [ -84.445944239502168, 34.199459774232025 ], [ -84.246040239502165, 33.821526974232022 ] ] } },
{ "type": "Feature", "properties": { "direction": "DtoO", "ORIG_FIPS": 13139.0, "DEST_FIPS": 13121.0, "origin_county": "HALL", "destination_county": "FULTON" }, "geometry": { "type": "LineString", "coordinates": [ [ -84.406626701212261, 33.847237458663933 ], [ -83.888337901212267, 34.268762258663934 ] ] } },
{ "type": "Feature", "properties": { "direction": "DtoO", "ORIG_FIPS": 13097.0, "DEST_FIPS": 13089.0, "origin_county": "DOUGLAS", "destination_county": "DEKALB" }, "geometry": { "type": "LineString", "coordinates": [ [ -84.279752847912079, 33.758562326709757 ], [ -84.713051247912077, 33.702828726709761 ] ] } },
{ "type": "Feature", "properties": { "direction": "DtoO", "ORIG_FIPS": 13057.0, "DEST_FIPS": 13089.0, "origin_county": "CHEROKEE", "destination_county": "DEKALB" }, "geometry": { "type": "LineString", "coordinates": [ [ -84.256647760497813, 33.815916225767971 ], [ -84.456551760497817, 34.193849025767975 ] ] } },
{ "type": "Feature", "properties": { "direction": "DtoO", "ORIG_FIPS": 13113.0, "DEST_FIPS": 13255.0, "origin_county": "FAYETTE", "destination_county": "SPALDING" }, "geometry": { "type": "LineString", "coordinates": [ [ -84.308698715331374, 33.271338102858238 ], [ -84.476701915331361, 33.39374930285824 ] ] } },
{ "type": "Feature", "properties": { "direction": "DtoO", "ORIG_FIPS": 13135.0, "DEST_FIPS": 13217.0, "origin_county": "GWINNETT", "destination_county": "NEWTON" }, "geometry": { "type": "LineString", "coordinates": [ [ -83.873054670418512, 33.593326040000399 ], [ -84.011829070418514, 33.918655640000402 ] ] } },
{ "type": "Feature", "properties": { "direction": "DtoO", "ORIG_FIPS": 13255.0, "DEST_FIPS": 13113.0, "origin_county": "SPALDING", "destination_county": "FAYETTE" }, "geometry": { "type": "LineString", "coordinates": [ [ -84.469635284668627, 33.40344789714176 ], [ -84.30163208466864, 33.281036697141758 ] ] } },
{ "type": "Feature", "properties": { "direction": "DtoO", "ORIG_FIPS": 13255.0, "DEST_FIPS": 13063.0, "origin_county": "SPALDING", "destination_county": "CLAYTON" }, "geometry": { "type": "LineString", "coordinates": [ [ -84.344527547049864, 33.515259935498641 ], [ -84.285712347049866, 33.290499935498637 ] ] } },
{ "type": "Feature", "properties": { "direction": "DtoO", "ORIG_FIPS": 13063.0, "DEST_FIPS": 13255.0, "origin_county": "CLAYTON", "destination_county": "SPALDING" }, "geometry": { "type": "LineString", "coordinates": [ [ -84.297321452950143, 33.287462064501362 ], [ -84.356136652950141, 33.512222064501366 ] ] } },
{ "type": "Feature", "properties": { "direction": "DtoO", "ORIG_FIPS": 13077.0, "DEST_FIPS": 13045.0, "origin_county": "COWETA", "destination_county": "CARROLL" }, "geometry": { "type": "LineString", "coordinates": [ [ -85.044638980673, 33.564705949898936 ], [ -84.791460580673004, 33.381237949898939 ] ] } },
{ "type": "Feature", "properties": { "direction": "DtoO", "ORIG_FIPS": 13121.0, "DEST_FIPS": 13045.0, "origin_county": "FULTON", "destination_county": "CARROLL" }, "geometry": { "type": "LineString", "coordinates": [ [ -85.020511840797482, 33.609175644956061 ], [ -84.530767840797466, 33.774864444956066 ] ] } },
{ "type": "Feature", "properties": { "direction": "DtoO", "ORIG_FIPS": 13045.0, "DEST_FIPS": 13077.0, "origin_county": "CARROLL", "destination_county": "COWETA" }, "geometry": { "type": "LineString", "coordinates": [ [ -84.798502019327003, 33.371521050101059 ], [ -85.051680419326999, 33.554989050101057 ] ] } },
{ "type": "Feature", "properties": { "direction": "DtoO", "ORIG_FIPS": 13217.0, "DEST_FIPS": 13135.0, "origin_county": "NEWTON", "destination_county": "GWINNETT" }, "geometry": { "type": "LineString", "coordinates": [ [ -84.000791329581489, 33.923363959999598 ], [ -83.862016929581486, 33.598034359999595 ] ] } },
{ "type": "Feature", "properties": { "direction": "DtoO", "ORIG_FIPS": 13045.0, "DEST_FIPS": 13121.0, "origin_county": "CARROLL", "destination_county": "FULTON" }, "geometry": { "type": "LineString", "coordinates": [ [ -84.526922159202513, 33.763497355043938 ], [ -85.016666159202529, 33.597808555043933 ] ] } },
{ "type": "Feature", "properties": { "direction": "DtoO", "ORIG_FIPS": 13139.0, "DEST_FIPS": 13013.0, "origin_county": "HALL", "destination_county": "BARROW" }, "geometry": { "type": "LineString", "coordinates": [ [ -83.729136406352794, 34.023674804627539 ], [ -83.814759606352794, 34.282554004627535 ] ] } },
{ "type": "Feature", "properties": { "direction": "DtoO", "ORIG_FIPS": 13297.0, "DEST_FIPS": 13247.0, "origin_county": "WALTON", "destination_county": "ROCKDALE" }, "geometry": { "type": "LineString", "coordinates": [ [ -83.999762794717284, 33.672445673347433 ], [ -83.765507594717292, 33.774312873347426 ] ] } },
{ "type": "Feature", "properties": { "direction": "DtoO", "ORIG_FIPS": 13247.0, "DEST_FIPS": 13297.0, "origin_county": "ROCKDALE", "destination_county": "WALTON" }, "geometry": { "type": "LineString", "coordinates": [ [ -83.760722205282718, 33.763308326652563 ], [ -83.994977405282711, 33.661441126652569 ] ] } },
{ "type": "Feature", "properties": { "direction": "DtoO", "ORIG_FIPS": 13013.0, "DEST_FIPS": 13139.0, "origin_county": "BARROW", "destination_county": "HALL" }, "geometry": { "type": "LineString", "coordinates": [ [ -83.803366593647212, 34.286322195372456 ], [ -83.717743393647211, 34.027442995372461 ] ] } },
{ "type": "Feature", "properties": { "direction": "DtoO", "ORIG_FIPS": 13089.0, "DEST_FIPS": 13297.0, "origin_county": "DEKALB", "destination_county": "WALTON" }, "geometry": { "type": "LineString", "coordinates": [ [ -83.782962724205859, 33.774538852199441 ], [ -84.176981124205852, 33.766487652199444 ] ] } },
{ "type": "Feature", "properties": { "direction": "DtoO", "ORIG_FIPS": 13135.0, "DEST_FIPS": 13057.0, "origin_county": "GWINNETT", "destination_county": "CHEROKEE" }, "geometry": { "type": "LineString", "coordinates": [ [ -84.427803300425637, 34.220765232430615 ], [ -84.065740100425629, 33.994989232430612 ] ] } },
{ "type": "Feature", "properties": { "direction": "DtoO", "ORIG_FIPS": 13297.0, "DEST_FIPS": 13089.0, "origin_county": "WALTON", "destination_county": "DEKALB" }, "geometry": { "type": "LineString", "coordinates": [ [ -84.177226275794155, 33.778485147800552 ], [ -83.783207875794162, 33.786536347800549 ] ] } },
{ "type": "Feature", "properties": { "direction": "DtoO", "ORIG_FIPS": 13057.0, "DEST_FIPS": 13135.0, "origin_county": "CHEROKEE", "destination_county": "GWINNETT" }, "geometry": { "type": "LineString", "coordinates": [ [ -84.072089699574363, 33.984806767569381 ], [ -84.434152899574372, 34.210582767569385 ] ] } },
{ "type": "Feature", "properties": { "direction": "DtoO", "ORIG_FIPS": 13121.0, "DEST_FIPS": 13247.0, "origin_county": "FULTON", "destination_county": "ROCKDALE" }, "geometry": { "type": "LineString", "coordinates": [ [ -84.072513984022663, 33.662043516387648 ], [ -84.425293984022659, 33.770589116387647 ] ] } },
{ "type": "Feature", "properties": { "direction": "DtoO", "ORIG_FIPS": 13247.0, "DEST_FIPS": 13121.0, "origin_county": "ROCKDALE", "destination_county": "FULTON" }, "geometry": { "type": "LineString", "coordinates": [ [ -84.421765015977343, 33.782058483612353 ], [ -84.068985015977347, 33.673512883612354 ] ] } },
{ "type": "Feature", "properties": { "direction": "DtoO", "ORIG_FIPS": 13113.0, "DEST_FIPS": 13151.0, "origin_county": "FAYETTE", "destination_county": "HENRY" }, "geometry": { "type": "LineString", "coordinates": [ [ -84.187488492402139, 33.443104031208073 ], [ -84.45948449240214, 33.411846431208069 ] ] } },
{ "type": "Feature", "properties": { "direction": "DtoO", "ORIG_FIPS": 13067.0, "DEST_FIPS": 13117.0, "origin_county": "COBB", "destination_county": "FORSYTH" }, "geometry": { "type": "LineString", "coordinates": [ [ -84.167028798239585, 34.192001106567112 ], [ -84.52832719823958, 33.964753106567109 ] ] } },
{ "type": "Feature", "properties": { "direction": "DtoO", "ORIG_FIPS": 13151.0, "DEST_FIPS": 13113.0, "origin_county": "HENRY", "destination_county": "FAYETTE" }, "geometry": { "type": "LineString", "coordinates": [ [ -84.460854507597872, 33.423767968791928 ], [ -84.188858507597871, 33.455025568791932 ] ] } },
{ "type": "Feature", "properties": { "direction": "DtoO", "ORIG_FIPS": 13089.0, "DEST_FIPS": 13117.0, "origin_county": "DEKALB", "destination_county": "FORSYTH" }, "geometry": { "type": "LineString", "coordinates": [ [ -84.129334485384575, 34.178778842376374 ], [ -84.210370485384558, 33.815574042376376 ] ] } },
{ "type": "Feature", "properties": { "direction": "DtoO", "ORIG_FIPS": 13117.0, "DEST_FIPS": 13067.0, "origin_county": "FORSYTH", "destination_county": "COBB" }, "geometry": { "type": "LineString", "coordinates": [ [ -84.534716201760418, 33.974910893432885 ], [ -84.173417801760422, 34.202158893432888 ] ] } },
{ "type": "Feature", "properties": { "direction": "DtoO", "ORIG_FIPS": 13117.0, "DEST_FIPS": 13089.0, "origin_county": "FORSYTH", "destination_county": "DEKALB" }, "geometry": { "type": "LineString", "coordinates": [ [ -84.222082514615423, 33.818187157623619 ], [ -84.141046514615439, 34.181391957623617 ] ] } },
{ "type": "Feature", "properties": { "direction": "DtoO", "ORIG_FIPS": 13223.0, "DEST_FIPS": 13015.0, "origin_county": "PAULDING", "destination_county": "BARTOW" }, "geometry": { "type": "LineString", "coordinates": [ [ -84.837224966115429, 34.205570281130228 ], [ -84.858654566115419, 33.95172228113023 ] ] } },
{ "type": "Feature", "properties": { "direction": "DtoO", "ORIG_FIPS": 13015.0, "DEST_FIPS": 13223.0, "origin_county": "BARTOW", "destination_county": "PAULDING" }, "geometry": { "type": "LineString", "coordinates": [ [ -84.870612033884569, 33.952731718869771 ], [ -84.849182433884579, 34.206579718869769 ] ] } },
{ "type": "Feature", "properties": { "direction": "DtoO", "ORIG_FIPS": 13067.0, "DEST_FIPS": 13063.0, "origin_county": "COBB", "destination_county": "CLAYTON" }, "geometry": { "type": "LineString", "coordinates": [ [ -84.384845595971044, 33.578911320434301 ], [ -84.560045595971033, 33.898583320434298 ] ] } },
{ "type": "Feature", "properties": { "direction": "DtoO", "ORIG_FIPS": 13063.0, "DEST_FIPS": 13067.0, "origin_county": "CLAYTON", "destination_county": "COBB" }, "geometry": { "type": "LineString", "coordinates": [ [ -84.549522404028963, 33.904350679565695 ], [ -84.374322404028973, 33.584678679565698 ] ] } },
{ "type": "Feature", "properties": { "direction": "DtoO", "ORIG_FIPS": 13217.0, "DEST_FIPS": 13089.0, "origin_county": "NEWTON", "destination_county": "DEKALB" }, "geometry": { "type": "LineString", "coordinates": [ [ -84.185746707440771, 33.75503382207657 ], [ -83.884813107440777, 33.581861022076566 ] ] } },
{ "type": "Feature", "properties": { "direction": "DtoO", "ORIG_FIPS": 13089.0, "DEST_FIPS": 13217.0, "origin_county": "DEKALB", "destination_county": "NEWTON" }, "geometry": { "type": "LineString", "coordinates": [ [ -83.890798292559225, 33.571460177923427 ], [ -84.191731892559218, 33.74463297792343 ] ] } },
{ "type": "Feature", "properties": { "direction": "DtoO", "ORIG_FIPS": 13297.0, "DEST_FIPS": 13013.0, "origin_county": "WALTON", "destination_county": "BARROW" }, "geometry": { "type": "LineString", "coordinates": [ [ -83.708876183068014, 33.971438418780096 ], [ -83.72575298306802, 33.8021144187801 ] ] } },
{ "type": "Feature", "properties": { "direction": "DtoO", "ORIG_FIPS": 13013.0, "DEST_FIPS": 13297.0, "origin_county": "BARROW", "destination_county": "WALTON" }, "geometry": { "type": "LineString", "coordinates": [ [ -83.737693816931994, 33.803304581219898 ], [ -83.720817016931989, 33.972628581219894 ] ] } },
{ "type": "Feature", "properties": { "direction": "DtoO", "ORIG_FIPS": 13297.0, "DEST_FIPS": 13217.0, "origin_county": "WALTON", "destination_county": "NEWTON" }, "geometry": { "type": "LineString", "coordinates": [ [ -83.843890516932134, 33.580408383383016 ], [ -83.750805716932149, 33.761632383383017 ] ] } },
{ "type": "Feature", "properties": { "direction": "DtoO", "ORIG_FIPS": 13217.0, "DEST_FIPS": 13297.0, "origin_county": "NEWTON", "destination_county": "WALTON" }, "geometry": { "type": "LineString", "coordinates": [ [ -83.74013148306787, 33.75614961661698 ], [ -83.833216283067856, 33.57492561661698 ] ] } },
{ "type": "Feature", "properties": { "direction": "DtoO", "ORIG_FIPS": 13045.0, "DEST_FIPS": 13223.0, "origin_county": "CARROLL", "destination_county": "PAULDING" }, "geometry": { "type": "LineString", "coordinates": [ [ -84.883483151457199, 33.883529132090366 ], [ -85.053479151457211, 33.613357132090364 ] ] } },
{ "type": "Feature", "properties": { "direction": "DtoO", "ORIG_FIPS": 13223.0, "DEST_FIPS": 13045.0, "origin_county": "PAULDING", "destination_county": "CARROLL" }, "geometry": { "type": "LineString", "coordinates": [ [ -85.063635848542802, 33.619747867909631 ], [ -84.89363984854279, 33.889919867909633 ] ] } },
{ "type": "Feature", "properties": { "direction": "DtoO", "ORIG_FIPS": 13015.0, "DEST_FIPS": 13057.0, "origin_county": "BARTOW", "destination_county": "CHEROKEE" }, "geometry": { "type": "LineString", "coordinates": [ [ -84.512564609035778, 34.237287838248349 ], [ -84.803995809035769, 34.232415838248343 ] ] } },
{ "type": "Feature", "properties": { "direction": "DtoO", "ORIG_FIPS": 13057.0, "DEST_FIPS": 13015.0, "origin_county": "CHEROKEE", "destination_county": "BARTOW" }, "geometry": { "type": "LineString", "coordinates": [ [ -84.804196390964222, 34.244414161751649 ], [ -84.512765190964231, 34.249286161751655 ] ] } },
{ "type": "Feature", "properties": { "direction": "DtoO", "ORIG_FIPS": 13151.0, "DEST_FIPS": 13217.0, "origin_county": "HENRY", "destination_county": "NEWTON" }, "geometry": { "type": "LineString", "coordinates": [ [ -83.878678119098268, 33.539121719078281 ], [ -84.121866119098257, 33.457488119078278 ] ] } },
{ "type": "Feature", "properties": { "direction": "DtoO", "ORIG_FIPS": 13217.0, "DEST_FIPS": 13151.0, "origin_county": "NEWTON", "destination_county": "HENRY" }, "geometry": { "type": "LineString", "coordinates": [ [ -84.12568488090173, 33.468864280921721 ], [ -83.882496880901741, 33.550497880921725 ] ] } },
{ "type": "Feature", "properties": { "direction": "DtoO", "ORIG_FIPS": 13121.0, "DEST_FIPS": 13223.0, "origin_county": "FULTON", "destination_county": "PAULDING" }, "geometry": { "type": "LineString", "coordinates": [ [ -84.825479869376267, 33.91313883424894 ], [ -84.505731869376262, 33.808655634248943 ] ] } },
{ "type": "Feature", "properties": { "direction": "DtoO", "ORIG_FIPS": 13151.0, "DEST_FIPS": 13247.0, "origin_county": "HENRY", "destination_county": "ROCKDALE" }, "geometry": { "type": "LineString", "coordinates": [ [ -84.034336097008861, 33.630874606614881 ], [ -84.136353697008872, 33.469884206614886 ] ] } },
{ "type": "Feature", "properties": { "direction": "DtoO", "ORIG_FIPS": 13247.0, "DEST_FIPS": 13151.0, "origin_county": "ROCKDALE", "destination_county": "HENRY" }, "geometry": { "type": "LineString", "coordinates": [ [ -84.146489902991135, 33.47630739338512 ], [ -84.044472302991124, 33.637297793385116 ] ] } },
{ "type": "Feature", "properties": { "direction": "DtoO", "ORIG_FIPS": 13247.0, "DEST_FIPS": 13135.0, "origin_county": "ROCKDALE", "destination_county": "GWINNETT" }, "geometry": { "type": "LineString", "coordinates": [ [ -84.017956784635984, 33.930870957285954 ], [ -84.020352784635989, 33.684898157285957 ] ] } },
{ "type": "Feature", "properties": { "direction": "DtoO", "ORIG_FIPS": 13135.0, "DEST_FIPS": 13247.0, "origin_county": "GWINNETT", "destination_county": "ROCKDALE" }, "geometry": { "type": "LineString", "coordinates": [ [ -84.032352215364014, 33.685015042714042 ], [ -84.02995621536401, 33.930987842714039 ] ] } },
{ "type": "Feature", "properties": { "direction": "DtoO", "ORIG_FIPS": 13223.0, "DEST_FIPS": 13121.0, "origin_county": "PAULDING", "destination_county": "FULTON" }, "geometry": { "type": "LineString", "coordinates": [ [ -84.509459130623725, 33.797249165751062 ], [ -84.829207130623729, 33.901732365751059 ] ] } },
{ "type": "Feature", "properties": { "direction": "DtoO", "ORIG_FIPS": 13085.0, "DEST_FIPS": 13117.0, "origin_county": "DAWSON", "destination_county": "FORSYTH" }, "geometry": { "type": "LineString", "coordinates": [ [ -84.135483323417702, 34.246143273671684 ], [ -84.171866523417691, 34.421170473671694 ] ] } },
{ "type": "Feature", "properties": { "direction": "DtoO", "ORIG_FIPS": 13117.0, "DEST_FIPS": 13085.0, "origin_county": "FORSYTH", "destination_county": "DAWSON" }, "geometry": { "type": "LineString", "coordinates": [ [ -84.160117676582303, 34.423612726328315 ], [ -84.123734476582314, 34.248585526328306 ] ] } },
{ "type": "Feature", "properties": { "direction": "DtoO", "ORIG_FIPS": 13255.0, "DEST_FIPS": 13151.0, "origin_county": "SPALDING", "destination_county": "HENRY" }, "geometry": { "type": "LineString", "coordinates": [ [ -84.162204005537959, 33.430400648116908 ], [ -84.266196805537959, 33.276731848116903 ] ] } },
{ "type": "Feature", "properties": { "direction": "DtoO", "ORIG_FIPS": 13151.0, "DEST_FIPS": 13255.0, "origin_county": "HENRY", "destination_county": "SPALDING" }, "geometry": { "type": "LineString", "coordinates": [ [ -84.276134994462041, 33.283457351883094 ], [ -84.17214219446204, 33.437126151883099 ] ] } },
{ "type": "Feature", "properties": { "direction": "DtoO", "ORIG_FIPS": 13117.0, "DEST_FIPS": 13139.0, "origin_county": "FORSYTH", "destination_county": "HALL" }, "geometry": { "type": "LineString", "coordinates": [ [ -83.848576189620218, 34.30191841137205 ], [ -84.092812189620219, 34.228868811372045 ] ] } },
{ "type": "Feature", "properties": { "direction": "DtoO", "ORIG_FIPS": 13139.0, "DEST_FIPS": 13117.0, "origin_county": "HALL", "destination_county": "FORSYTH" }, "geometry": { "type": "LineString", "coordinates": [ [ -84.096250810379786, 34.240365588627945 ], [ -83.852014810379785, 34.31341518862795 ] ] } },
{ "type": "Feature", "properties": { "direction": "DtoO", "ORIG_FIPS": 13117.0, "DEST_FIPS": 13057.0, "origin_county": "FORSYTH", "destination_county": "CHEROKEE" }, "geometry": { "type": "LineString", "coordinates": [ [ -84.440804387307324, 34.248046772126536 ], [ -84.159864387307323, 34.23331877212653 ] ] } },
{ "type": "Feature", "properties": { "direction": "DtoO", "ORIG_FIPS": 13057.0, "DEST_FIPS": 13117.0, "origin_county": "CHEROKEE", "destination_county": "FORSYTH" }, "geometry": { "type": "LineString", "coordinates": [ [ -84.160492612692678, 34.22133522787346 ], [ -84.44143261269268, 34.236063227873466 ] ] } },
{ "type": "Feature", "properties": { "direction": "DtoO", "ORIG_FIPS": 13077.0, "DEST_FIPS": 13121.0, "origin_county": "COWETA", "destination_county": "FULTON" }, "geometry": { "type": "LineString", "coordinates": [ [ -84.492230452276615, 33.742881920828381 ], [ -84.728796052276621, 33.393725120828378 ] ] } },
{ "type": "Feature", "properties": { "direction": "DtoO", "ORIG_FIPS": 13045.0, "DEST_FIPS": 13097.0, "origin_county": "CARROLL", "destination_county": "DOUGLAS" }, "geometry": { "type": "LineString", "coordinates": [ [ -84.797022055007787, 33.684304312388001 ], [ -85.0464844550078, 33.589078712387995 ] ] } },
{ "type": "Feature", "properties": { "direction": "DtoO", "ORIG_FIPS": 13121.0, "DEST_FIPS": 13077.0, "origin_county": "FULTON", "destination_county": "COWETA" }, "geometry": { "type": "LineString", "coordinates": [ [ -84.738730547723364, 33.400456079171619 ], [ -84.502164947723358, 33.749612879171622 ] ] } },
{ "type": "Feature", "properties": { "direction": "DtoO", "ORIG_FIPS": 13097.0, "DEST_FIPS": 13045.0, "origin_county": "DOUGLAS", "destination_county": "CARROLL" }, "geometry": { "type": "LineString", "coordinates": [ [ -85.050763944992212, 33.600289687611998 ], [ -84.801301544992199, 33.695515287612004 ] ] } },
{ "type": "Feature", "properties": { "direction": "DtoO", "ORIG_FIPS": 13067.0, "DEST_FIPS": 13135.0, "origin_county": "COBB", "destination_county": "GWINNETT" }, "geometry": { "type": "LineString", "coordinates": [ [ -84.078740147194338, 33.953655018298427 ], [ -84.521161747194341, 33.937455018298429 ] ] } },
{ "type": "Feature", "properties": { "direction": "DtoO", "ORIG_FIPS": 13135.0, "DEST_FIPS": 13067.0, "origin_county": "GWINNETT", "destination_county": "COBB" }, "geometry": { "type": "LineString", "coordinates": [ [ -84.521600852805662, 33.949446981701563 ], [ -84.079179252805659, 33.96564698170156 ] ] } },
{ "type": "Feature", "properties": { "direction": "DtoO", "ORIG_FIPS": 13121.0, "DEST_FIPS": 13151.0, "origin_county": "FULTON", "destination_county": "HENRY" }, "geometry": { "type": "LineString", "coordinates": [ [ -84.189912166534526, 33.482577103425605 ], [ -84.440674566534526, 33.7521131034256 ] ] } },
{ "type": "Feature", "properties": { "direction": "DtoO", "ORIG_FIPS": 13151.0, "DEST_FIPS": 13121.0, "origin_county": "HENRY", "destination_county": "FULTON" }, "geometry": { "type": "LineString", "coordinates": [ [ -84.431888833465464, 33.760286896574399 ], [ -84.181126433465465, 33.490750896574404 ] ] } },
{ "type": "Feature", "properties": { "direction": "DtoO", "ORIG_FIPS": 13223.0, "DEST_FIPS": 13097.0, "origin_county": "PAULDING", "destination_county": "DOUGLAS" }, "geometry": { "type": "LineString", "coordinates": [ [ -84.783375142018514, 33.721199897759199 ], [ -84.862841542018515, 33.896146297759195 ] ] } },
{ "type": "Feature", "properties": { "direction": "DtoO", "ORIG_FIPS": 13015.0, "DEST_FIPS": 13067.0, "origin_county": "BARTOW", "destination_county": "COBB" }, "geometry": { "type": "LineString", "coordinates": [ [ -84.607549610611898, 33.967074505967489 ], [ -84.818622410611894, 34.204178505967491 ] ] } },
{ "type": "Feature", "properties": { "direction": "DtoO", "ORIG_FIPS": 13097.0, "DEST_FIPS": 13223.0, "origin_county": "DOUGLAS", "destination_county": "PAULDING" }, "geometry": { "type": "LineString", "coordinates": [ [ -84.851915857981481, 33.901109102240802 ], [ -84.77244945798148, 33.726162702240806 ] ] } },
{ "type": "Feature", "properties": { "direction": "DtoO", "ORIG_FIPS": 13067.0, "DEST_FIPS": 13015.0, "origin_county": "COBB", "destination_county": "BARTOW" }, "geometry": { "type": "LineString", "coordinates": [ [ -84.809659389388102, 34.21215749403251 ], [ -84.598586589388105, 33.975053494032508 ] ] } },
{ "type": "Feature", "properties": { "direction": "DtoO", "ORIG_FIPS": 13151.0, "DEST_FIPS": 13089.0, "origin_county": "HENRY", "destination_county": "DEKALB" }, "geometry": { "type": "LineString", "coordinates": [ [ -84.213286185357191, 33.740955324455733 ], [ -84.155540585357187, 33.48614892445574 ] ] } },
{ "type": "Feature", "properties": { "direction": "DtoO", "ORIG_FIPS": 13089.0, "DEST_FIPS": 13151.0, "origin_county": "DEKALB", "destination_county": "HENRY" }, "geometry": { "type": "LineString", "coordinates": [ [ -84.167243814642802, 33.483496675544266 ], [ -84.224989414642806, 33.738303075544259 ] ] } },
{ "type": "Feature", "properties": { "direction": "DtoO", "ORIG_FIPS": 13121.0, "DEST_FIPS": 13113.0, "origin_county": "FULTON", "destination_county": "FAYETTE" }, "geometry": { "type": "LineString", "coordinates": [ [ -84.4974999059814, 33.451921700167446 ], [ -84.476266305981383, 33.752715300167445 ] ] } },
{ "type": "Feature", "properties": { "direction": "DtoO", "ORIG_FIPS": 13113.0, "DEST_FIPS": 13121.0, "origin_county": "FAYETTE", "destination_county": "FULTON" }, "geometry": { "type": "LineString", "coordinates": [ [ -84.464296094018593, 33.751870299832554 ], [ -84.485529694018609, 33.451076699832555 ] ] } },
{ "type": "Feature", "properties": { "direction": "DtoO", "ORIG_FIPS": 13077.0, "DEST_FIPS": 13113.0, "origin_county": "COWETA", "destination_county": "FAYETTE" }, "geometry": { "type": "LineString", "coordinates": [ [ -84.519770665257639, 33.402000438266647 ], [ -84.735102665257642, 33.353637238266643 ] ] } },
{ "type": "Feature", "properties": { "direction": "DtoO", "ORIG_FIPS": 13247.0, "DEST_FIPS": 13089.0, "origin_county": "ROCKDALE", "destination_county": "DEKALB" }, "geometry": { "type": "LineString", "coordinates": [ [ -84.203347386266415, 33.764926901555796 ], [ -84.043584186266429, 33.671110901555799 ] ] } },
{ "type": "Feature", "properties": { "direction": "DtoO", "ORIG_FIPS": 13113.0, "DEST_FIPS": 13077.0, "origin_county": "FAYETTE", "destination_county": "COWETA" }, "geometry": { "type": "LineString", "coordinates": [ [ -84.737732334742361, 33.365345561733349 ], [ -84.522400334742358, 33.413708761733353 ] ] } },
{ "type": "Feature", "properties": { "direction": "DtoO", "ORIG_FIPS": 13089.0, "DEST_FIPS": 13247.0, "origin_county": "DEKALB", "destination_county": "ROCKDALE" }, "geometry": { "type": "LineString", "coordinates": [ [ -84.049660613733579, 33.6607630984442 ], [ -84.209423813733565, 33.754579098444196 ] ] } },
{ "type": "Feature", "properties": { "direction": "DtoO", "ORIG_FIPS": 13217.0, "DEST_FIPS": 13247.0, "origin_county": "NEWTON", "destination_county": "ROCKDALE" }, "geometry": { "type": "LineString", "coordinates": [ [ -84.006065583514086, 33.649520669118246 ], [ -83.864895183514079, 33.570163869118247 ] ] } },
{ "type": "Feature", "properties": { "direction": "DtoO", "ORIG_FIPS": 13247.0, "DEST_FIPS": 13217.0, "origin_county": "ROCKDALE", "destination_county": "NEWTON" }, "geometry": { "type": "LineString", "coordinates": [ [ -83.870775416485913, 33.55970333088176 ], [ -84.01194581648592, 33.639060130881759 ] ] } },
{ "type": "Feature", "properties": { "direction": "DtoO", "ORIG_FIPS": 13097.0, "DEST_FIPS": 13121.0, "origin_county": "DOUGLAS", "destination_county": "FULTON" }, "geometry": { "type": "LineString", "coordinates": [ [ -84.495973786682171, 33.775326560554355 ], [ -84.736255386682174, 33.704863360554356 ] ] } },
{ "type": "Feature", "properties": { "direction": "DtoO", "ORIG_FIPS": 13121.0, "DEST_FIPS": 13097.0, "origin_county": "FULTON", "destination_county": "DOUGLAS" }, "geometry": { "type": "LineString", "coordinates": [ [ -84.739632213317819, 33.716378439445648 ], [ -84.499350613317816, 33.786841639445647 ] ] } },
{ "type": "Feature", "properties": { "direction": "DtoO", "ORIG_FIPS": 13013.0, "DEST_FIPS": 13135.0, "origin_county": "BARROW", "destination_county": "GWINNETT" }, "geometry": { "type": "LineString", "coordinates": [ [ -83.993170214654526, 33.970797698229461 ], [ -83.744434214654532, 33.996016098229461 ] ] } },
{ "type": "Feature", "properties": { "direction": "DtoO", "ORIG_FIPS": 13135.0, "DEST_FIPS": 13013.0, "origin_county": "GWINNETT", "destination_county": "BARROW" }, "geometry": { "type": "LineString", "coordinates": [ [ -83.743223785345478, 33.984077301770526 ], [ -83.991959785345472, 33.958858901770526 ] ] } },
{ "type": "Feature", "properties": { "direction": "DtoO", "ORIG_FIPS": 13113.0, "DEST_FIPS": 13063.0, "origin_county": "FAYETTE", "destination_county": "CLAYTON" }, "geometry": { "type": "LineString", "coordinates": [ [ -84.367229172236776, 33.524664877725073 ], [ -84.476417172236765, 33.422316077725071 ] ] } },
{ "type": "Feature", "properties": { "direction": "DtoO", "ORIG_FIPS": 13063.0, "DEST_FIPS": 13113.0, "origin_county": "CLAYTON", "destination_county": "FAYETTE" }, "geometry": { "type": "LineString", "coordinates": [ [ -84.48462382776323, 33.431071122274929 ], [ -84.375435827763241, 33.533419922274931 ] ] } },
{ "type": "Feature", "properties": { "direction": "DtoO", "ORIG_FIPS": 13063.0, "DEST_FIPS": 13089.0, "origin_county": "CLAYTON", "destination_county": "DEKALB" }, "geometry": { "type": "LineString", "coordinates": [ [ -84.2342803463672, 33.74553700792405 ], [ -84.339342746367208, 33.561821807924055 ] ] } },
{ "type": "Feature", "properties": { "direction": "DtoO", "ORIG_FIPS": 13089.0, "DEST_FIPS": 13063.0, "origin_county": "DEKALB", "destination_county": "CLAYTON" }, "geometry": { "type": "LineString", "coordinates": [ [ -84.349759653632816, 33.567778992075951 ], [ -84.244697253632808, 33.751494192075945 ] ] } },
{ "type": "Feature", "properties": { "direction": "DtoO", "ORIG_FIPS": 13297.0, "DEST_FIPS": 13135.0, "origin_county": "WALTON", "destination_county": "GWINNETT" }, "geometry": { "type": "LineString", "coordinates": [ [ -83.99150736135357, 33.948758739496945 ], [ -83.759648161353581, 33.804653139496942 ] ] } },
{ "type": "Feature", "properties": { "direction": "DtoO", "ORIG_FIPS": 13135.0, "DEST_FIPS": 13297.0, "origin_county": "GWINNETT", "destination_county": "WALTON" }, "geometry": { "type": "LineString", "coordinates": [ [ -83.765982638646435, 33.794461260503049 ], [ -83.997841838646423, 33.938566860503052 ] ] } },
{ "type": "Feature", "properties": { "direction": "DtoO", "ORIG_FIPS": 13089.0, "DEST_FIPS": 13067.0, "origin_county": "DEKALB", "destination_county": "COBB" }, "geometry": { "type": "LineString", "coordinates": [ [ -84.53903243613712, 33.929829740099557 ], [ -84.258770036137108, 33.793872940099554 ] ] } },
{ "type": "Feature", "properties": { "direction": "DtoO", "ORIG_FIPS": 13121.0, "DEST_FIPS": 13057.0, "origin_county": "FULTON", "destination_county": "CHEROKEE" }, "geometry": { "type": "LineString", "coordinates": [ [ -84.469376178425648, 34.198609353878453 ], [ -84.462488978425654, 33.835406153878452 ] ] } },
{ "type": "Feature", "properties": { "direction": "DtoO", "ORIG_FIPS": 13057.0, "DEST_FIPS": 13121.0, "origin_county": "CHEROKEE", "destination_county": "FULTON" }, "geometry": { "type": "LineString", "coordinates": [ [ -84.474486821574345, 33.835178646121548 ], [ -84.481374021574339, 34.198381846121549 ] ] } },
{ "type": "Feature", "properties": { "direction": "DtoO", "ORIG_FIPS": 13067.0, "DEST_FIPS": 13089.0, "origin_county": "COBB", "destination_county": "DEKALB" }, "geometry": { "type": "LineString", "coordinates": [ [ -84.264007563862876, 33.783076259900447 ], [ -84.544269963862888, 33.91903305990045 ] ] } },
{ "type": "Feature", "properties": { "direction": "DtoO", "ORIG_FIPS": 13097.0, "DEST_FIPS": 13067.0, "origin_county": "DOUGLAS", "destination_county": "COBB" }, "geometry": { "type": "LineString", "coordinates": [ [ -84.591124515089874, 33.913721249651381 ], [ -84.74416051508986, 33.722030849651382 ] ] } },
{ "type": "Feature", "properties": { "direction": "DtoO", "ORIG_FIPS": 13139.0, "DEST_FIPS": 13135.0, "origin_county": "HALL", "destination_county": "GWINNETT" }, "geometry": { "type": "LineString", "coordinates": [ [ -84.008471262519294, 34.000175676944316 ], [ -83.8453584625193, 34.284273276944319 ] ] } },
{ "type": "Feature", "properties": { "direction": "DtoO", "ORIG_FIPS": 13135.0, "DEST_FIPS": 13139.0, "origin_county": "GWINNETT", "destination_county": "HALL" }, "geometry": { "type": "LineString", "coordinates": [ [ -83.834951737480708, 34.278298323055679 ], [ -83.998064537480701, 33.994200723055677 ] ] } },
{ "type": "Feature", "properties": { "direction": "DtoO", "ORIG_FIPS": 13067.0, "DEST_FIPS": 13097.0, "origin_county": "COBB", "destination_county": "DOUGLAS" }, "geometry": { "type": "LineString", "coordinates": [ [ -84.753538484910123, 33.729517750348613 ], [ -84.600502484910137, 33.921208150348612 ] ] } },
{ "type": "Feature", "properties": { "direction": "DtoO", "ORIG_FIPS": 13135.0, "DEST_FIPS": 13117.0, "origin_county": "GWINNETT", "destination_county": "FORSYTH" }, "geometry": { "type": "LineString", "coordinates": [ [ -84.109320089853952, 34.201257739209467 ], [ -84.028196889853945, 33.990209739209469 ] ] } },
{ "type": "Feature", "properties": { "direction": "DtoO", "ORIG_FIPS": 13117.0, "DEST_FIPS": 13135.0, "origin_county": "FORSYTH", "destination_county": "GWINNETT" }, "geometry": { "type": "LineString", "coordinates": [ [ -84.03939791014605, 33.985904260790527 ], [ -84.120521110146058, 34.196952260790525 ] ] } },
{ "type": "Feature", "properties": { "direction": "DtoO", "ORIG_FIPS": 13151.0, "DEST_FIPS": 13063.0, "origin_county": "HENRY", "destination_county": "CLAYTON" }, "geometry": { "type": "LineString", "coordinates": [ [ -84.334931979758323, 33.538448245451299 ], [ -84.172123979758325, 33.467357045451301 ] ] } },
{ "type": "Feature", "properties": { "direction": "DtoO", "ORIG_FIPS": 13063.0, "DEST_FIPS": 13151.0, "origin_county": "CLAYTON", "destination_county": "HENRY" }, "geometry": { "type": "LineString", "coordinates": [ [ -84.17692602024168, 33.456359754548707 ], [ -84.339734020241679, 33.527450954548705 ] ] } },
{ "type": "Feature", "properties": { "direction": "DtoO", "ORIG_FIPS": 13223.0, "DEST_FIPS": 13067.0, "origin_county": "PAULDING", "destination_county": "COBB" }, "geometry": { "type": "LineString", "coordinates": [ [ -84.605315817406961, 33.933348498850819 ], [ -84.837818217406948, 33.916604498850823 ] ] } },
{ "type": "Feature", "properties": { "direction": "DtoO", "ORIG_FIPS": 13067.0, "DEST_FIPS": 13223.0, "origin_county": "COBB", "destination_county": "PAULDING" }, "geometry": { "type": "LineString", "coordinates": [ [ -84.838680182593038, 33.928573501149181 ], [ -84.606177782593051, 33.945317501149177 ] ] } },
{ "type": "Feature", "properties": { "direction": "DtoO", "ORIG_FIPS": 13117.0, "DEST_FIPS": 13121.0, "origin_county": "FORSYTH", "destination_county": "FULTON" }, "geometry": { "type": "LineString", "coordinates": [ [ -84.438086660212178, 33.837160428122168 ], [ -84.164033860212186, 34.185635628122164 ] ] } },
{ "type": "Feature", "properties": { "direction": "DtoO", "ORIG_FIPS": 13121.0, "DEST_FIPS": 13117.0, "origin_county": "FULTON", "destination_county": "FORSYTH" }, "geometry": { "type": "LineString", "coordinates": [ [ -84.154601339787831, 34.17821757187783 ], [ -84.428654139787824, 33.829742371877835 ] ] } },
{ "type": "Feature", "properties": { "direction": "DtoO", "ORIG_FIPS": 13057.0, "DEST_FIPS": 13067.0, "origin_county": "CHEROKEE", "destination_county": "COBB" }, "geometry": { "type": "LineString", "coordinates": [ [ -84.572333416012171, 33.973564006083215 ], [ -84.491975016012177, 34.215540006083209 ] ] } },
{ "type": "Feature", "properties": { "direction": "DtoO", "ORIG_FIPS": 13067.0, "DEST_FIPS": 13057.0, "origin_county": "COBB", "destination_county": "CHEROKEE" }, "geometry": { "type": "LineString", "coordinates": [ [ -84.480586583987829, 34.211757993916784 ], [ -84.560944983987824, 33.96978199391679 ] ] } },
{ "type": "Feature", "properties": { "direction": "DtoO", "ORIG_FIPS": 13063.0, "DEST_FIPS": 13121.0, "origin_county": "CLAYTON", "destination_county": "FULTON" }, "geometry": { "type": "LineString", "coordinates": [ [ -84.451147337733246, 33.767517613853705 ], [ -84.363192937733245, 33.569072813853708 ] ] } },
{ "type": "Feature", "properties": { "direction": "DtoO", "ORIG_FIPS": 13121.0, "DEST_FIPS": 13063.0, "origin_county": "FULTON", "destination_county": "CLAYTON" }, "geometry": { "type": "LineString", "coordinates": [ [ -84.374163662266753, 33.5642103861463 ], [ -84.462118062266754, 33.762655186146297 ] ] } },
{ "type": "Feature", "properties": { "direction": "DtoO", "ORIG_FIPS": 13121.0, "DEST_FIPS": 13135.0, "origin_county": "FULTON", "destination_county": "GWINNETT" }, "geometry": { "type": "LineString", "coordinates": [ [ -84.065888861399131, 33.938901871732917 ], [ -84.421064861399117, 33.801474671732919 ] ] } },
{ "type": "Feature", "properties": { "direction": "DtoO", "ORIG_FIPS": 13135.0, "DEST_FIPS": 13121.0, "origin_county": "GWINNETT", "destination_county": "FULTON" }, "geometry": { "type": "LineString", "coordinates": [ [ -84.425395138600862, 33.812666128267082 ], [ -84.070219138600876, 33.95009332826708 ] ] } },
{ "type": "Feature", "properties": { "direction": "DtoO", "ORIG_FIPS": 13135.0, "DEST_FIPS": 13089.0, "origin_county": "GWINNETT", "destination_county": "DEKALB" }, "geometry": { "type": "LineString", "coordinates": [ [ -84.210191649892749, 33.794875038272686 ], [ -84.048032449892759, 33.947031838272686 ] ] } },
{ "type": "Feature", "properties": { "direction": "DtoO", "ORIG_FIPS": 13089.0, "DEST_FIPS": 13135.0, "origin_county": "DEKALB", "destination_county": "GWINNETT" }, "geometry": { "type": "LineString", "coordinates": [ [ -84.039821350107246, 33.938280961727308 ], [ -84.201980550107237, 33.786124161727308 ] ] } },
{ "type": "Feature", "properties": { "direction": "DtoO", "ORIG_FIPS": 13067.0, "DEST_FIPS": 13121.0, "origin_county": "COBB", "destination_county": "FULTON" }, "geometry": { "type": "LineString", "coordinates": [ [ -84.483402629496752, 33.801540576652584 ], [ -84.570648229496769, 33.922767776652577 ] ] } },
{ "type": "Feature", "properties": { "direction": "DtoO", "ORIG_FIPS": 13121.0, "DEST_FIPS": 13067.0, "origin_county": "FULTON", "destination_county": "COBB" }, "geometry": { "type": "LineString", "coordinates": [ [ -84.560908370503242, 33.929777423347417 ], [ -84.473662770503225, 33.808550223347424 ] ] } },
{ "type": "Feature", "properties": { "direction": "DtoO", "ORIG_FIPS": 13089.0, "DEST_FIPS": 13121.0, "origin_county": "DEKALB", "destination_county": "FULTON" }, "geometry": { "type": "LineString", "coordinates": [ [ -84.44304335227686, 33.794033405132929 ], [ -84.250026552276864, 33.779303805132926 ] ] } },
{ "type": "Feature", "properties": { "direction": "DtoO", "ORIG_FIPS": 13121.0, "DEST_FIPS": 13089.0, "origin_county": "FULTON", "destination_county": "DEKALB" }, "geometry": { "type": "LineString", "coordinates": [ [ -84.250939647723129, 33.76733859486707 ], [ -84.443956447723124, 33.782068194867072 ] ] } }
]
}
