{"type":"Topology","objects":{"transit":{"type":"GeometryCollection","geometries":[{"type":"LineString","arcs":[0],"properties":{"direction":"OtoD","ORIG_FIPS":13015,"DEST_FIPS":13013,"origin_county":"BARTOW","destination_county":"BARROW"}},{"type":"LineString","arcs":[1],"properties":{"direction":"OtoD","ORIG_FIPS":13085,"DEST_FIPS":13217,"origin_county":"DAWSON","destination_county":"NEWTON"}},{"type":"LineString","arcs":[2],"properties":{"direction":"OtoD","ORIG_FIPS":13139,"DEST_FIPS":13045,"origin_county":"HALL","destination_county":"CARROLL"}},{"type":"LineString","arcs":[3],"properties":{"direction":"OtoD","ORIG_FIPS":13139,"DEST_FIPS":13077,"origin_county":"HALL","destination_county":"COWETA"}},{"type":"LineString","arcs":[4],"properties":{"direction":"OtoD","ORIG_FIPS":13139,"DEST_FIPS":13255,"origin_county":"HALL","destination_county":"SPALDING"}},{"type":"LineString","arcs":[5],"properties":{"direction":"OtoD","ORIG_FIPS":13217,"DEST_FIPS":13085,"origin_county":"NEWTON","destination_county":"DAWSON"}},{"type":"LineString","arcs":[6],"properties":{"direction":"OtoD","ORIG_FIPS":13255,"DEST_FIPS":13013,"origin_county":"SPALDING","destination_county":"BARROW"}},{"type":"LineString","arcs":[7],"properties":{"direction":"OtoD","ORIG_FIPS":13297,"DEST_FIPS":13015,"origin_county":"WALTON","destination_county":"BARTOW"}},{"type":"LineString","arcs":[8],"properties":{"direction":"OtoD","ORIG_FIPS":13013,"DEST_FIPS":13015,"origin_county":"BARROW","destination_county":"BARTOW"}},{"type":"LineString","arcs":[9],"properties":{"direction":"OtoD","ORIG_FIPS":13013,"DEST_FIPS":13045,"origin_county":"BARROW","destination_county":"CARROLL"}},{"type":"LineString","arcs":[10],"properties":{"direction":"OtoD","ORIG_FIPS":13013,"DEST_FIPS":13255,"origin_county":"BARROW","destination_county":"SPALDING"}},{"type":"LineString","arcs":[11],"properties":{"direction":"OtoD","ORIG_FIPS":13015,"DEST_FIPS":13297,"origin_county":"BARTOW","destination_county":"WALTON"}},{"type":"LineString","arcs":[12],"properties":{"direction":"OtoD","ORIG_FIPS":13045,"DEST_FIPS":13297,"origin_county":"CARROLL","destination_county":"WALTON"}},{"type":"LineString","arcs":[13],"properties":{"direction":"OtoD","ORIG_FIPS":13113,"DEST_FIPS":13013,"origin_county":"FAYETTE","destination_county":"BARROW"}},{"type":"LineString","arcs":[14],"properties":{"direction":"OtoD","ORIG_FIPS":13217,"DEST_FIPS":13015,"origin_county":"NEWTON","destination_county":"BARTOW"}},{"type":"LineString","arcs":[15],"properties":{"direction":"OtoD","ORIG_FIPS":13223,"DEST_FIPS":13297,"origin_county":"PAULDING","destination_county":"WALTON"}},{"type":"LineString","arcs":[16],"properties":{"direction":"OtoD","ORIG_FIPS":13255,"DEST_FIPS":13057,"origin_county":"SPALDING","destination_county":"CHEROKEE"}},{"type":"LineString","arcs":[17],"properties":{"direction":"OtoD","ORIG_FIPS":13297,"DEST_FIPS":13045,"origin_county":"WALTON","destination_county":"CARROLL"}},{"type":"LineString","arcs":[18],"properties":{"direction":"OtoD","ORIG_FIPS":13013,"DEST_FIPS":13223,"origin_county":"BARROW","destination_county":"PAULDING"}},{"type":"LineString","arcs":[19],"properties":{"direction":"OtoD","ORIG_FIPS":13077,"DEST_FIPS":13297,"origin_county":"COWETA","destination_county":"WALTON"}},{"type":"LineString","arcs":[20],"properties":{"direction":"OtoD","ORIG_FIPS":13117,"DEST_FIPS":13255,"origin_county":"FORSYTH","destination_county":"SPALDING"}},{"type":"LineString","arcs":[21],"properties":{"direction":"OtoD","ORIG_FIPS":13013,"DEST_FIPS":13113,"origin_county":"BARROW","destination_county":"FAYETTE"}},{"type":"LineString","arcs":[22],"properties":{"direction":"OtoD","ORIG_FIPS":13085,"DEST_FIPS":13223,"origin_county":"DAWSON","destination_county":"PAULDING"}},{"type":"LineString","arcs":[23],"properties":{"direction":"OtoD","ORIG_FIPS":13139,"DEST_FIPS":13113,"origin_county":"HALL","destination_county":"FAYETTE"}},{"type":"LineString","arcs":[24],"properties":{"direction":"OtoD","ORIG_FIPS":13255,"DEST_FIPS":13117,"origin_county":"SPALDING","destination_county":"FORSYTH"}},{"type":"LineString","arcs":[25],"properties":{"direction":"OtoD","ORIG_FIPS":13063,"DEST_FIPS":13085,"origin_county":"CLAYTON","destination_county":"DAWSON"}},{"type":"LineString","arcs":[26],"properties":{"direction":"OtoD","ORIG_FIPS":13139,"DEST_FIPS":13223,"origin_county":"HALL","destination_county":"PAULDING"}},{"type":"LineString","arcs":[27],"properties":{"direction":"OtoD","ORIG_FIPS":13223,"DEST_FIPS":13085,"origin_county":"PAULDING","destination_county":"DAWSON"}},{"type":"LineString","arcs":[28],"properties":{"direction":"OtoD","ORIG_FIPS":13223,"DEST_FIPS":13139,"origin_county":"PAULDING","destination_county":"HALL"}},{"type":"LineString","arcs":[29],"properties":{"direction":"OtoD","ORIG_FIPS":13297,"DEST_FIPS":13077,"origin_county":"WALTON","destination_county":"COWETA"}},{"type":"LineString","arcs":[30],"properties":{"direction":"OtoD","ORIG_FIPS":13015,"DEST_FIPS":13151,"origin_county":"BARTOW","destination_county":"HENRY"}},{"type":"LineString","arcs":[31],"properties":{"direction":"OtoD","ORIG_FIPS":13097,"DEST_FIPS":13139,"origin_county":"DOUGLAS","destination_county":"HALL"}},{"type":"LineString","arcs":[32],"properties":{"direction":"OtoD","ORIG_FIPS":13113,"DEST_FIPS":13139,"origin_county":"FAYETTE","destination_county":"HALL"}},{"type":"LineString","arcs":[33],"properties":{"direction":"OtoD","ORIG_FIPS":13139,"DEST_FIPS":13097,"origin_county":"HALL","destination_county":"DOUGLAS"}},{"type":"LineString","arcs":[34],"properties":{"direction":"OtoD","ORIG_FIPS":13015,"DEST_FIPS":13113,"origin_county":"BARTOW","destination_county":"FAYETTE"}},{"type":"LineString","arcs":[35],"properties":{"direction":"OtoD","ORIG_FIPS":13057,"DEST_FIPS":13255,"origin_county":"CHEROKEE","destination_county":"SPALDING"}},{"type":"LineString","arcs":[36],"properties":{"direction":"OtoD","ORIG_FIPS":13085,"DEST_FIPS":13063,"origin_county":"DAWSON","destination_county":"CLAYTON"}},{"type":"LineString","arcs":[37],"properties":{"direction":"OtoD","ORIG_FIPS":13097,"DEST_FIPS":13085,"origin_county":"DOUGLAS","destination_county":"DAWSON"}},{"type":"LineString","arcs":[38],"properties":{"direction":"OtoD","ORIG_FIPS":13015,"DEST_FIPS":13247,"origin_county":"BARTOW","destination_county":"ROCKDALE"}},{"type":"LineString","arcs":[39],"properties":{"direction":"OtoD","ORIG_FIPS":13097,"DEST_FIPS":13013,"origin_county":"DOUGLAS","destination_county":"BARROW"}},{"type":"LineString","arcs":[40],"properties":{"direction":"OtoD","ORIG_FIPS":13113,"DEST_FIPS":13015,"origin_county":"FAYETTE","destination_county":"BARTOW"}},{"type":"LineString","arcs":[41],"properties":{"direction":"OtoD","ORIG_FIPS":13247,"DEST_FIPS":13015,"origin_county":"ROCKDALE","destination_county":"BARTOW"}},{"type":"LineString","arcs":[42],"properties":{"direction":"OtoD","ORIG_FIPS":13015,"DEST_FIPS":13077,"origin_county":"BARTOW","destination_county":"COWETA"}},{"type":"LineString","arcs":[43],"properties":{"direction":"OtoD","ORIG_FIPS":13045,"DEST_FIPS":13247,"origin_county":"CARROLL","destination_county":"ROCKDALE"}},{"type":"LineString","arcs":[44],"properties":{"direction":"OtoD","ORIG_FIPS":13151,"DEST_FIPS":13015,"origin_county":"HENRY","destination_county":"BARTOW"}},{"type":"LineString","arcs":[45],"properties":{"direction":"OtoD","ORIG_FIPS":13223,"DEST_FIPS":13217,"origin_county":"PAULDING","destination_county":"NEWTON"}},{"type":"LineString","arcs":[46],"properties":{"direction":"OtoD","ORIG_FIPS":13077,"DEST_FIPS":13015,"origin_county":"COWETA","destination_county":"BARTOW"}},{"type":"LineString","arcs":[47],"properties":{"direction":"OtoD","ORIG_FIPS":13085,"DEST_FIPS":13097,"origin_county":"DAWSON","destination_county":"DOUGLAS"}},{"type":"LineString","arcs":[48],"properties":{"direction":"OtoD","ORIG_FIPS":13247,"DEST_FIPS":13045,"origin_county":"ROCKDALE","destination_county":"CARROLL"}},{"type":"LineString","arcs":[49],"properties":{"direction":"OtoD","ORIG_FIPS":13255,"DEST_FIPS":13223,"origin_county":"SPALDING","destination_county":"PAULDING"}},{"type":"LineString","arcs":[50],"properties":{"direction":"OtoD","ORIG_FIPS":13045,"DEST_FIPS":13217,"origin_county":"CARROLL","destination_county":"NEWTON"}},{"type":"LineString","arcs":[51],"properties":{"direction":"OtoD","ORIG_FIPS":13217,"DEST_FIPS":13057,"origin_county":"NEWTON","destination_county":"CHEROKEE"}},{"type":"LineString","arcs":[52],"properties":{"direction":"OtoD","ORIG_FIPS":13217,"DEST_FIPS":13045,"origin_county":"NEWTON","destination_county":"CARROLL"}},{"type":"LineString","arcs":[53],"properties":{"direction":"OtoD","ORIG_FIPS":13217,"DEST_FIPS":13223,"origin_county":"NEWTON","destination_county":"PAULDING"}},{"type":"LineString","arcs":[54],"properties":{"direction":"OtoD","ORIG_FIPS":13057,"DEST_FIPS":13217,"origin_county":"CHEROKEE","destination_county":"NEWTON"}},{"type":"LineString","arcs":[55],"properties":{"direction":"OtoD","ORIG_FIPS":13223,"DEST_FIPS":13013,"origin_county":"PAULDING","destination_county":"BARROW"}},{"type":"LineString","arcs":[56],"properties":{"direction":"OtoD","ORIG_FIPS":13013,"DEST_FIPS":13097,"origin_county":"BARROW","destination_county":"DOUGLAS"}},{"type":"LineString","arcs":[57],"properties":{"direction":"OtoD","ORIG_FIPS":13223,"DEST_FIPS":13255,"origin_county":"PAULDING","destination_county":"SPALDING"}},{"type":"LineString","arcs":[58],"properties":{"direction":"OtoD","ORIG_FIPS":13077,"DEST_FIPS":13117,"origin_county":"COWETA","destination_county":"FORSYTH"}},{"type":"LineString","arcs":[59],"properties":{"direction":"OtoD","ORIG_FIPS":13097,"DEST_FIPS":13297,"origin_county":"DOUGLAS","destination_county":"WALTON"}},{"type":"LineString","arcs":[60],"properties":{"direction":"OtoD","ORIG_FIPS":13247,"DEST_FIPS":13057,"origin_county":"ROCKDALE","destination_county":"CHEROKEE"}},{"type":"LineString","arcs":[61],"properties":{"direction":"OtoD","ORIG_FIPS":13113,"DEST_FIPS":13117,"origin_county":"FAYETTE","destination_county":"FORSYTH"}},{"type":"LineString","arcs":[62],"properties":{"direction":"OtoD","ORIG_FIPS":13117,"DEST_FIPS":13077,"origin_county":"FORSYTH","destination_county":"COWETA"}},{"type":"LineString","arcs":[63],"properties":{"direction":"OtoD","ORIG_FIPS":13117,"DEST_FIPS":13113,"origin_county":"FORSYTH","destination_county":"FAYETTE"}},{"type":"LineString","arcs":[64],"properties":{"direction":"OtoD","ORIG_FIPS":13085,"DEST_FIPS":13297,"origin_county":"DAWSON","destination_county":"WALTON"}},{"type":"LineString","arcs":[65],"properties":{"direction":"OtoD","ORIG_FIPS":13077,"DEST_FIPS":13217,"origin_county":"COWETA","destination_county":"NEWTON"}},{"type":"LineString","arcs":[66],"properties":{"direction":"OtoD","ORIG_FIPS":13297,"DEST_FIPS":13085,"origin_county":"WALTON","destination_county":"DAWSON"}},{"type":"LineString","arcs":[67],"properties":{"direction":"OtoD","ORIG_FIPS":13139,"DEST_FIPS":13015,"origin_county":"HALL","destination_county":"BARTOW"}},{"type":"LineString","arcs":[68],"properties":{"direction":"OtoD","ORIG_FIPS":13139,"DEST_FIPS":13151,"origin_county":"HALL","destination_county":"HENRY"}},{"type":"LineString","arcs":[69],"properties":{"direction":"OtoD","ORIG_FIPS":13151,"DEST_FIPS":13139,"origin_county":"HENRY","destination_county":"HALL"}},{"type":"LineString","arcs":[70],"properties":{"direction":"OtoD","ORIG_FIPS":13045,"DEST_FIPS":13117,"origin_county":"CARROLL","destination_county":"FORSYTH"}},{"type":"LineString","arcs":[71],"properties":{"direction":"OtoD","ORIG_FIPS":13057,"DEST_FIPS":13077,"origin_county":"CHEROKEE","destination_county":"COWETA"}},{"type":"LineString","arcs":[72],"properties":{"direction":"OtoD","ORIG_FIPS":13057,"DEST_FIPS":13297,"origin_county":"CHEROKEE","destination_county":"WALTON"}},{"type":"LineString","arcs":[73],"properties":{"direction":"OtoD","ORIG_FIPS":13117,"DEST_FIPS":13045,"origin_county":"FORSYTH","destination_county":"CARROLL"}},{"type":"LineString","arcs":[74],"properties":{"direction":"OtoD","ORIG_FIPS":13057,"DEST_FIPS":13247,"origin_county":"CHEROKEE","destination_county":"ROCKDALE"}},{"type":"LineString","arcs":[75],"properties":{"direction":"OtoD","ORIG_FIPS":13247,"DEST_FIPS":13223,"origin_county":"ROCKDALE","destination_county":"PAULDING"}},{"type":"LineString","arcs":[76],"properties":{"direction":"OtoD","ORIG_FIPS":13077,"DEST_FIPS":13057,"origin_county":"COWETA","destination_county":"CHEROKEE"}},{"type":"LineString","arcs":[77],"properties":{"direction":"OtoD","ORIG_FIPS":13015,"DEST_FIPS":13139,"origin_county":"BARTOW","destination_county":"HALL"}},{"type":"LineString","arcs":[78],"properties":{"direction":"OtoD","ORIG_FIPS":13223,"DEST_FIPS":13247,"origin_county":"PAULDING","destination_county":"ROCKDALE"}},{"type":"LineString","arcs":[79],"properties":{"direction":"OtoD","ORIG_FIPS":13045,"DEST_FIPS":13255,"origin_county":"CARROLL","destination_county":"SPALDING"}},{"type":"LineString","arcs":[80],"properties":{"direction":"OtoD","ORIG_FIPS":13255,"DEST_FIPS":13045,"origin_county":"SPALDING","destination_county":"CARROLL"}},{"type":"LineString","arcs":[81],"properties":{"direction":"OtoD","ORIG_FIPS":13297,"DEST_FIPS":13057,"origin_county":"WALTON","destination_county":"CHEROKEE"}},{"type":"LineString","arcs":[82],"properties":{"direction":"OtoD","ORIG_FIPS":13255,"DEST_FIPS":13297,"origin_county":"SPALDING","destination_county":"WALTON"}},{"type":"LineString","arcs":[83],"properties":{"direction":"OtoD","ORIG_FIPS":13117,"DEST_FIPS":13151,"origin_county":"FORSYTH","destination_county":"HENRY"}},{"type":"LineString","arcs":[84],"properties":{"direction":"OtoD","ORIG_FIPS":13297,"DEST_FIPS":13097,"origin_county":"WALTON","destination_county":"DOUGLAS"}},{"type":"LineString","arcs":[85],"properties":{"direction":"OtoD","ORIG_FIPS":13113,"DEST_FIPS":13297,"origin_county":"FAYETTE","destination_county":"WALTON"}},{"type":"LineString","arcs":[86],"properties":{"direction":"OtoD","ORIG_FIPS":13085,"DEST_FIPS":13013,"origin_county":"DAWSON","destination_county":"BARROW"}},{"type":"LineString","arcs":[87],"properties":{"direction":"OtoD","ORIG_FIPS":13297,"DEST_FIPS":13113,"origin_county":"WALTON","destination_county":"FAYETTE"}},{"type":"LineString","arcs":[88],"properties":{"direction":"OtoD","ORIG_FIPS":13297,"DEST_FIPS":13255,"origin_county":"WALTON","destination_county":"SPALDING"}},{"type":"LineString","arcs":[89],"properties":{"direction":"OtoD","ORIG_FIPS":13013,"DEST_FIPS":13085,"origin_county":"BARROW","destination_county":"DAWSON"}},{"type":"LineString","arcs":[90],"properties":{"direction":"OtoD","ORIG_FIPS":13217,"DEST_FIPS":13077,"origin_county":"NEWTON","destination_county":"COWETA"}},{"type":"LineString","arcs":[91],"properties":{"direction":"OtoD","ORIG_FIPS":13151,"DEST_FIPS":13117,"origin_county":"HENRY","destination_county":"FORSYTH"}},{"type":"LineString","arcs":[92],"properties":{"direction":"OtoD","ORIG_FIPS":13217,"DEST_FIPS":13117,"origin_county":"NEWTON","destination_county":"FORSYTH"}},{"type":"LineString","arcs":[93],"properties":{"direction":"OtoD","ORIG_FIPS":13057,"DEST_FIPS":13013,"origin_county":"CHEROKEE","destination_county":"BARROW"}},{"type":"LineString","arcs":[94],"properties":{"direction":"OtoD","ORIG_FIPS":13097,"DEST_FIPS":13217,"origin_county":"DOUGLAS","destination_county":"NEWTON"}},{"type":"LineString","arcs":[95],"properties":{"direction":"OtoD","ORIG_FIPS":13117,"DEST_FIPS":13217,"origin_county":"FORSYTH","destination_county":"NEWTON"}},{"type":"LineString","arcs":[96],"properties":{"direction":"OtoD","ORIG_FIPS":13217,"DEST_FIPS":13097,"origin_county":"NEWTON","destination_county":"DOUGLAS"}},{"type":"LineString","arcs":[97],"properties":{"direction":"OtoD","ORIG_FIPS":13013,"DEST_FIPS":13063,"origin_county":"BARROW","destination_county":"CLAYTON"}},{"type":"LineString","arcs":[98],"properties":{"direction":"OtoD","ORIG_FIPS":13015,"DEST_FIPS":13085,"origin_county":"BARTOW","destination_county":"DAWSON"}},{"type":"LineString","arcs":[99],"properties":{"direction":"OtoD","ORIG_FIPS":13013,"DEST_FIPS":13057,"origin_county":"BARROW","destination_county":"CHEROKEE"}},{"type":"LineString","arcs":[100],"properties":{"direction":"OtoD","ORIG_FIPS":13063,"DEST_FIPS":13013,"origin_county":"CLAYTON","destination_county":"BARROW"}},{"type":"LineString","arcs":[101],"properties":{"direction":"OtoD","ORIG_FIPS":13113,"DEST_FIPS":13057,"origin_county":"FAYETTE","destination_county":"CHEROKEE"}},{"type":"LineString","arcs":[102],"properties":{"direction":"OtoD","ORIG_FIPS":13139,"DEST_FIPS":13063,"origin_county":"HALL","destination_county":"CLAYTON"}},{"type":"LineString","arcs":[103],"properties":{"direction":"OtoD","ORIG_FIPS":13045,"DEST_FIPS":13151,"origin_county":"CARROLL","destination_county":"HENRY"}},{"type":"LineString","arcs":[104],"properties":{"direction":"OtoD","ORIG_FIPS":13063,"DEST_FIPS":13139,"origin_county":"CLAYTON","destination_county":"HALL"}},{"type":"LineString","arcs":[105],"properties":{"direction":"OtoD","ORIG_FIPS":13085,"DEST_FIPS":13015,"origin_county":"DAWSON","destination_county":"BARTOW"}},{"type":"LineString","arcs":[106],"properties":{"direction":"OtoD","ORIG_FIPS":13057,"DEST_FIPS":13151,"origin_county":"CHEROKEE","destination_county":"HENRY"}},{"type":"LineString","arcs":[107],"properties":{"direction":"OtoD","ORIG_FIPS":13063,"DEST_FIPS":13015,"origin_county":"CLAYTON","destination_county":"BARTOW"}},{"type":"LineString","arcs":[108],"properties":{"direction":"OtoD","ORIG_FIPS":13057,"DEST_FIPS":13113,"origin_county":"CHEROKEE","destination_county":"FAYETTE"}},{"type":"LineString","arcs":[109],"properties":{"direction":"OtoD","ORIG_FIPS":13117,"DEST_FIPS":13247,"origin_county":"FORSYTH","destination_county":"ROCKDALE"}},{"type":"LineString","arcs":[110],"properties":{"direction":"OtoD","ORIG_FIPS":13151,"DEST_FIPS":13057,"origin_county":"HENRY","destination_county":"CHEROKEE"}},{"type":"LineString","arcs":[111],"properties":{"direction":"OtoD","ORIG_FIPS":13247,"DEST_FIPS":13139,"origin_county":"ROCKDALE","destination_county":"HALL"}},{"type":"LineString","arcs":[112],"properties":{"direction":"OtoD","ORIG_FIPS":13077,"DEST_FIPS":13247,"origin_county":"COWETA","destination_county":"ROCKDALE"}},{"type":"LineString","arcs":[113],"properties":{"direction":"OtoD","ORIG_FIPS":13151,"DEST_FIPS":13223,"origin_county":"HENRY","destination_county":"PAULDING"}},{"type":"LineString","arcs":[114],"properties":{"direction":"OtoD","ORIG_FIPS":13015,"DEST_FIPS":13063,"origin_county":"BARTOW","destination_county":"CLAYTON"}},{"type":"LineString","arcs":[115],"properties":{"direction":"OtoD","ORIG_FIPS":13247,"DEST_FIPS":13117,"origin_county":"ROCKDALE","destination_county":"FORSYTH"}},{"type":"LineString","arcs":[116],"properties":{"direction":"OtoD","ORIG_FIPS":13139,"DEST_FIPS":13247,"origin_county":"HALL","destination_county":"ROCKDALE"}},{"type":"LineString","arcs":[117],"properties":{"direction":"OtoD","ORIG_FIPS":13117,"DEST_FIPS":13097,"origin_county":"FORSYTH","destination_county":"DOUGLAS"}},{"type":"LineString","arcs":[118],"properties":{"direction":"OtoD","ORIG_FIPS":13151,"DEST_FIPS":13045,"origin_county":"HENRY","destination_county":"CARROLL"}},{"type":"LineString","arcs":[119],"properties":{"direction":"OtoD","ORIG_FIPS":13247,"DEST_FIPS":13077,"origin_county":"ROCKDALE","destination_county":"COWETA"}},{"type":"LineString","arcs":[120],"properties":{"direction":"OtoD","ORIG_FIPS":13139,"DEST_FIPS":13217,"origin_county":"HALL","destination_county":"NEWTON"}},{"type":"LineString","arcs":[121],"properties":{"direction":"OtoD","ORIG_FIPS":13151,"DEST_FIPS":13013,"origin_county":"HENRY","destination_county":"BARROW"}},{"type":"LineString","arcs":[122],"properties":{"direction":"OtoD","ORIG_FIPS":13217,"DEST_FIPS":13139,"origin_county":"NEWTON","destination_county":"HALL"}},{"type":"LineString","arcs":[123],"properties":{"direction":"OtoD","ORIG_FIPS":13057,"DEST_FIPS":13045,"origin_county":"CHEROKEE","destination_county":"CARROLL"}},{"type":"LineString","arcs":[124],"properties":{"direction":"OtoD","ORIG_FIPS":13013,"DEST_FIPS":13151,"origin_county":"BARROW","destination_county":"HENRY"}},{"type":"LineString","arcs":[125],"properties":{"direction":"OtoD","ORIG_FIPS":13045,"DEST_FIPS":13057,"origin_county":"CARROLL","destination_county":"CHEROKEE"}},{"type":"LineString","arcs":[126],"properties":{"direction":"OtoD","ORIG_FIPS":13255,"DEST_FIPS":13097,"origin_county":"SPALDING","destination_county":"DOUGLAS"}},{"type":"LineString","arcs":[127],"properties":{"direction":"OtoD","ORIG_FIPS":13223,"DEST_FIPS":13151,"origin_county":"PAULDING","destination_county":"HENRY"}},{"type":"LineString","arcs":[128],"properties":{"direction":"OtoD","ORIG_FIPS":13135,"DEST_FIPS":13255,"origin_county":"GWINNETT","destination_county":"SPALDING"}},{"type":"LineString","arcs":[129],"properties":{"direction":"OtoD","ORIG_FIPS":13097,"DEST_FIPS":13255,"origin_county":"DOUGLAS","destination_county":"SPALDING"}},{"type":"LineString","arcs":[130],"properties":{"direction":"OtoD","ORIG_FIPS":13097,"DEST_FIPS":13117,"origin_county":"DOUGLAS","destination_county":"FORSYTH"}},{"type":"LineString","arcs":[131],"properties":{"direction":"OtoD","ORIG_FIPS":13255,"DEST_FIPS":13135,"origin_county":"SPALDING","destination_county":"GWINNETT"}},{"type":"LineString","arcs":[132],"properties":{"direction":"OtoD","ORIG_FIPS":13247,"DEST_FIPS":13097,"origin_county":"ROCKDALE","destination_county":"DOUGLAS"}},{"type":"LineString","arcs":[133],"properties":{"direction":"OtoD","ORIG_FIPS":13097,"DEST_FIPS":13247,"origin_county":"DOUGLAS","destination_county":"ROCKDALE"}},{"type":"LineString","arcs":[134],"properties":{"direction":"OtoD","ORIG_FIPS":13135,"DEST_FIPS":13045,"origin_county":"GWINNETT","destination_county":"CARROLL"}},{"type":"LineString","arcs":[135],"properties":{"direction":"OtoD","ORIG_FIPS":13045,"DEST_FIPS":13135,"origin_county":"CARROLL","destination_county":"GWINNETT"}},{"type":"LineString","arcs":[136],"properties":{"direction":"OtoD","ORIG_FIPS":13113,"DEST_FIPS":13217,"origin_county":"FAYETTE","destination_county":"NEWTON"}},{"type":"LineString","arcs":[137],"properties":{"direction":"OtoD","ORIG_FIPS":13135,"DEST_FIPS":13077,"origin_county":"GWINNETT","destination_county":"COWETA"}},{"type":"LineString","arcs":[138],"properties":{"direction":"OtoD","ORIG_FIPS":13217,"DEST_FIPS":13113,"origin_county":"NEWTON","destination_county":"FAYETTE"}},{"type":"LineString","arcs":[139],"properties":{"direction":"OtoD","ORIG_FIPS":13117,"DEST_FIPS":13223,"origin_county":"FORSYTH","destination_county":"PAULDING"}},{"type":"LineString","arcs":[140],"properties":{"direction":"OtoD","ORIG_FIPS":13113,"DEST_FIPS":13247,"origin_county":"FAYETTE","destination_county":"ROCKDALE"}},{"type":"LineString","arcs":[141],"properties":{"direction":"OtoD","ORIG_FIPS":13247,"DEST_FIPS":13113,"origin_county":"ROCKDALE","destination_county":"FAYETTE"}},{"type":"LineString","arcs":[142],"properties":{"direction":"OtoD","ORIG_FIPS":13117,"DEST_FIPS":13063,"origin_county":"FORSYTH","destination_county":"CLAYTON"}},{"type":"LineString","arcs":[143],"properties":{"direction":"OtoD","ORIG_FIPS":13223,"DEST_FIPS":13117,"origin_county":"PAULDING","destination_county":"FORSYTH"}},{"type":"LineString","arcs":[144],"properties":{"direction":"OtoD","ORIG_FIPS":13077,"DEST_FIPS":13135,"origin_county":"COWETA","destination_county":"GWINNETT"}},{"type":"LineString","arcs":[145],"properties":{"direction":"OtoD","ORIG_FIPS":13063,"DEST_FIPS":13117,"origin_county":"CLAYTON","destination_county":"FORSYTH"}},{"type":"LineString","arcs":[146],"properties":{"direction":"OtoD","ORIG_FIPS":13255,"DEST_FIPS":13067,"origin_county":"SPALDING","destination_county":"COBB"}},{"type":"LineString","arcs":[147],"properties":{"direction":"OtoD","ORIG_FIPS":13067,"DEST_FIPS":13255,"origin_county":"COBB","destination_county":"SPALDING"}},{"type":"LineString","arcs":[148],"properties":{"direction":"OtoD","ORIG_FIPS":13089,"DEST_FIPS":13085,"origin_county":"DEKALB","destination_county":"DAWSON"}},{"type":"LineString","arcs":[149],"properties":{"direction":"OtoD","ORIG_FIPS":13067,"DEST_FIPS":13013,"origin_county":"COBB","destination_county":"BARROW"}},{"type":"LineString","arcs":[150],"properties":{"direction":"OtoD","ORIG_FIPS":13015,"DEST_FIPS":13045,"origin_county":"BARTOW","destination_county":"CARROLL"}},{"type":"LineString","arcs":[151],"properties":{"direction":"OtoD","ORIG_FIPS":13247,"DEST_FIPS":13255,"origin_county":"ROCKDALE","destination_county":"SPALDING"}},{"type":"LineString","arcs":[152],"properties":{"direction":"OtoD","ORIG_FIPS":13223,"DEST_FIPS":13113,"origin_county":"PAULDING","destination_county":"FAYETTE"}},{"type":"LineString","arcs":[153],"properties":{"direction":"OtoD","ORIG_FIPS":13085,"DEST_FIPS":13089,"origin_county":"DAWSON","destination_county":"DEKALB"}},{"type":"LineString","arcs":[154],"properties":{"direction":"OtoD","ORIG_FIPS":13113,"DEST_FIPS":13223,"origin_county":"FAYETTE","destination_county":"PAULDING"}},{"type":"LineString","arcs":[155],"properties":{"direction":"OtoD","ORIG_FIPS":13255,"DEST_FIPS":13247,"origin_county":"SPALDING","destination_county":"ROCKDALE"}},{"type":"LineString","arcs":[156],"properties":{"direction":"OtoD","ORIG_FIPS":13045,"DEST_FIPS":13015,"origin_county":"CARROLL","destination_county":"BARTOW"}},{"type":"LineString","arcs":[157],"properties":{"direction":"OtoD","ORIG_FIPS":13135,"DEST_FIPS":13015,"origin_county":"GWINNETT","destination_county":"BARTOW"}},{"type":"LineString","arcs":[158],"properties":{"direction":"OtoD","ORIG_FIPS":13013,"DEST_FIPS":13067,"origin_county":"BARROW","destination_county":"COBB"}},{"type":"LineString","arcs":[159],"properties":{"direction":"OtoD","ORIG_FIPS":13015,"DEST_FIPS":13135,"origin_county":"BARTOW","destination_county":"GWINNETT"}},{"type":"LineString","arcs":[160],"properties":{"direction":"OtoD","ORIG_FIPS":13117,"DEST_FIPS":13297,"origin_county":"FORSYTH","destination_county":"WALTON"}},{"type":"LineString","arcs":[161],"properties":{"direction":"OtoD","ORIG_FIPS":13067,"DEST_FIPS":13297,"origin_county":"COBB","destination_county":"WALTON"}},{"type":"LineString","arcs":[162],"properties":{"direction":"OtoD","ORIG_FIPS":13063,"DEST_FIPS":13297,"origin_county":"CLAYTON","destination_county":"WALTON"}},{"type":"LineString","arcs":[163],"properties":{"direction":"OtoD","ORIG_FIPS":13063,"DEST_FIPS":13057,"origin_county":"CLAYTON","destination_county":"CHEROKEE"}},{"type":"LineString","arcs":[164],"properties":{"direction":"OtoD","ORIG_FIPS":13255,"DEST_FIPS":13217,"origin_county":"SPALDING","destination_county":"NEWTON"}},{"type":"LineString","arcs":[165],"properties":{"direction":"OtoD","ORIG_FIPS":13217,"DEST_FIPS":13255,"origin_county":"NEWTON","destination_county":"SPALDING"}},{"type":"LineString","arcs":[166],"properties":{"direction":"OtoD","ORIG_FIPS":13297,"DEST_FIPS":13063,"origin_county":"WALTON","destination_county":"CLAYTON"}},{"type":"LineString","arcs":[167],"properties":{"direction":"OtoD","ORIG_FIPS":13297,"DEST_FIPS":13117,"origin_county":"WALTON","destination_county":"FORSYTH"}},{"type":"LineString","arcs":[168],"properties":{"direction":"OtoD","ORIG_FIPS":13247,"DEST_FIPS":13013,"origin_county":"ROCKDALE","destination_county":"BARROW"}},{"type":"LineString","arcs":[169],"properties":{"direction":"OtoD","ORIG_FIPS":13297,"DEST_FIPS":13067,"origin_county":"WALTON","destination_county":"COBB"}},{"type":"LineString","arcs":[170],"properties":{"direction":"OtoD","ORIG_FIPS":13057,"DEST_FIPS":13063,"origin_county":"CHEROKEE","destination_county":"CLAYTON"}},{"type":"LineString","arcs":[171],"properties":{"direction":"OtoD","ORIG_FIPS":13067,"DEST_FIPS":13085,"origin_county":"COBB","destination_county":"DAWSON"}},{"type":"LineString","arcs":[172],"properties":{"direction":"OtoD","ORIG_FIPS":13085,"DEST_FIPS":13067,"origin_county":"DAWSON","destination_county":"COBB"}},{"type":"LineString","arcs":[173],"properties":{"direction":"OtoD","ORIG_FIPS":13151,"DEST_FIPS":13097,"origin_county":"HENRY","destination_county":"DOUGLAS"}},{"type":"LineString","arcs":[174],"properties":{"direction":"OtoD","ORIG_FIPS":13013,"DEST_FIPS":13247,"origin_county":"BARROW","destination_county":"ROCKDALE"}},{"type":"LineString","arcs":[175],"properties":{"direction":"OtoD","ORIG_FIPS":13015,"DEST_FIPS":13117,"origin_county":"BARTOW","destination_county":"FORSYTH"}},{"type":"LineString","arcs":[176],"properties":{"direction":"OtoD","ORIG_FIPS":13135,"DEST_FIPS":13113,"origin_county":"GWINNETT","destination_county":"FAYETTE"}},{"type":"LineString","arcs":[177],"properties":{"direction":"OtoD","ORIG_FIPS":13117,"DEST_FIPS":13015,"origin_county":"FORSYTH","destination_county":"BARTOW"}},{"type":"LineString","arcs":[178],"properties":{"direction":"OtoD","ORIG_FIPS":13057,"DEST_FIPS":13097,"origin_county":"CHEROKEE","destination_county":"DOUGLAS"}},{"type":"LineString","arcs":[179],"properties":{"direction":"OtoD","ORIG_FIPS":13217,"DEST_FIPS":13013,"origin_county":"NEWTON","destination_county":"BARROW"}},{"type":"LineString","arcs":[180],"properties":{"direction":"OtoD","ORIG_FIPS":13063,"DEST_FIPS":13045,"origin_county":"CLAYTON","destination_county":"CARROLL"}},{"type":"LineString","arcs":[181],"properties":{"direction":"OtoD","ORIG_FIPS":13097,"DEST_FIPS":13057,"origin_county":"DOUGLAS","destination_county":"CHEROKEE"}},{"type":"LineString","arcs":[182],"properties":{"direction":"OtoD","ORIG_FIPS":13013,"DEST_FIPS":13217,"origin_county":"BARROW","destination_county":"NEWTON"}},{"type":"LineString","arcs":[183],"properties":{"direction":"OtoD","ORIG_FIPS":13113,"DEST_FIPS":13135,"origin_county":"FAYETTE","destination_county":"GWINNETT"}},{"type":"LineString","arcs":[184],"properties":{"direction":"OtoD","ORIG_FIPS":13097,"DEST_FIPS":13151,"origin_county":"DOUGLAS","destination_county":"HENRY"}},{"type":"LineString","arcs":[185],"properties":{"direction":"OtoD","ORIG_FIPS":13045,"DEST_FIPS":13063,"origin_county":"CARROLL","destination_county":"CLAYTON"}},{"type":"LineString","arcs":[186],"properties":{"direction":"OtoD","ORIG_FIPS":13077,"DEST_FIPS":13223,"origin_county":"COWETA","destination_county":"PAULDING"}},{"type":"LineString","arcs":[187],"properties":{"direction":"OtoD","ORIG_FIPS":13097,"DEST_FIPS":13015,"origin_county":"DOUGLAS","destination_county":"BARTOW"}},{"type":"LineString","arcs":[188],"properties":{"direction":"OtoD","ORIG_FIPS":13015,"DEST_FIPS":13097,"origin_county":"BARTOW","destination_county":"DOUGLAS"}},{"type":"LineString","arcs":[189],"properties":{"direction":"OtoD","ORIG_FIPS":13067,"DEST_FIPS":13217,"origin_county":"COBB","destination_county":"NEWTON"}},{"type":"LineString","arcs":[190],"properties":{"direction":"OtoD","ORIG_FIPS":13223,"DEST_FIPS":13077,"origin_county":"PAULDING","destination_county":"COWETA"}},{"type":"LineString","arcs":[191],"properties":{"direction":"OtoD","ORIG_FIPS":13297,"DEST_FIPS":13139,"origin_county":"WALTON","destination_county":"HALL"}},{"type":"LineString","arcs":[192],"properties":{"direction":"OtoD","ORIG_FIPS":13139,"DEST_FIPS":13297,"origin_county":"HALL","destination_county":"WALTON"}},{"type":"LineString","arcs":[193],"properties":{"direction":"OtoD","ORIG_FIPS":13217,"DEST_FIPS":13067,"origin_county":"NEWTON","destination_county":"COBB"}},{"type":"LineString","arcs":[194],"properties":{"direction":"OtoD","ORIG_FIPS":13067,"DEST_FIPS":13139,"origin_county":"COBB","destination_county":"HALL"}},{"type":"LineString","arcs":[195],"properties":{"direction":"OtoD","ORIG_FIPS":13063,"DEST_FIPS":13223,"origin_county":"CLAYTON","destination_county":"PAULDING"}},{"type":"LineString","arcs":[196],"properties":{"direction":"OtoD","ORIG_FIPS":13139,"DEST_FIPS":13067,"origin_county":"HALL","destination_county":"COBB"}},{"type":"LineString","arcs":[197],"properties":{"direction":"OtoD","ORIG_FIPS":13223,"DEST_FIPS":13063,"origin_county":"PAULDING","destination_county":"CLAYTON"}},{"type":"LineString","arcs":[198],"properties":{"direction":"OtoD","ORIG_FIPS":13045,"DEST_FIPS":13113,"origin_county":"CARROLL","destination_county":"FAYETTE"}},{"type":"LineString","arcs":[199],"properties":{"direction":"OtoD","ORIG_FIPS":13139,"DEST_FIPS":13057,"origin_county":"HALL","destination_county":"CHEROKEE"}},{"type":"LineString","arcs":[200],"properties":{"direction":"OtoD","ORIG_FIPS":13113,"DEST_FIPS":13045,"origin_county":"FAYETTE","destination_county":"CARROLL"}},{"type":"LineString","arcs":[201],"properties":{"direction":"OtoD","ORIG_FIPS":13135,"DEST_FIPS":13097,"origin_county":"GWINNETT","destination_county":"DOUGLAS"}},{"type":"LineString","arcs":[202],"properties":{"direction":"OtoD","ORIG_FIPS":13135,"DEST_FIPS":13223,"origin_county":"GWINNETT","destination_county":"PAULDING"}},{"type":"LineString","arcs":[203],"properties":{"direction":"OtoD","ORIG_FIPS":13117,"DEST_FIPS":13013,"origin_county":"FORSYTH","destination_county":"BARROW"}},{"type":"LineString","arcs":[204],"properties":{"direction":"OtoD","ORIG_FIPS":13089,"DEST_FIPS":13045,"origin_county":"DEKALB","destination_county":"CARROLL"}},{"type":"LineString","arcs":[205],"properties":{"direction":"OtoD","ORIG_FIPS":13057,"DEST_FIPS":13139,"origin_county":"CHEROKEE","destination_county":"HALL"}},{"type":"LineString","arcs":[206],"properties":{"direction":"OtoD","ORIG_FIPS":13045,"DEST_FIPS":13089,"origin_county":"CARROLL","destination_county":"DEKALB"}},{"type":"LineString","arcs":[207],"properties":{"direction":"OtoD","ORIG_FIPS":13223,"DEST_FIPS":13135,"origin_county":"PAULDING","destination_county":"GWINNETT"}},{"type":"LineString","arcs":[208],"properties":{"direction":"OtoD","ORIG_FIPS":13089,"DEST_FIPS":13015,"origin_county":"DEKALB","destination_county":"BARTOW"}},{"type":"LineString","arcs":[209],"properties":{"direction":"OtoD","ORIG_FIPS":13255,"DEST_FIPS":13089,"origin_county":"SPALDING","destination_county":"DEKALB"}},{"type":"LineString","arcs":[210],"properties":{"direction":"OtoD","ORIG_FIPS":13089,"DEST_FIPS":13255,"origin_county":"DEKALB","destination_county":"SPALDING"}},{"type":"LineString","arcs":[211],"properties":{"direction":"OtoD","ORIG_FIPS":13297,"DEST_FIPS":13151,"origin_county":"WALTON","destination_county":"HENRY"}},{"type":"LineString","arcs":[212],"properties":{"direction":"OtoD","ORIG_FIPS":13013,"DEST_FIPS":13117,"origin_county":"BARROW","destination_county":"FORSYTH"}},{"type":"LineString","arcs":[213],"properties":{"direction":"OtoD","ORIG_FIPS":13151,"DEST_FIPS":13297,"origin_county":"HENRY","destination_county":"WALTON"}},{"type":"LineString","arcs":[214],"properties":{"direction":"OtoD","ORIG_FIPS":13097,"DEST_FIPS":13135,"origin_county":"DOUGLAS","destination_county":"GWINNETT"}},{"type":"LineString","arcs":[215],"properties":{"direction":"OtoD","ORIG_FIPS":13015,"DEST_FIPS":13089,"origin_county":"BARTOW","destination_county":"DEKALB"}},{"type":"LineString","arcs":[216],"properties":{"direction":"OtoD","ORIG_FIPS":13067,"DEST_FIPS":13247,"origin_county":"COBB","destination_county":"ROCKDALE"}},{"type":"LineString","arcs":[217],"properties":{"direction":"OtoD","ORIG_FIPS":13151,"DEST_FIPS":13077,"origin_county":"HENRY","destination_county":"COWETA"}},{"type":"LineString","arcs":[218],"properties":{"direction":"OtoD","ORIG_FIPS":13247,"DEST_FIPS":13067,"origin_county":"ROCKDALE","destination_county":"COBB"}},{"type":"LineString","arcs":[219],"properties":{"direction":"OtoD","ORIG_FIPS":13057,"DEST_FIPS":13085,"origin_county":"CHEROKEE","destination_county":"DAWSON"}},{"type":"LineString","arcs":[220],"properties":{"direction":"OtoD","ORIG_FIPS":13085,"DEST_FIPS":13057,"origin_county":"DAWSON","destination_county":"CHEROKEE"}},{"type":"LineString","arcs":[221],"properties":{"direction":"OtoD","ORIG_FIPS":13077,"DEST_FIPS":13151,"origin_county":"COWETA","destination_county":"HENRY"}},{"type":"LineString","arcs":[222],"properties":{"direction":"OtoD","ORIG_FIPS":13135,"DEST_FIPS":13085,"origin_county":"GWINNETT","destination_county":"DAWSON"}},{"type":"LineString","arcs":[223],"properties":{"direction":"OtoD","ORIG_FIPS":13085,"DEST_FIPS":13135,"origin_county":"DAWSON","destination_county":"GWINNETT"}},{"type":"LineString","arcs":[224],"properties":{"direction":"OtoD","ORIG_FIPS":13113,"DEST_FIPS":13097,"origin_county":"FAYETTE","destination_county":"DOUGLAS"}},{"type":"LineString","arcs":[225],"properties":{"direction":"OtoD","ORIG_FIPS":13097,"DEST_FIPS":13113,"origin_county":"DOUGLAS","destination_county":"FAYETTE"}},{"type":"LineString","arcs":[226],"properties":{"direction":"OtoD","ORIG_FIPS":13063,"DEST_FIPS":13217,"origin_county":"CLAYTON","destination_county":"NEWTON"}},{"type":"LineString","arcs":[227],"properties":{"direction":"OtoD","ORIG_FIPS":13217,"DEST_FIPS":13063,"origin_county":"NEWTON","destination_county":"CLAYTON"}},{"type":"LineString","arcs":[228],"properties":{"direction":"OtoD","ORIG_FIPS":13089,"DEST_FIPS":13077,"origin_county":"DEKALB","destination_county":"COWETA"}},{"type":"LineString","arcs":[229],"properties":{"direction":"OtoD","ORIG_FIPS":13121,"DEST_FIPS":13013,"origin_county":"FULTON","destination_county":"BARROW"}},{"type":"LineString","arcs":[230],"properties":{"direction":"OtoD","ORIG_FIPS":13067,"DEST_FIPS":13077,"origin_county":"COBB","destination_county":"COWETA"}},{"type":"LineString","arcs":[231],"properties":{"direction":"OtoD","ORIG_FIPS":13077,"DEST_FIPS":13089,"origin_county":"COWETA","destination_county":"DEKALB"}},{"type":"LineString","arcs":[232],"properties":{"direction":"OtoD","ORIG_FIPS":13077,"DEST_FIPS":13067,"origin_county":"COWETA","destination_county":"COBB"}},{"type":"LineString","arcs":[233],"properties":{"direction":"OtoD","ORIG_FIPS":13121,"DEST_FIPS":13085,"origin_county":"FULTON","destination_county":"DAWSON"}},{"type":"LineString","arcs":[234],"properties":{"direction":"OtoD","ORIG_FIPS":13255,"DEST_FIPS":13077,"origin_county":"SPALDING","destination_county":"COWETA"}},{"type":"LineString","arcs":[235],"properties":{"direction":"OtoD","ORIG_FIPS":13085,"DEST_FIPS":13121,"origin_county":"DAWSON","destination_county":"FULTON"}},{"type":"LineString","arcs":[236],"properties":{"direction":"OtoD","ORIG_FIPS":13077,"DEST_FIPS":13255,"origin_county":"COWETA","destination_county":"SPALDING"}},{"type":"LineString","arcs":[237],"properties":{"direction":"OtoD","ORIG_FIPS":13089,"DEST_FIPS":13013,"origin_county":"DEKALB","destination_county":"BARROW"}},{"type":"LineString","arcs":[238],"properties":{"direction":"OtoD","ORIG_FIPS":13121,"DEST_FIPS":13255,"origin_county":"FULTON","destination_county":"SPALDING"}},{"type":"LineString","arcs":[239],"properties":{"direction":"OtoD","ORIG_FIPS":13013,"DEST_FIPS":13121,"origin_county":"BARROW","destination_county":"FULTON"}},{"type":"LineString","arcs":[240],"properties":{"direction":"OtoD","ORIG_FIPS":13013,"DEST_FIPS":13089,"origin_county":"BARROW","destination_county":"DEKALB"}},{"type":"LineString","arcs":[241],"properties":{"direction":"OtoD","ORIG_FIPS":13067,"DEST_FIPS":13113,"origin_county":"COBB","destination_county":"FAYETTE"}},{"type":"LineString","arcs":[242],"properties":{"direction":"OtoD","ORIG_FIPS":13089,"DEST_FIPS":13139,"origin_county":"DEKALB","destination_county":"HALL"}},{"type":"LineString","arcs":[243],"properties":{"direction":"OtoD","ORIG_FIPS":13067,"DEST_FIPS":13151,"origin_county":"COBB","destination_county":"HENRY"}},{"type":"LineString","arcs":[244],"properties":{"direction":"OtoD","ORIG_FIPS":13255,"DEST_FIPS":13121,"origin_county":"SPALDING","destination_county":"FULTON"}},{"type":"LineString","arcs":[245],"properties":{"direction":"OtoD","ORIG_FIPS":13113,"DEST_FIPS":13067,"origin_county":"FAYETTE","destination_county":"COBB"}},{"type":"LineString","arcs":[246],"properties":{"direction":"OtoD","ORIG_FIPS":13139,"DEST_FIPS":13089,"origin_county":"HALL","destination_county":"DEKALB"}},{"type":"LineString","arcs":[247],"properties":{"direction":"OtoD","ORIG_FIPS":13151,"DEST_FIPS":13067,"origin_county":"HENRY","destination_county":"COBB"}},{"type":"LineString","arcs":[248],"properties":{"direction":"OtoD","ORIG_FIPS":13063,"DEST_FIPS":13097,"origin_county":"CLAYTON","destination_county":"DOUGLAS"}},{"type":"LineString","arcs":[249],"properties":{"direction":"OtoD","ORIG_FIPS":13097,"DEST_FIPS":13063,"origin_county":"DOUGLAS","destination_county":"CLAYTON"}},{"type":"LineString","arcs":[250],"properties":{"direction":"OtoD","ORIG_FIPS":13121,"DEST_FIPS":13297,"origin_county":"FULTON","destination_county":"WALTON"}},{"type":"LineString","arcs":[251],"properties":{"direction":"OtoD","ORIG_FIPS":13063,"DEST_FIPS":13247,"origin_county":"CLAYTON","destination_county":"ROCKDALE"}},{"type":"LineString","arcs":[252],"properties":{"direction":"OtoD","ORIG_FIPS":13089,"DEST_FIPS":13223,"origin_county":"DEKALB","destination_county":"PAULDING"}},{"type":"LineString","arcs":[253],"properties":{"direction":"OtoD","ORIG_FIPS":13247,"DEST_FIPS":13063,"origin_county":"ROCKDALE","destination_county":"CLAYTON"}},{"type":"LineString","arcs":[254],"properties":{"direction":"OtoD","ORIG_FIPS":13297,"DEST_FIPS":13121,"origin_county":"WALTON","destination_county":"FULTON"}},{"type":"LineString","arcs":[255],"properties":{"direction":"OtoD","ORIG_FIPS":13223,"DEST_FIPS":13089,"origin_county":"PAULDING","destination_county":"DEKALB"}},{"type":"LineString","arcs":[256],"properties":{"direction":"OtoD","ORIG_FIPS":13097,"DEST_FIPS":13077,"origin_county":"DOUGLAS","destination_county":"COWETA"}},{"type":"LineString","arcs":[257],"properties":{"direction":"OtoD","ORIG_FIPS":13077,"DEST_FIPS":13097,"origin_county":"COWETA","destination_county":"DOUGLAS"}},{"type":"LineString","arcs":[258],"properties":{"direction":"OtoD","ORIG_FIPS":13057,"DEST_FIPS":13223,"origin_county":"CHEROKEE","destination_county":"PAULDING"}},{"type":"LineString","arcs":[259],"properties":{"direction":"OtoD","ORIG_FIPS":13089,"DEST_FIPS":13113,"origin_county":"DEKALB","destination_county":"FAYETTE"}},{"type":"LineString","arcs":[260],"properties":{"direction":"OtoD","ORIG_FIPS":13113,"DEST_FIPS":13089,"origin_county":"FAYETTE","destination_county":"DEKALB"}},{"type":"LineString","arcs":[261],"properties":{"direction":"OtoD","ORIG_FIPS":13223,"DEST_FIPS":13057,"origin_county":"PAULDING","destination_county":"CHEROKEE"}},{"type":"LineString","arcs":[262],"properties":{"direction":"OtoD","ORIG_FIPS":13135,"DEST_FIPS":13151,"origin_county":"GWINNETT","destination_county":"HENRY"}},{"type":"LineString","arcs":[263],"properties":{"direction":"OtoD","ORIG_FIPS":13151,"DEST_FIPS":13135,"origin_county":"HENRY","destination_county":"GWINNETT"}},{"type":"LineString","arcs":[264],"properties":{"direction":"OtoD","ORIG_FIPS":13121,"DEST_FIPS":13015,"origin_county":"FULTON","destination_county":"BARTOW"}},{"type":"LineString","arcs":[265],"properties":{"direction":"OtoD","ORIG_FIPS":13121,"DEST_FIPS":13217,"origin_county":"FULTON","destination_county":"NEWTON"}},{"type":"LineString","arcs":[266],"properties":{"direction":"OtoD","ORIG_FIPS":13015,"DEST_FIPS":13121,"origin_county":"BARTOW","destination_county":"FULTON"}},{"type":"LineString","arcs":[267],"properties":{"direction":"OtoD","ORIG_FIPS":13139,"DEST_FIPS":13085,"origin_county":"HALL","destination_county":"DAWSON"}},{"type":"LineString","arcs":[268],"properties":{"direction":"OtoD","ORIG_FIPS":13067,"DEST_FIPS":13045,"origin_county":"COBB","destination_county":"CARROLL"}},{"type":"LineString","arcs":[269],"properties":{"direction":"OtoD","ORIG_FIPS":13045,"DEST_FIPS":13067,"origin_county":"CARROLL","destination_county":"COBB"}},{"type":"LineString","arcs":[270],"properties":{"direction":"OtoD","ORIG_FIPS":13135,"DEST_FIPS":13063,"origin_county":"GWINNETT","destination_county":"CLAYTON"}},{"type":"LineString","arcs":[271],"properties":{"direction":"OtoD","ORIG_FIPS":13063,"DEST_FIPS":13135,"origin_county":"CLAYTON","destination_county":"GWINNETT"}},{"type":"LineString","arcs":[272],"properties":{"direction":"OtoD","ORIG_FIPS":13085,"DEST_FIPS":13139,"origin_county":"DAWSON","destination_county":"HALL"}},{"type":"LineString","arcs":[273],"properties":{"direction":"OtoD","ORIG_FIPS":13217,"DEST_FIPS":13121,"origin_county":"NEWTON","destination_county":"FULTON"}},{"type":"LineString","arcs":[274],"properties":{"direction":"OtoD","ORIG_FIPS":13089,"DEST_FIPS":13097,"origin_county":"DEKALB","destination_county":"DOUGLAS"}},{"type":"LineString","arcs":[275],"properties":{"direction":"OtoD","ORIG_FIPS":13063,"DEST_FIPS":13077,"origin_county":"CLAYTON","destination_county":"COWETA"}},{"type":"LineString","arcs":[276],"properties":{"direction":"OtoD","ORIG_FIPS":13121,"DEST_FIPS":13139,"origin_county":"FULTON","destination_county":"HALL"}},{"type":"LineString","arcs":[277],"properties":{"direction":"OtoD","ORIG_FIPS":13077,"DEST_FIPS":13063,"origin_county":"COWETA","destination_county":"CLAYTON"}},{"type":"LineString","arcs":[278],"properties":{"direction":"OtoD","ORIG_FIPS":13089,"DEST_FIPS":13057,"origin_county":"DEKALB","destination_county":"CHEROKEE"}},{"type":"LineString","arcs":[279],"properties":{"direction":"OtoD","ORIG_FIPS":13139,"DEST_FIPS":13121,"origin_county":"HALL","destination_county":"FULTON"}},{"type":"LineString","arcs":[280],"properties":{"direction":"OtoD","ORIG_FIPS":13097,"DEST_FIPS":13089,"origin_county":"DOUGLAS","destination_county":"DEKALB"}},{"type":"LineString","arcs":[281],"properties":{"direction":"OtoD","ORIG_FIPS":13057,"DEST_FIPS":13089,"origin_county":"CHEROKEE","destination_county":"DEKALB"}},{"type":"LineString","arcs":[282],"properties":{"direction":"OtoD","ORIG_FIPS":13113,"DEST_FIPS":13255,"origin_county":"FAYETTE","destination_county":"SPALDING"}},{"type":"LineString","arcs":[283],"properties":{"direction":"OtoD","ORIG_FIPS":13135,"DEST_FIPS":13217,"origin_county":"GWINNETT","destination_county":"NEWTON"}},{"type":"LineString","arcs":[284],"properties":{"direction":"OtoD","ORIG_FIPS":13255,"DEST_FIPS":13113,"origin_county":"SPALDING","destination_county":"FAYETTE"}},{"type":"LineString","arcs":[285],"properties":{"direction":"OtoD","ORIG_FIPS":13255,"DEST_FIPS":13063,"origin_county":"SPALDING","destination_county":"CLAYTON"}},{"type":"LineString","arcs":[286],"properties":{"direction":"OtoD","ORIG_FIPS":13063,"DEST_FIPS":13255,"origin_county":"CLAYTON","destination_county":"SPALDING"}},{"type":"LineString","arcs":[287],"properties":{"direction":"OtoD","ORIG_FIPS":13077,"DEST_FIPS":13045,"origin_county":"COWETA","destination_county":"CARROLL"}},{"type":"LineString","arcs":[288],"properties":{"direction":"OtoD","ORIG_FIPS":13121,"DEST_FIPS":13045,"origin_county":"FULTON","destination_county":"CARROLL"}},{"type":"LineString","arcs":[289],"properties":{"direction":"OtoD","ORIG_FIPS":13045,"DEST_FIPS":13077,"origin_county":"CARROLL","destination_county":"COWETA"}},{"type":"LineString","arcs":[290],"properties":{"direction":"OtoD","ORIG_FIPS":13217,"DEST_FIPS":13135,"origin_county":"NEWTON","destination_county":"GWINNETT"}},{"type":"LineString","arcs":[291],"properties":{"direction":"OtoD","ORIG_FIPS":13045,"DEST_FIPS":13121,"origin_county":"CARROLL","destination_county":"FULTON"}},{"type":"LineString","arcs":[292],"properties":{"direction":"OtoD","ORIG_FIPS":13139,"DEST_FIPS":13013,"origin_county":"HALL","destination_county":"BARROW"}},{"type":"LineString","arcs":[293],"properties":{"direction":"OtoD","ORIG_FIPS":13297,"DEST_FIPS":13247,"origin_county":"WALTON","destination_county":"ROCKDALE"}},{"type":"LineString","arcs":[294],"properties":{"direction":"OtoD","ORIG_FIPS":13247,"DEST_FIPS":13297,"origin_county":"ROCKDALE","destination_county":"WALTON"}},{"type":"LineString","arcs":[295],"properties":{"direction":"OtoD","ORIG_FIPS":13013,"DEST_FIPS":13139,"origin_county":"BARROW","destination_county":"HALL"}},{"type":"LineString","arcs":[296],"properties":{"direction":"OtoD","ORIG_FIPS":13089,"DEST_FIPS":13297,"origin_county":"DEKALB","destination_county":"WALTON"}},{"type":"LineString","arcs":[297],"properties":{"direction":"OtoD","ORIG_FIPS":13135,"DEST_FIPS":13057,"origin_county":"GWINNETT","destination_county":"CHEROKEE"}},{"type":"LineString","arcs":[298],"properties":{"direction":"OtoD","ORIG_FIPS":13297,"DEST_FIPS":13089,"origin_county":"WALTON","destination_county":"DEKALB"}},{"type":"LineString","arcs":[299],"properties":{"direction":"OtoD","ORIG_FIPS":13057,"DEST_FIPS":13135,"origin_county":"CHEROKEE","destination_county":"GWINNETT"}},{"type":"LineString","arcs":[300],"properties":{"direction":"OtoD","ORIG_FIPS":13121,"DEST_FIPS":13247,"origin_county":"FULTON","destination_county":"ROCKDALE"}},{"type":"LineString","arcs":[301],"properties":{"direction":"OtoD","ORIG_FIPS":13247,"DEST_FIPS":13121,"origin_county":"ROCKDALE","destination_county":"FULTON"}},{"type":"LineString","arcs":[302],"properties":{"direction":"OtoD","ORIG_FIPS":13113,"DEST_FIPS":13151,"origin_county":"FAYETTE","destination_county":"HENRY"}},{"type":"LineString","arcs":[303],"properties":{"direction":"OtoD","ORIG_FIPS":13067,"DEST_FIPS":13117,"origin_county":"COBB","destination_county":"FORSYTH"}},{"type":"LineString","arcs":[304],"properties":{"direction":"OtoD","ORIG_FIPS":13151,"DEST_FIPS":13113,"origin_county":"HENRY","destination_county":"FAYETTE"}},{"type":"LineString","arcs":[305],"properties":{"direction":"OtoD","ORIG_FIPS":13089,"DEST_FIPS":13117,"origin_county":"DEKALB","destination_county":"FORSYTH"}},{"type":"LineString","arcs":[306],"properties":{"direction":"OtoD","ORIG_FIPS":13117,"DEST_FIPS":13067,"origin_county":"FORSYTH","destination_county":"COBB"}},{"type":"LineString","arcs":[307],"properties":{"direction":"OtoD","ORIG_FIPS":13117,"DEST_FIPS":13089,"origin_county":"FORSYTH","destination_county":"DEKALB"}},{"type":"LineString","arcs":[308],"properties":{"direction":"OtoD","ORIG_FIPS":13223,"DEST_FIPS":13015,"origin_county":"PAULDING","destination_county":"BARTOW"}},{"type":"LineString","arcs":[309],"properties":{"direction":"OtoD","ORIG_FIPS":13015,"DEST_FIPS":13223,"origin_county":"BARTOW","destination_county":"PAULDING"}},{"type":"LineString","arcs":[310],"properties":{"direction":"OtoD","ORIG_FIPS":13067,"DEST_FIPS":13063,"origin_county":"COBB","destination_county":"CLAYTON"}},{"type":"LineString","arcs":[311],"properties":{"direction":"OtoD","ORIG_FIPS":13063,"DEST_FIPS":13067,"origin_county":"CLAYTON","destination_county":"COBB"}},{"type":"LineString","arcs":[312],"properties":{"direction":"OtoD","ORIG_FIPS":13217,"DEST_FIPS":13089,"origin_county":"NEWTON","destination_county":"DEKALB"}},{"type":"LineString","arcs":[313],"properties":{"direction":"OtoD","ORIG_FIPS":13089,"DEST_FIPS":13217,"origin_county":"DEKALB","destination_county":"NEWTON"}},{"type":"LineString","arcs":[314],"properties":{"direction":"OtoD","ORIG_FIPS":13297,"DEST_FIPS":13013,"origin_county":"WALTON","destination_county":"BARROW"}},{"type":"LineString","arcs":[315],"properties":{"direction":"OtoD","ORIG_FIPS":13013,"DEST_FIPS":13297,"origin_county":"BARROW","destination_county":"WALTON"}},{"type":"LineString","arcs":[316],"properties":{"direction":"OtoD","ORIG_FIPS":13297,"DEST_FIPS":13217,"origin_county":"WALTON","destination_county":"NEWTON"}},{"type":"LineString","arcs":[317],"properties":{"direction":"OtoD","ORIG_FIPS":13217,"DEST_FIPS":13297,"origin_county":"NEWTON","destination_county":"WALTON"}},{"type":"LineString","arcs":[318],"properties":{"direction":"OtoD","ORIG_FIPS":13045,"DEST_FIPS":13223,"origin_county":"CARROLL","destination_county":"PAULDING"}},{"type":"LineString","arcs":[319],"properties":{"direction":"OtoD","ORIG_FIPS":13223,"DEST_FIPS":13045,"origin_county":"PAULDING","destination_county":"CARROLL"}},{"type":"LineString","arcs":[320],"properties":{"direction":"OtoD","ORIG_FIPS":13015,"DEST_FIPS":13057,"origin_county":"BARTOW","destination_county":"CHEROKEE"}},{"type":"LineString","arcs":[321],"properties":{"direction":"OtoD","ORIG_FIPS":13057,"DEST_FIPS":13015,"origin_county":"CHEROKEE","destination_county":"BARTOW"}},{"type":"LineString","arcs":[322],"properties":{"direction":"OtoD","ORIG_FIPS":13151,"DEST_FIPS":13217,"origin_county":"HENRY","destination_county":"NEWTON"}},{"type":"LineString","arcs":[323],"properties":{"direction":"OtoD","ORIG_FIPS":13217,"DEST_FIPS":13151,"origin_county":"NEWTON","destination_county":"HENRY"}},{"type":"LineString","arcs":[324],"properties":{"direction":"OtoD","ORIG_FIPS":13121,"DEST_FIPS":13223,"origin_county":"FULTON","destination_county":"PAULDING"}},{"type":"LineString","arcs":[325],"properties":{"direction":"OtoD","ORIG_FIPS":13151,"DEST_FIPS":13247,"origin_county":"HENRY","destination_county":"ROCKDALE"}},{"type":"LineString","arcs":[326],"properties":{"direction":"OtoD","ORIG_FIPS":13247,"DEST_FIPS":13151,"origin_county":"ROCKDALE","destination_county":"HENRY"}},{"type":"LineString","arcs":[327],"properties":{"direction":"OtoD","ORIG_FIPS":13247,"DEST_FIPS":13135,"origin_county":"ROCKDALE","destination_county":"GWINNETT"}},{"type":"LineString","arcs":[328],"properties":{"direction":"OtoD","ORIG_FIPS":13135,"DEST_FIPS":13247,"origin_county":"GWINNETT","destination_county":"ROCKDALE"}},{"type":"LineString","arcs":[329],"properties":{"direction":"OtoD","ORIG_FIPS":13223,"DEST_FIPS":13121,"origin_county":"PAULDING","destination_county":"FULTON"}},{"type":"LineString","arcs":[330],"properties":{"direction":"OtoD","ORIG_FIPS":13085,"DEST_FIPS":13117,"origin_county":"DAWSON","destination_county":"FORSYTH"}},{"type":"LineString","arcs":[331],"properties":{"direction":"OtoD","ORIG_FIPS":13117,"DEST_FIPS":13085,"origin_county":"FORSYTH","destination_county":"DAWSON"}},{"type":"LineString","arcs":[332],"properties":{"direction":"OtoD","ORIG_FIPS":13255,"DEST_FIPS":13151,"origin_county":"SPALDING","destination_county":"HENRY"}},{"type":"LineString","arcs":[333],"properties":{"direction":"OtoD","ORIG_FIPS":13151,"DEST_FIPS":13255,"origin_county":"HENRY","destination_county":"SPALDING"}},{"type":"LineString","arcs":[334],"properties":{"direction":"OtoD","ORIG_FIPS":13117,"DEST_FIPS":13139,"origin_county":"FORSYTH","destination_county":"HALL"}},{"type":"LineString","arcs":[335],"properties":{"direction":"OtoD","ORIG_FIPS":13139,"DEST_FIPS":13117,"origin_county":"HALL","destination_county":"FORSYTH"}},{"type":"LineString","arcs":[336],"properties":{"direction":"OtoD","ORIG_FIPS":13117,"DEST_FIPS":13057,"origin_county":"FORSYTH","destination_county":"CHEROKEE"}},{"type":"LineString","arcs":[337],"properties":{"direction":"OtoD","ORIG_FIPS":13057,"DEST_FIPS":13117,"origin_county":"CHEROKEE","destination_county":"FORSYTH"}},{"type":"LineString","arcs":[338],"properties":{"direction":"OtoD","ORIG_FIPS":13077,"DEST_FIPS":13121,"origin_county":"COWETA","destination_county":"FULTON"}},{"type":"LineString","arcs":[339],"properties":{"direction":"OtoD","ORIG_FIPS":13045,"DEST_FIPS":13097,"origin_county":"CARROLL","destination_county":"DOUGLAS"}},{"type":"LineString","arcs":[340],"properties":{"direction":"OtoD","ORIG_FIPS":13121,"DEST_FIPS":13077,"origin_county":"FULTON","destination_county":"COWETA"}},{"type":"LineString","arcs":[341],"properties":{"direction":"OtoD","ORIG_FIPS":13097,"DEST_FIPS":13045,"origin_county":"DOUGLAS","destination_county":"CARROLL"}},{"type":"LineString","arcs":[342],"properties":{"direction":"OtoD","ORIG_FIPS":13067,"DEST_FIPS":13135,"origin_county":"COBB","destination_county":"GWINNETT"}},{"type":"LineString","arcs":[343],"properties":{"direction":"OtoD","ORIG_FIPS":13135,"DEST_FIPS":13067,"origin_county":"GWINNETT","destination_county":"COBB"}},{"type":"LineString","arcs":[344],"properties":{"direction":"OtoD","ORIG_FIPS":13121,"DEST_FIPS":13151,"origin_county":"FULTON","destination_county":"HENRY"}},{"type":"LineString","arcs":[345],"properties":{"direction":"OtoD","ORIG_FIPS":13151,"DEST_FIPS":13121,"origin_county":"HENRY","destination_county":"FULTON"}},{"type":"LineString","arcs":[346],"properties":{"direction":"OtoD","ORIG_FIPS":13223,"DEST_FIPS":13097,"origin_county":"PAULDING","destination_county":"DOUGLAS"}},{"type":"LineString","arcs":[347],"properties":{"direction":"OtoD","ORIG_FIPS":13015,"DEST_FIPS":13067,"origin_county":"BARTOW","destination_county":"COBB"}},{"type":"LineString","arcs":[348],"properties":{"direction":"OtoD","ORIG_FIPS":13097,"DEST_FIPS":13223,"origin_county":"DOUGLAS","destination_county":"PAULDING"}},{"type":"LineString","arcs":[349],"properties":{"direction":"OtoD","ORIG_FIPS":13067,"DEST_FIPS":13015,"origin_county":"COBB","destination_county":"BARTOW"}},{"type":"LineString","arcs":[350],"properties":{"direction":"OtoD","ORIG_FIPS":13151,"DEST_FIPS":13089,"origin_county":"HENRY","destination_county":"DEKALB"}},{"type":"LineString","arcs":[351],"properties":{"direction":"OtoD","ORIG_FIPS":13089,"DEST_FIPS":13151,"origin_county":"DEKALB","destination_county":"HENRY"}},{"type":"LineString","arcs":[352],"properties":{"direction":"OtoD","ORIG_FIPS":13121,"DEST_FIPS":13113,"origin_county":"FULTON","destination_county":"FAYETTE"}},{"type":"LineString","arcs":[353],"properties":{"direction":"OtoD","ORIG_FIPS":13113,"DEST_FIPS":13121,"origin_county":"FAYETTE","destination_county":"FULTON"}},{"type":"LineString","arcs":[354],"properties":{"direction":"OtoD","ORIG_FIPS":13077,"DEST_FIPS":13113,"origin_county":"COWETA","destination_county":"FAYETTE"}},{"type":"LineString","arcs":[355],"properties":{"direction":"OtoD","ORIG_FIPS":13247,"DEST_FIPS":13089,"origin_county":"ROCKDALE","destination_county":"DEKALB"}},{"type":"LineString","arcs":[356],"properties":{"direction":"OtoD","ORIG_FIPS":13113,"DEST_FIPS":13077,"origin_county":"FAYETTE","destination_county":"COWETA"}},{"type":"LineString","arcs":[357],"properties":{"direction":"OtoD","ORIG_FIPS":13089,"DEST_FIPS":13247,"origin_county":"DEKALB","destination_county":"ROCKDALE"}},{"type":"LineString","arcs":[358],"properties":{"direction":"OtoD","ORIG_FIPS":13217,"DEST_FIPS":13247,"origin_county":"NEWTON","destination_county":"ROCKDALE"}},{"type":"LineString","arcs":[359],"properties":{"direction":"OtoD","ORIG_FIPS":13247,"DEST_FIPS":13217,"origin_county":"ROCKDALE","destination_county":"NEWTON"}},{"type":"LineString","arcs":[360],"properties":{"direction":"OtoD","ORIG_FIPS":13097,"DEST_FIPS":13121,"origin_county":"DOUGLAS","destination_county":"FULTON"}},{"type":"LineString","arcs":[361],"properties":{"direction":"OtoD","ORIG_FIPS":13121,"DEST_FIPS":13097,"origin_county":"FULTON","destination_county":"DOUGLAS"}},{"type":"LineString","arcs":[362],"properties":{"direction":"OtoD","ORIG_FIPS":13013,"DEST_FIPS":13135,"origin_county":"BARROW","destination_county":"GWINNETT"}},{"type":"LineString","arcs":[363],"properties":{"direction":"OtoD","ORIG_FIPS":13135,"DEST_FIPS":13013,"origin_county":"GWINNETT","destination_county":"BARROW"}},{"type":"LineString","arcs":[364],"properties":{"direction":"OtoD","ORIG_FIPS":13113,"DEST_FIPS":13063,"origin_county":"FAYETTE","destination_county":"CLAYTON"}},{"type":"LineString","arcs":[365],"properties":{"direction":"OtoD","ORIG_FIPS":13063,"DEST_FIPS":13113,"origin_county":"CLAYTON","destination_county":"FAYETTE"}},{"type":"LineString","arcs":[366],"properties":{"direction":"OtoD","ORIG_FIPS":13063,"DEST_FIPS":13089,"origin_county":"CLAYTON","destination_county":"DEKALB"}},{"type":"LineString","arcs":[367],"properties":{"direction":"OtoD","ORIG_FIPS":13089,"DEST_FIPS":13063,"origin_county":"DEKALB","destination_county":"CLAYTON"}},{"type":"LineString","arcs":[368],"properties":{"direction":"OtoD","ORIG_FIPS":13297,"DEST_FIPS":13135,"origin_county":"WALTON","destination_county":"GWINNETT"}},{"type":"LineString","arcs":[369],"properties":{"direction":"OtoD","ORIG_FIPS":13135,"DEST_FIPS":13297,"origin_county":"GWINNETT","destination_county":"WALTON"}},{"type":"LineString","arcs":[370],"properties":{"direction":"OtoD","ORIG_FIPS":13089,"DEST_FIPS":13067,"origin_county":"DEKALB","destination_county":"COBB"}},{"type":"LineString","arcs":[371],"properties":{"direction":"OtoD","ORIG_FIPS":13121,"DEST_FIPS":13057,"origin_county":"FULTON","destination_county":"CHEROKEE"}},{"type":"LineString","arcs":[372],"properties":{"direction":"OtoD","ORIG_FIPS":13057,"DEST_FIPS":13121,"origin_county":"CHEROKEE","destination_county":"FULTON"}},{"type":"LineString","arcs":[373],"properties":{"direction":"OtoD","ORIG_FIPS":13067,"DEST_FIPS":13089,"origin_county":"COBB","destination_county":"DEKALB"}},{"type":"LineString","arcs":[374],"properties":{"direction":"OtoD","ORIG_FIPS":13097,"DEST_FIPS":13067,"origin_county":"DOUGLAS","destination_county":"COBB"}},{"type":"LineString","arcs":[375],"properties":{"direction":"OtoD","ORIG_FIPS":13139,"DEST_FIPS":13135,"origin_county":"HALL","destination_county":"GWINNETT"}},{"type":"LineString","arcs":[376],"properties":{"direction":"OtoD","ORIG_FIPS":13135,"DEST_FIPS":13139,"origin_county":"GWINNETT","destination_county":"HALL"}},{"type":"LineString","arcs":[377],"properties":{"direction":"OtoD","ORIG_FIPS":13067,"DEST_FIPS":13097,"origin_county":"COBB","destination_county":"DOUGLAS"}},{"type":"LineString","arcs":[378],"properties":{"direction":"OtoD","ORIG_FIPS":13135,"DEST_FIPS":13117,"origin_county":"GWINNETT","destination_county":"FORSYTH"}},{"type":"LineString","arcs":[379],"properties":{"direction":"OtoD","ORIG_FIPS":13117,"DEST_FIPS":13135,"origin_county":"FORSYTH","destination_county":"GWINNETT"}},{"type":"LineString","arcs":[380],"properties":{"direction":"OtoD","ORIG_FIPS":13151,"DEST_FIPS":13063,"origin_county":"HENRY","destination_county":"CLAYTON"}},{"type":"LineString","arcs":[381],"properties":{"direction":"OtoD","ORIG_FIPS":13063,"DEST_FIPS":13151,"origin_county":"CLAYTON","destination_county":"HENRY"}},{"type":"LineString","arcs":[382],"properties":{"direction":"OtoD","ORIG_FIPS":13223,"DEST_FIPS":13067,"origin_county":"PAULDING","destination_county":"COBB"}},{"type":"LineString","arcs":[383],"properties":{"direction":"OtoD","ORIG_FIPS":13067,"DEST_FIPS":13223,"origin_county":"COBB","destination_county":"PAULDING"}},{"type":"LineString","arcs":[384],"properties":{"direction":"OtoD","ORIG_FIPS":13117,"DEST_FIPS":13121,"origin_county":"FORSYTH","destination_county":"FULTON"}},{"type":"LineString","arcs":[385],"properties":{"direction":"OtoD","ORIG_FIPS":13121,"DEST_FIPS":13117,"origin_county":"FULTON","destination_county":"FORSYTH"}},{"type":"LineString","arcs":[386],"properties":{"direction":"OtoD","ORIG_FIPS":13057,"DEST_FIPS":13067,"origin_county":"CHEROKEE","destination_county":"COBB"}},{"type":"LineString","arcs":[387],"properties":{"direction":"OtoD","ORIG_FIPS":13067,"DEST_FIPS":13057,"origin_county":"COBB","destination_county":"CHEROKEE"}},{"type":"LineString","arcs":[388],"properties":{"direction":"OtoD","ORIG_FIPS":13063,"DEST_FIPS":13121,"origin_county":"CLAYTON","destination_county":"FULTON"}},{"type":"LineString","arcs":[389],"properties":{"direction":"OtoD","ORIG_FIPS":13121,"DEST_FIPS":13063,"origin_county":"FULTON","destination_county":"CLAYTON"}},{"type":"LineString","arcs":[390],"properties":{"direction":"OtoD","ORIG_FIPS":13121,"DEST_FIPS":13135,"origin_county":"FULTON","destination_county":"GWINNETT"}},{"type":"LineString","arcs":[391],"properties":{"direction":"OtoD","ORIG_FIPS":13135,"DEST_FIPS":13121,"origin_county":"GWINNETT","destination_county":"FULTON"}},{"type":"LineString","arcs":[392],"properties":{"direction":"OtoD","ORIG_FIPS":13135,"DEST_FIPS":13089,"origin_county":"GWINNETT","destination_county":"DEKALB"}},{"type":"LineString","arcs":[393],"properties":{"direction":"OtoD","ORIG_FIPS":13089,"DEST_FIPS":13135,"origin_county":"DEKALB","destination_county":"GWINNETT"}},{"type":"LineString","arcs":[394],"properties":{"direction":"OtoD","ORIG_FIPS":13067,"DEST_FIPS":13121,"origin_county":"COBB","destination_county":"FULTON"}},{"type":"LineString","arcs":[395],"properties":{"direction":"OtoD","ORIG_FIPS":13121,"DEST_FIPS":13067,"origin_county":"FULTON","destination_county":"COBB"}},{"type":"LineString","arcs":[396],"properties":{"direction":"OtoD","ORIG_FIPS":13089,"DEST_FIPS":13121,"origin_county":"DEKALB","destination_county":"FULTON"}},{"type":"LineString","arcs":[397],"properties":{"direction":"OtoD","ORIG_FIPS":13121,"DEST_FIPS":13089,"origin_county":"FULTON","destination_county":"DEKALB"}},{"type":"LineString","arcs":[8],"properties":{"direction":"DtoO","ORIG_FIPS":13015,"DEST_FIPS":13013,"origin_county":"BARTOW","destination_county":"BARROW"}},{"type":"LineString","arcs":[5],"properties":{"direction":"DtoO","ORIG_FIPS":13085,"DEST_FIPS":13217,"origin_county":"DAWSON","destination_county":"NEWTON"}},{"type":"LineString","arcs":[398],"properties":{"direction":"DtoO","ORIG_FIPS":13139,"DEST_FIPS":13045,"origin_county":"HALL","destination_county":"CARROLL"}},{"type":"LineString","arcs":[399],"properties":{"direction":"DtoO","ORIG_FIPS":13139,"DEST_FIPS":13077,"origin_county":"HALL","destination_county":"COWETA"}},{"type":"LineString","arcs":[400],"properties":{"direction":"DtoO","ORIG_FIPS":13139,"DEST_FIPS":13255,"origin_county":"HALL","destination_county":"SPALDING"}},{"type":"LineString","arcs":[1],"properties":{"direction":"DtoO","ORIG_FIPS":13217,"DEST_FIPS":13085,"origin_county":"NEWTON","destination_county":"DAWSON"}},{"type":"LineString","arcs":[10],"properties":{"direction":"DtoO","ORIG_FIPS":13255,"DEST_FIPS":13013,"origin_county":"SPALDING","destination_county":"BARROW"}},{"type":"LineString","arcs":[11],"properties":{"direction":"DtoO","ORIG_FIPS":13297,"DEST_FIPS":13015,"origin_county":"WALTON","destination_county":"BARTOW"}},{"type":"LineString","arcs":[0],"properties":{"direction":"DtoO","ORIG_FIPS":13013,"DEST_FIPS":13015,"origin_county":"BARROW","destination_county":"BARTOW"}},{"type":"LineString","arcs":[401],"properties":{"direction":"DtoO","ORIG_FIPS":13013,"DEST_FIPS":13045,"origin_county":"BARROW","destination_county":"CARROLL"}},{"type":"LineString","arcs":[6],"properties":{"direction":"DtoO","ORIG_FIPS":13013,"DEST_FIPS":13255,"origin_county":"BARROW","destination_county":"SPALDING"}},{"type":"LineString","arcs":[7],"properties":{"direction":"DtoO","ORIG_FIPS":13015,"DEST_FIPS":13297,"origin_county":"BARTOW","destination_county":"WALTON"}},{"type":"LineString","arcs":[17],"properties":{"direction":"DtoO","ORIG_FIPS":13045,"DEST_FIPS":13297,"origin_county":"CARROLL","destination_county":"WALTON"}},{"type":"LineString","arcs":[21],"properties":{"direction":"DtoO","ORIG_FIPS":13113,"DEST_FIPS":13013,"origin_county":"FAYETTE","destination_county":"BARROW"}},{"type":"LineString","arcs":[402],"properties":{"direction":"DtoO","ORIG_FIPS":13217,"DEST_FIPS":13015,"origin_county":"NEWTON","destination_county":"BARTOW"}},{"type":"LineString","arcs":[403],"properties":{"direction":"DtoO","ORIG_FIPS":13223,"DEST_FIPS":13297,"origin_county":"PAULDING","destination_county":"WALTON"}},{"type":"LineString","arcs":[35],"properties":{"direction":"DtoO","ORIG_FIPS":13255,"DEST_FIPS":13057,"origin_county":"SPALDING","destination_county":"CHEROKEE"}},{"type":"LineString","arcs":[12],"properties":{"direction":"DtoO","ORIG_FIPS":13297,"DEST_FIPS":13045,"origin_county":"WALTON","destination_county":"CARROLL"}},{"type":"LineString","arcs":[55],"properties":{"direction":"DtoO","ORIG_FIPS":13013,"DEST_FIPS":13223,"origin_county":"BARROW","destination_county":"PAULDING"}},{"type":"LineString","arcs":[29],"properties":{"direction":"DtoO","ORIG_FIPS":13077,"DEST_FIPS":13297,"origin_county":"COWETA","destination_county":"WALTON"}},{"type":"LineString","arcs":[24],"properties":{"direction":"DtoO","ORIG_FIPS":13117,"DEST_FIPS":13255,"origin_county":"FORSYTH","destination_county":"SPALDING"}},{"type":"LineString","arcs":[13],"properties":{"direction":"DtoO","ORIG_FIPS":13013,"DEST_FIPS":13113,"origin_county":"BARROW","destination_county":"FAYETTE"}},{"type":"LineString","arcs":[27],"properties":{"direction":"DtoO","ORIG_FIPS":13085,"DEST_FIPS":13223,"origin_county":"DAWSON","destination_county":"PAULDING"}},{"type":"LineString","arcs":[32],"properties":{"direction":"DtoO","ORIG_FIPS":13139,"DEST_FIPS":13113,"origin_county":"HALL","destination_county":"FAYETTE"}},{"type":"LineString","arcs":[20],"properties":{"direction":"DtoO","ORIG_FIPS":13255,"DEST_FIPS":13117,"origin_county":"SPALDING","destination_county":"FORSYTH"}},{"type":"LineString","arcs":[36],"properties":{"direction":"DtoO","ORIG_FIPS":13063,"DEST_FIPS":13085,"origin_county":"CLAYTON","destination_county":"DAWSON"}},{"type":"LineString","arcs":[28],"properties":{"direction":"DtoO","ORIG_FIPS":13139,"DEST_FIPS":13223,"origin_county":"HALL","destination_county":"PAULDING"}},{"type":"LineString","arcs":[22],"properties":{"direction":"DtoO","ORIG_FIPS":13223,"DEST_FIPS":13085,"origin_county":"PAULDING","destination_county":"DAWSON"}},{"type":"LineString","arcs":[26],"properties":{"direction":"DtoO","ORIG_FIPS":13223,"DEST_FIPS":13139,"origin_county":"PAULDING","destination_county":"HALL"}},{"type":"LineString","arcs":[19],"properties":{"direction":"DtoO","ORIG_FIPS":13297,"DEST_FIPS":13077,"origin_county":"WALTON","destination_county":"COWETA"}},{"type":"LineString","arcs":[44],"properties":{"direction":"DtoO","ORIG_FIPS":13015,"DEST_FIPS":13151,"origin_county":"BARTOW","destination_county":"HENRY"}},{"type":"LineString","arcs":[33],"properties":{"direction":"DtoO","ORIG_FIPS":13097,"DEST_FIPS":13139,"origin_county":"DOUGLAS","destination_county":"HALL"}},{"type":"LineString","arcs":[23],"properties":{"direction":"DtoO","ORIG_FIPS":13113,"DEST_FIPS":13139,"origin_county":"FAYETTE","destination_county":"HALL"}},{"type":"LineString","arcs":[31],"properties":{"direction":"DtoO","ORIG_FIPS":13139,"DEST_FIPS":13097,"origin_county":"HALL","destination_county":"DOUGLAS"}},{"type":"LineString","arcs":[40],"properties":{"direction":"DtoO","ORIG_FIPS":13015,"DEST_FIPS":13113,"origin_county":"BARTOW","destination_county":"FAYETTE"}},{"type":"LineString","arcs":[16],"properties":{"direction":"DtoO","ORIG_FIPS":13057,"DEST_FIPS":13255,"origin_county":"CHEROKEE","destination_county":"SPALDING"}},{"type":"LineString","arcs":[25],"properties":{"direction":"DtoO","ORIG_FIPS":13085,"DEST_FIPS":13063,"origin_county":"DAWSON","destination_county":"CLAYTON"}},{"type":"LineString","arcs":[47],"properties":{"direction":"DtoO","ORIG_FIPS":13097,"DEST_FIPS":13085,"origin_county":"DOUGLAS","destination_county":"DAWSON"}},{"type":"LineString","arcs":[41],"properties":{"direction":"DtoO","ORIG_FIPS":13015,"DEST_FIPS":13247,"origin_county":"BARTOW","destination_county":"ROCKDALE"}},{"type":"LineString","arcs":[56],"properties":{"direction":"DtoO","ORIG_FIPS":13097,"DEST_FIPS":13013,"origin_county":"DOUGLAS","destination_county":"BARROW"}},{"type":"LineString","arcs":[34],"properties":{"direction":"DtoO","ORIG_FIPS":13113,"DEST_FIPS":13015,"origin_county":"FAYETTE","destination_county":"BARTOW"}},{"type":"LineString","arcs":[38],"properties":{"direction":"DtoO","ORIG_FIPS":13247,"DEST_FIPS":13015,"origin_county":"ROCKDALE","destination_county":"BARTOW"}},{"type":"LineString","arcs":[46],"properties":{"direction":"DtoO","ORIG_FIPS":13015,"DEST_FIPS":13077,"origin_county":"BARTOW","destination_county":"COWETA"}},{"type":"LineString","arcs":[48],"properties":{"direction":"DtoO","ORIG_FIPS":13045,"DEST_FIPS":13247,"origin_county":"CARROLL","destination_county":"ROCKDALE"}},{"type":"LineString","arcs":[30],"properties":{"direction":"DtoO","ORIG_FIPS":13151,"DEST_FIPS":13015,"origin_county":"HENRY","destination_county":"BARTOW"}},{"type":"LineString","arcs":[53],"properties":{"direction":"DtoO","ORIG_FIPS":13223,"DEST_FIPS":13217,"origin_county":"PAULDING","destination_county":"NEWTON"}},{"type":"LineString","arcs":[42],"properties":{"direction":"DtoO","ORIG_FIPS":13077,"DEST_FIPS":13015,"origin_county":"COWETA","destination_county":"BARTOW"}},{"type":"LineString","arcs":[37],"properties":{"direction":"DtoO","ORIG_FIPS":13085,"DEST_FIPS":13097,"origin_county":"DAWSON","destination_county":"DOUGLAS"}},{"type":"LineString","arcs":[43],"properties":{"direction":"DtoO","ORIG_FIPS":13247,"DEST_FIPS":13045,"origin_county":"ROCKDALE","destination_county":"CARROLL"}},{"type":"LineString","arcs":[57],"properties":{"direction":"DtoO","ORIG_FIPS":13255,"DEST_FIPS":13223,"origin_county":"SPALDING","destination_county":"PAULDING"}},{"type":"LineString","arcs":[52],"properties":{"direction":"DtoO","ORIG_FIPS":13045,"DEST_FIPS":13217,"origin_county":"CARROLL","destination_county":"NEWTON"}},{"type":"LineString","arcs":[54],"properties":{"direction":"DtoO","ORIG_FIPS":13217,"DEST_FIPS":13057,"origin_county":"NEWTON","destination_county":"CHEROKEE"}},{"type":"LineString","arcs":[50],"properties":{"direction":"DtoO","ORIG_FIPS":13217,"DEST_FIPS":13045,"origin_county":"NEWTON","destination_county":"CARROLL"}},{"type":"LineString","arcs":[45],"properties":{"direction":"DtoO","ORIG_FIPS":13217,"DEST_FIPS":13223,"origin_county":"NEWTON","destination_county":"PAULDING"}},{"type":"LineString","arcs":[51],"properties":{"direction":"DtoO","ORIG_FIPS":13057,"DEST_FIPS":13217,"origin_county":"CHEROKEE","destination_county":"NEWTON"}},{"type":"LineString","arcs":[18],"properties":{"direction":"DtoO","ORIG_FIPS":13223,"DEST_FIPS":13013,"origin_county":"PAULDING","destination_county":"BARROW"}},{"type":"LineString","arcs":[39],"properties":{"direction":"DtoO","ORIG_FIPS":13013,"DEST_FIPS":13097,"origin_county":"BARROW","destination_county":"DOUGLAS"}},{"type":"LineString","arcs":[49],"properties":{"direction":"DtoO","ORIG_FIPS":13223,"DEST_FIPS":13255,"origin_county":"PAULDING","destination_county":"SPALDING"}},{"type":"LineString","arcs":[62],"properties":{"direction":"DtoO","ORIG_FIPS":13077,"DEST_FIPS":13117,"origin_county":"COWETA","destination_county":"FORSYTH"}},{"type":"LineString","arcs":[84],"properties":{"direction":"DtoO","ORIG_FIPS":13097,"DEST_FIPS":13297,"origin_county":"DOUGLAS","destination_county":"WALTON"}},{"type":"LineString","arcs":[74],"properties":{"direction":"DtoO","ORIG_FIPS":13247,"DEST_FIPS":13057,"origin_county":"ROCKDALE","destination_county":"CHEROKEE"}},{"type":"LineString","arcs":[63],"properties":{"direction":"DtoO","ORIG_FIPS":13113,"DEST_FIPS":13117,"origin_county":"FAYETTE","destination_county":"FORSYTH"}},{"type":"LineString","arcs":[58],"properties":{"direction":"DtoO","ORIG_FIPS":13117,"DEST_FIPS":13077,"origin_county":"FORSYTH","destination_county":"COWETA"}},{"type":"LineString","arcs":[61],"properties":{"direction":"DtoO","ORIG_FIPS":13117,"DEST_FIPS":13113,"origin_county":"FORSYTH","destination_county":"FAYETTE"}},{"type":"LineString","arcs":[66],"properties":{"direction":"DtoO","ORIG_FIPS":13085,"DEST_FIPS":13297,"origin_county":"DAWSON","destination_county":"WALTON"}},{"type":"LineString","arcs":[90],"properties":{"direction":"DtoO","ORIG_FIPS":13077,"DEST_FIPS":13217,"origin_county":"COWETA","destination_county":"NEWTON"}},{"type":"LineString","arcs":[64],"properties":{"direction":"DtoO","ORIG_FIPS":13297,"DEST_FIPS":13085,"origin_county":"WALTON","destination_county":"DAWSON"}},{"type":"LineString","arcs":[77],"properties":{"direction":"DtoO","ORIG_FIPS":13139,"DEST_FIPS":13015,"origin_county":"HALL","destination_county":"BARTOW"}},{"type":"LineString","arcs":[69],"properties":{"direction":"DtoO","ORIG_FIPS":13139,"DEST_FIPS":13151,"origin_county":"HALL","destination_county":"HENRY"}},{"type":"LineString","arcs":[68],"properties":{"direction":"DtoO","ORIG_FIPS":13151,"DEST_FIPS":13139,"origin_county":"HENRY","destination_county":"HALL"}},{"type":"LineString","arcs":[73],"properties":{"direction":"DtoO","ORIG_FIPS":13045,"DEST_FIPS":13117,"origin_county":"CARROLL","destination_county":"FORSYTH"}},{"type":"LineString","arcs":[76],"properties":{"direction":"DtoO","ORIG_FIPS":13057,"DEST_FIPS":13077,"origin_county":"CHEROKEE","destination_county":"COWETA"}},{"type":"LineString","arcs":[81],"properties":{"direction":"DtoO","ORIG_FIPS":13057,"DEST_FIPS":13297,"origin_county":"CHEROKEE","destination_county":"WALTON"}},{"type":"LineString","arcs":[70],"properties":{"direction":"DtoO","ORIG_FIPS":13117,"DEST_FIPS":13045,"origin_county":"FORSYTH","destination_county":"CARROLL"}},{"type":"LineString","arcs":[60],"properties":{"direction":"DtoO","ORIG_FIPS":13057,"DEST_FIPS":13247,"origin_county":"CHEROKEE","destination_county":"ROCKDALE"}},{"type":"LineString","arcs":[78],"properties":{"direction":"DtoO","ORIG_FIPS":13247,"DEST_FIPS":13223,"origin_county":"ROCKDALE","destination_county":"PAULDING"}},{"type":"LineString","arcs":[71],"properties":{"direction":"DtoO","ORIG_FIPS":13077,"DEST_FIPS":13057,"origin_county":"COWETA","destination_county":"CHEROKEE"}},{"type":"LineString","arcs":[67],"properties":{"direction":"DtoO","ORIG_FIPS":13015,"DEST_FIPS":13139,"origin_county":"BARTOW","destination_county":"HALL"}},{"type":"LineString","arcs":[75],"properties":{"direction":"DtoO","ORIG_FIPS":13223,"DEST_FIPS":13247,"origin_county":"PAULDING","destination_county":"ROCKDALE"}},{"type":"LineString","arcs":[80],"properties":{"direction":"DtoO","ORIG_FIPS":13045,"DEST_FIPS":13255,"origin_county":"CARROLL","destination_county":"SPALDING"}},{"type":"LineString","arcs":[79],"properties":{"direction":"DtoO","ORIG_FIPS":13255,"DEST_FIPS":13045,"origin_county":"SPALDING","destination_county":"CARROLL"}},{"type":"LineString","arcs":[72],"properties":{"direction":"DtoO","ORIG_FIPS":13297,"DEST_FIPS":13057,"origin_county":"WALTON","destination_county":"CHEROKEE"}},{"type":"LineString","arcs":[88],"properties":{"direction":"DtoO","ORIG_FIPS":13255,"DEST_FIPS":13297,"origin_county":"SPALDING","destination_county":"WALTON"}},{"type":"LineString","arcs":[91],"properties":{"direction":"DtoO","ORIG_FIPS":13117,"DEST_FIPS":13151,"origin_county":"FORSYTH","destination_county":"HENRY"}},{"type":"LineString","arcs":[59],"properties":{"direction":"DtoO","ORIG_FIPS":13297,"DEST_FIPS":13097,"origin_county":"WALTON","destination_county":"DOUGLAS"}},{"type":"LineString","arcs":[87],"properties":{"direction":"DtoO","ORIG_FIPS":13113,"DEST_FIPS":13297,"origin_county":"FAYETTE","destination_county":"WALTON"}},{"type":"LineString","arcs":[89],"properties":{"direction":"DtoO","ORIG_FIPS":13085,"DEST_FIPS":13013,"origin_county":"DAWSON","destination_county":"BARROW"}},{"type":"LineString","arcs":[85],"properties":{"direction":"DtoO","ORIG_FIPS":13297,"DEST_FIPS":13113,"origin_county":"WALTON","destination_county":"FAYETTE"}},{"type":"LineString","arcs":[82],"properties":{"direction":"DtoO","ORIG_FIPS":13297,"DEST_FIPS":13255,"origin_county":"WALTON","destination_county":"SPALDING"}},{"type":"LineString","arcs":[86],"properties":{"direction":"DtoO","ORIG_FIPS":13013,"DEST_FIPS":13085,"origin_county":"BARROW","destination_county":"DAWSON"}},{"type":"LineString","arcs":[65],"properties":{"direction":"DtoO","ORIG_FIPS":13217,"DEST_FIPS":13077,"origin_county":"NEWTON","destination_county":"COWETA"}},{"type":"LineString","arcs":[83],"properties":{"direction":"DtoO","ORIG_FIPS":13151,"DEST_FIPS":13117,"origin_county":"HENRY","destination_county":"FORSYTH"}},{"type":"LineString","arcs":[95],"properties":{"direction":"DtoO","ORIG_FIPS":13217,"DEST_FIPS":13117,"origin_county":"NEWTON","destination_county":"FORSYTH"}},{"type":"LineString","arcs":[99],"properties":{"direction":"DtoO","ORIG_FIPS":13057,"DEST_FIPS":13013,"origin_county":"CHEROKEE","destination_county":"BARROW"}},{"type":"LineString","arcs":[96],"properties":{"direction":"DtoO","ORIG_FIPS":13097,"DEST_FIPS":13217,"origin_county":"DOUGLAS","destination_county":"NEWTON"}},{"type":"LineString","arcs":[92],"properties":{"direction":"DtoO","ORIG_FIPS":13117,"DEST_FIPS":13217,"origin_county":"FORSYTH","destination_county":"NEWTON"}},{"type":"LineString","arcs":[94],"properties":{"direction":"DtoO","ORIG_FIPS":13217,"DEST_FIPS":13097,"origin_county":"NEWTON","destination_county":"DOUGLAS"}},{"type":"LineString","arcs":[100],"properties":{"direction":"DtoO","ORIG_FIPS":13013,"DEST_FIPS":13063,"origin_county":"BARROW","destination_county":"CLAYTON"}},{"type":"LineString","arcs":[105],"properties":{"direction":"DtoO","ORIG_FIPS":13015,"DEST_FIPS":13085,"origin_county":"BARTOW","destination_county":"DAWSON"}},{"type":"LineString","arcs":[93],"properties":{"direction":"DtoO","ORIG_FIPS":13013,"DEST_FIPS":13057,"origin_county":"BARROW","destination_county":"CHEROKEE"}},{"type":"LineString","arcs":[97],"properties":{"direction":"DtoO","ORIG_FIPS":13063,"DEST_FIPS":13013,"origin_county":"CLAYTON","destination_county":"BARROW"}},{"type":"LineString","arcs":[108],"properties":{"direction":"DtoO","ORIG_FIPS":13113,"DEST_FIPS":13057,"origin_county":"FAYETTE","destination_county":"CHEROKEE"}},{"type":"LineString","arcs":[104],"properties":{"direction":"DtoO","ORIG_FIPS":13139,"DEST_FIPS":13063,"origin_county":"HALL","destination_county":"CLAYTON"}},{"type":"LineString","arcs":[118],"properties":{"direction":"DtoO","ORIG_FIPS":13045,"DEST_FIPS":13151,"origin_county":"CARROLL","destination_county":"HENRY"}},{"type":"LineString","arcs":[102],"properties":{"direction":"DtoO","ORIG_FIPS":13063,"DEST_FIPS":13139,"origin_county":"CLAYTON","destination_county":"HALL"}},{"type":"LineString","arcs":[98],"properties":{"direction":"DtoO","ORIG_FIPS":13085,"DEST_FIPS":13015,"origin_county":"DAWSON","destination_county":"BARTOW"}},{"type":"LineString","arcs":[110],"properties":{"direction":"DtoO","ORIG_FIPS":13057,"DEST_FIPS":13151,"origin_county":"CHEROKEE","destination_county":"HENRY"}},{"type":"LineString","arcs":[114],"properties":{"direction":"DtoO","ORIG_FIPS":13063,"DEST_FIPS":13015,"origin_county":"CLAYTON","destination_county":"BARTOW"}},{"type":"LineString","arcs":[101],"properties":{"direction":"DtoO","ORIG_FIPS":13057,"DEST_FIPS":13113,"origin_county":"CHEROKEE","destination_county":"FAYETTE"}},{"type":"LineString","arcs":[115],"properties":{"direction":"DtoO","ORIG_FIPS":13117,"DEST_FIPS":13247,"origin_county":"FORSYTH","destination_county":"ROCKDALE"}},{"type":"LineString","arcs":[106],"properties":{"direction":"DtoO","ORIG_FIPS":13151,"DEST_FIPS":13057,"origin_county":"HENRY","destination_county":"CHEROKEE"}},{"type":"LineString","arcs":[116],"properties":{"direction":"DtoO","ORIG_FIPS":13247,"DEST_FIPS":13139,"origin_county":"ROCKDALE","destination_county":"HALL"}},{"type":"LineString","arcs":[119],"properties":{"direction":"DtoO","ORIG_FIPS":13077,"DEST_FIPS":13247,"origin_county":"COWETA","destination_county":"ROCKDALE"}},{"type":"LineString","arcs":[127],"properties":{"direction":"DtoO","ORIG_FIPS":13151,"DEST_FIPS":13223,"origin_county":"HENRY","destination_county":"PAULDING"}},{"type":"LineString","arcs":[107],"properties":{"direction":"DtoO","ORIG_FIPS":13015,"DEST_FIPS":13063,"origin_county":"BARTOW","destination_county":"CLAYTON"}},{"type":"LineString","arcs":[109],"properties":{"direction":"DtoO","ORIG_FIPS":13247,"DEST_FIPS":13117,"origin_county":"ROCKDALE","destination_county":"FORSYTH"}},{"type":"LineString","arcs":[111],"properties":{"direction":"DtoO","ORIG_FIPS":13139,"DEST_FIPS":13247,"origin_county":"HALL","destination_county":"ROCKDALE"}},{"type":"LineString","arcs":[130],"properties":{"direction":"DtoO","ORIG_FIPS":13117,"DEST_FIPS":13097,"origin_county":"FORSYTH","destination_county":"DOUGLAS"}},{"type":"LineString","arcs":[103],"properties":{"direction":"DtoO","ORIG_FIPS":13151,"DEST_FIPS":13045,"origin_county":"HENRY","destination_county":"CARROLL"}},{"type":"LineString","arcs":[112],"properties":{"direction":"DtoO","ORIG_FIPS":13247,"DEST_FIPS":13077,"origin_county":"ROCKDALE","destination_county":"COWETA"}},{"type":"LineString","arcs":[122],"properties":{"direction":"DtoO","ORIG_FIPS":13139,"DEST_FIPS":13217,"origin_county":"HALL","destination_county":"NEWTON"}},{"type":"LineString","arcs":[124],"properties":{"direction":"DtoO","ORIG_FIPS":13151,"DEST_FIPS":13013,"origin_county":"HENRY","destination_county":"BARROW"}},{"type":"LineString","arcs":[120],"properties":{"direction":"DtoO","ORIG_FIPS":13217,"DEST_FIPS":13139,"origin_county":"NEWTON","destination_county":"HALL"}},{"type":"LineString","arcs":[125],"properties":{"direction":"DtoO","ORIG_FIPS":13057,"DEST_FIPS":13045,"origin_county":"CHEROKEE","destination_county":"CARROLL"}},{"type":"LineString","arcs":[121],"properties":{"direction":"DtoO","ORIG_FIPS":13013,"DEST_FIPS":13151,"origin_county":"BARROW","destination_county":"HENRY"}},{"type":"LineString","arcs":[123],"properties":{"direction":"DtoO","ORIG_FIPS":13045,"DEST_FIPS":13057,"origin_county":"CARROLL","destination_county":"CHEROKEE"}},{"type":"LineString","arcs":[129],"properties":{"direction":"DtoO","ORIG_FIPS":13255,"DEST_FIPS":13097,"origin_county":"SPALDING","destination_county":"DOUGLAS"}},{"type":"LineString","arcs":[113],"properties":{"direction":"DtoO","ORIG_FIPS":13223,"DEST_FIPS":13151,"origin_county":"PAULDING","destination_county":"HENRY"}},{"type":"LineString","arcs":[131],"properties":{"direction":"DtoO","ORIG_FIPS":13135,"DEST_FIPS":13255,"origin_county":"GWINNETT","destination_county":"SPALDING"}},{"type":"LineString","arcs":[126],"properties":{"direction":"DtoO","ORIG_FIPS":13097,"DEST_FIPS":13255,"origin_county":"DOUGLAS","destination_county":"SPALDING"}},{"type":"LineString","arcs":[117],"properties":{"direction":"DtoO","ORIG_FIPS":13097,"DEST_FIPS":13117,"origin_county":"DOUGLAS","destination_county":"FORSYTH"}},{"type":"LineString","arcs":[128],"properties":{"direction":"DtoO","ORIG_FIPS":13255,"DEST_FIPS":13135,"origin_county":"SPALDING","destination_county":"GWINNETT"}},{"type":"LineString","arcs":[133],"properties":{"direction":"DtoO","ORIG_FIPS":13247,"DEST_FIPS":13097,"origin_county":"ROCKDALE","destination_county":"DOUGLAS"}},{"type":"LineString","arcs":[132],"properties":{"direction":"DtoO","ORIG_FIPS":13097,"DEST_FIPS":13247,"origin_county":"DOUGLAS","destination_county":"ROCKDALE"}},{"type":"LineString","arcs":[135],"properties":{"direction":"DtoO","ORIG_FIPS":13135,"DEST_FIPS":13045,"origin_county":"GWINNETT","destination_county":"CARROLL"}},{"type":"LineString","arcs":[134],"properties":{"direction":"DtoO","ORIG_FIPS":13045,"DEST_FIPS":13135,"origin_county":"CARROLL","destination_county":"GWINNETT"}},{"type":"LineString","arcs":[138],"properties":{"direction":"DtoO","ORIG_FIPS":13113,"DEST_FIPS":13217,"origin_county":"FAYETTE","destination_county":"NEWTON"}},{"type":"LineString","arcs":[144],"properties":{"direction":"DtoO","ORIG_FIPS":13135,"DEST_FIPS":13077,"origin_county":"GWINNETT","destination_county":"COWETA"}},{"type":"LineString","arcs":[136],"properties":{"direction":"DtoO","ORIG_FIPS":13217,"DEST_FIPS":13113,"origin_county":"NEWTON","destination_county":"FAYETTE"}},{"type":"LineString","arcs":[143],"properties":{"direction":"DtoO","ORIG_FIPS":13117,"DEST_FIPS":13223,"origin_county":"FORSYTH","destination_county":"PAULDING"}},{"type":"LineString","arcs":[141],"properties":{"direction":"DtoO","ORIG_FIPS":13113,"DEST_FIPS":13247,"origin_county":"FAYETTE","destination_county":"ROCKDALE"}},{"type":"LineString","arcs":[140],"properties":{"direction":"DtoO","ORIG_FIPS":13247,"DEST_FIPS":13113,"origin_county":"ROCKDALE","destination_county":"FAYETTE"}},{"type":"LineString","arcs":[145],"properties":{"direction":"DtoO","ORIG_FIPS":13117,"DEST_FIPS":13063,"origin_county":"FORSYTH","destination_county":"CLAYTON"}},{"type":"LineString","arcs":[139],"properties":{"direction":"DtoO","ORIG_FIPS":13223,"DEST_FIPS":13117,"origin_county":"PAULDING","destination_county":"FORSYTH"}},{"type":"LineString","arcs":[137],"properties":{"direction":"DtoO","ORIG_FIPS":13077,"DEST_FIPS":13135,"origin_county":"COWETA","destination_county":"GWINNETT"}},{"type":"LineString","arcs":[142],"properties":{"direction":"DtoO","ORIG_FIPS":13063,"DEST_FIPS":13117,"origin_county":"CLAYTON","destination_county":"FORSYTH"}},{"type":"LineString","arcs":[147],"properties":{"direction":"DtoO","ORIG_FIPS":13255,"DEST_FIPS":13067,"origin_county":"SPALDING","destination_county":"COBB"}},{"type":"LineString","arcs":[146],"properties":{"direction":"DtoO","ORIG_FIPS":13067,"DEST_FIPS":13255,"origin_county":"COBB","destination_county":"SPALDING"}},{"type":"LineString","arcs":[153],"properties":{"direction":"DtoO","ORIG_FIPS":13089,"DEST_FIPS":13085,"origin_county":"DEKALB","destination_county":"DAWSON"}},{"type":"LineString","arcs":[158],"properties":{"direction":"DtoO","ORIG_FIPS":13067,"DEST_FIPS":13013,"origin_county":"COBB","destination_county":"BARROW"}},{"type":"LineString","arcs":[156],"properties":{"direction":"DtoO","ORIG_FIPS":13015,"DEST_FIPS":13045,"origin_county":"BARTOW","destination_county":"CARROLL"}},{"type":"LineString","arcs":[155],"properties":{"direction":"DtoO","ORIG_FIPS":13247,"DEST_FIPS":13255,"origin_county":"ROCKDALE","destination_county":"SPALDING"}},{"type":"LineString","arcs":[154],"properties":{"direction":"DtoO","ORIG_FIPS":13223,"DEST_FIPS":13113,"origin_county":"PAULDING","destination_county":"FAYETTE"}},{"type":"LineString","arcs":[148],"properties":{"direction":"DtoO","ORIG_FIPS":13085,"DEST_FIPS":13089,"origin_county":"DAWSON","destination_county":"DEKALB"}},{"type":"LineString","arcs":[152],"properties":{"direction":"DtoO","ORIG_FIPS":13113,"DEST_FIPS":13223,"origin_county":"FAYETTE","destination_county":"PAULDING"}},{"type":"LineString","arcs":[151],"properties":{"direction":"DtoO","ORIG_FIPS":13255,"DEST_FIPS":13247,"origin_county":"SPALDING","destination_county":"ROCKDALE"}},{"type":"LineString","arcs":[150],"properties":{"direction":"DtoO","ORIG_FIPS":13045,"DEST_FIPS":13015,"origin_county":"CARROLL","destination_county":"BARTOW"}},{"type":"LineString","arcs":[159],"properties":{"direction":"DtoO","ORIG_FIPS":13135,"DEST_FIPS":13015,"origin_county":"GWINNETT","destination_county":"BARTOW"}},{"type":"LineString","arcs":[149],"properties":{"direction":"DtoO","ORIG_FIPS":13013,"DEST_FIPS":13067,"origin_county":"BARROW","destination_county":"COBB"}},{"type":"LineString","arcs":[157],"properties":{"direction":"DtoO","ORIG_FIPS":13015,"DEST_FIPS":13135,"origin_county":"BARTOW","destination_county":"GWINNETT"}},{"type":"LineString","arcs":[167],"properties":{"direction":"DtoO","ORIG_FIPS":13117,"DEST_FIPS":13297,"origin_county":"FORSYTH","destination_county":"WALTON"}},{"type":"LineString","arcs":[169],"properties":{"direction":"DtoO","ORIG_FIPS":13067,"DEST_FIPS":13297,"origin_county":"COBB","destination_county":"WALTON"}},{"type":"LineString","arcs":[166],"properties":{"direction":"DtoO","ORIG_FIPS":13063,"DEST_FIPS":13297,"origin_county":"CLAYTON","destination_county":"WALTON"}},{"type":"LineString","arcs":[170],"properties":{"direction":"DtoO","ORIG_FIPS":13063,"DEST_FIPS":13057,"origin_county":"CLAYTON","destination_county":"CHEROKEE"}},{"type":"LineString","arcs":[165],"properties":{"direction":"DtoO","ORIG_FIPS":13255,"DEST_FIPS":13217,"origin_county":"SPALDING","destination_county":"NEWTON"}},{"type":"LineString","arcs":[164],"properties":{"direction":"DtoO","ORIG_FIPS":13217,"DEST_FIPS":13255,"origin_county":"NEWTON","destination_county":"SPALDING"}},{"type":"LineString","arcs":[162],"properties":{"direction":"DtoO","ORIG_FIPS":13297,"DEST_FIPS":13063,"origin_county":"WALTON","destination_county":"CLAYTON"}},{"type":"LineString","arcs":[160],"properties":{"direction":"DtoO","ORIG_FIPS":13297,"DEST_FIPS":13117,"origin_county":"WALTON","destination_county":"FORSYTH"}},{"type":"LineString","arcs":[174],"properties":{"direction":"DtoO","ORIG_FIPS":13247,"DEST_FIPS":13013,"origin_county":"ROCKDALE","destination_county":"BARROW"}},{"type":"LineString","arcs":[161],"properties":{"direction":"DtoO","ORIG_FIPS":13297,"DEST_FIPS":13067,"origin_county":"WALTON","destination_county":"COBB"}},{"type":"LineString","arcs":[163],"properties":{"direction":"DtoO","ORIG_FIPS":13057,"DEST_FIPS":13063,"origin_county":"CHEROKEE","destination_county":"CLAYTON"}},{"type":"LineString","arcs":[172],"properties":{"direction":"DtoO","ORIG_FIPS":13067,"DEST_FIPS":13085,"origin_county":"COBB","destination_county":"DAWSON"}},{"type":"LineString","arcs":[171],"properties":{"direction":"DtoO","ORIG_FIPS":13085,"DEST_FIPS":13067,"origin_county":"DAWSON","destination_county":"COBB"}},{"type":"LineString","arcs":[184],"properties":{"direction":"DtoO","ORIG_FIPS":13151,"DEST_FIPS":13097,"origin_county":"HENRY","destination_county":"DOUGLAS"}},{"type":"LineString","arcs":[168],"properties":{"direction":"DtoO","ORIG_FIPS":13013,"DEST_FIPS":13247,"origin_county":"BARROW","destination_county":"ROCKDALE"}},{"type":"LineString","arcs":[177],"properties":{"direction":"DtoO","ORIG_FIPS":13015,"DEST_FIPS":13117,"origin_county":"BARTOW","destination_county":"FORSYTH"}},{"type":"LineString","arcs":[183],"properties":{"direction":"DtoO","ORIG_FIPS":13135,"DEST_FIPS":13113,"origin_county":"GWINNETT","destination_county":"FAYETTE"}},{"type":"LineString","arcs":[175],"properties":{"direction":"DtoO","ORIG_FIPS":13117,"DEST_FIPS":13015,"origin_county":"FORSYTH","destination_county":"BARTOW"}},{"type":"LineString","arcs":[181],"properties":{"direction":"DtoO","ORIG_FIPS":13057,"DEST_FIPS":13097,"origin_county":"CHEROKEE","destination_county":"DOUGLAS"}},{"type":"LineString","arcs":[182],"properties":{"direction":"DtoO","ORIG_FIPS":13217,"DEST_FIPS":13013,"origin_county":"NEWTON","destination_county":"BARROW"}},{"type":"LineString","arcs":[185],"properties":{"direction":"DtoO","ORIG_FIPS":13063,"DEST_FIPS":13045,"origin_county":"CLAYTON","destination_county":"CARROLL"}},{"type":"LineString","arcs":[178],"properties":{"direction":"DtoO","ORIG_FIPS":13097,"DEST_FIPS":13057,"origin_county":"DOUGLAS","destination_county":"CHEROKEE"}},{"type":"LineString","arcs":[179],"properties":{"direction":"DtoO","ORIG_FIPS":13013,"DEST_FIPS":13217,"origin_county":"BARROW","destination_county":"NEWTON"}},{"type":"LineString","arcs":[176],"properties":{"direction":"DtoO","ORIG_FIPS":13113,"DEST_FIPS":13135,"origin_county":"FAYETTE","destination_county":"GWINNETT"}},{"type":"LineString","arcs":[173],"properties":{"direction":"DtoO","ORIG_FIPS":13097,"DEST_FIPS":13151,"origin_county":"DOUGLAS","destination_county":"HENRY"}},{"type":"LineString","arcs":[180],"properties":{"direction":"DtoO","ORIG_FIPS":13045,"DEST_FIPS":13063,"origin_county":"CARROLL","destination_county":"CLAYTON"}},{"type":"LineString","arcs":[190],"properties":{"direction":"DtoO","ORIG_FIPS":13077,"DEST_FIPS":13223,"origin_county":"COWETA","destination_county":"PAULDING"}},{"type":"LineString","arcs":[188],"properties":{"direction":"DtoO","ORIG_FIPS":13097,"DEST_FIPS":13015,"origin_county":"DOUGLAS","destination_county":"BARTOW"}},{"type":"LineString","arcs":[187],"properties":{"direction":"DtoO","ORIG_FIPS":13015,"DEST_FIPS":13097,"origin_county":"BARTOW","destination_county":"DOUGLAS"}},{"type":"LineString","arcs":[193],"properties":{"direction":"DtoO","ORIG_FIPS":13067,"DEST_FIPS":13217,"origin_county":"COBB","destination_county":"NEWTON"}},{"type":"LineString","arcs":[186],"properties":{"direction":"DtoO","ORIG_FIPS":13223,"DEST_FIPS":13077,"origin_county":"PAULDING","destination_county":"COWETA"}},{"type":"LineString","arcs":[192],"properties":{"direction":"DtoO","ORIG_FIPS":13297,"DEST_FIPS":13139,"origin_county":"WALTON","destination_county":"HALL"}},{"type":"LineString","arcs":[191],"properties":{"direction":"DtoO","ORIG_FIPS":13139,"DEST_FIPS":13297,"origin_county":"HALL","destination_county":"WALTON"}},{"type":"LineString","arcs":[189],"properties":{"direction":"DtoO","ORIG_FIPS":13217,"DEST_FIPS":13067,"origin_county":"NEWTON","destination_county":"COBB"}},{"type":"LineString","arcs":[196],"properties":{"direction":"DtoO","ORIG_FIPS":13067,"DEST_FIPS":13139,"origin_county":"COBB","destination_county":"HALL"}},{"type":"LineString","arcs":[197],"properties":{"direction":"DtoO","ORIG_FIPS":13063,"DEST_FIPS":13223,"origin_county":"CLAYTON","destination_county":"PAULDING"}},{"type":"LineString","arcs":[194],"properties":{"direction":"DtoO","ORIG_FIPS":13139,"DEST_FIPS":13067,"origin_county":"HALL","destination_county":"COBB"}},{"type":"LineString","arcs":[195],"properties":{"direction":"DtoO","ORIG_FIPS":13223,"DEST_FIPS":13063,"origin_county":"PAULDING","destination_county":"CLAYTON"}},{"type":"LineString","arcs":[200],"properties":{"direction":"DtoO","ORIG_FIPS":13045,"DEST_FIPS":13113,"origin_county":"CARROLL","destination_county":"FAYETTE"}},{"type":"LineString","arcs":[205],"properties":{"direction":"DtoO","ORIG_FIPS":13139,"DEST_FIPS":13057,"origin_county":"HALL","destination_county":"CHEROKEE"}},{"type":"LineString","arcs":[198],"properties":{"direction":"DtoO","ORIG_FIPS":13113,"DEST_FIPS":13045,"origin_county":"FAYETTE","destination_county":"CARROLL"}},{"type":"LineString","arcs":[214],"properties":{"direction":"DtoO","ORIG_FIPS":13135,"DEST_FIPS":13097,"origin_county":"GWINNETT","destination_county":"DOUGLAS"}},{"type":"LineString","arcs":[207],"properties":{"direction":"DtoO","ORIG_FIPS":13135,"DEST_FIPS":13223,"origin_county":"GWINNETT","destination_county":"PAULDING"}},{"type":"LineString","arcs":[212],"properties":{"direction":"DtoO","ORIG_FIPS":13117,"DEST_FIPS":13013,"origin_county":"FORSYTH","destination_county":"BARROW"}},{"type":"LineString","arcs":[206],"properties":{"direction":"DtoO","ORIG_FIPS":13089,"DEST_FIPS":13045,"origin_county":"DEKALB","destination_county":"CARROLL"}},{"type":"LineString","arcs":[199],"properties":{"direction":"DtoO","ORIG_FIPS":13057,"DEST_FIPS":13139,"origin_county":"CHEROKEE","destination_county":"HALL"}},{"type":"LineString","arcs":[204],"properties":{"direction":"DtoO","ORIG_FIPS":13045,"DEST_FIPS":13089,"origin_county":"CARROLL","destination_county":"DEKALB"}},{"type":"LineString","arcs":[202],"properties":{"direction":"DtoO","ORIG_FIPS":13223,"DEST_FIPS":13135,"origin_county":"PAULDING","destination_county":"GWINNETT"}},{"type":"LineString","arcs":[215],"properties":{"direction":"DtoO","ORIG_FIPS":13089,"DEST_FIPS":13015,"origin_county":"DEKALB","destination_county":"BARTOW"}},{"type":"LineString","arcs":[210],"properties":{"direction":"DtoO","ORIG_FIPS":13255,"DEST_FIPS":13089,"origin_county":"SPALDING","destination_county":"DEKALB"}},{"type":"LineString","arcs":[209],"properties":{"direction":"DtoO","ORIG_FIPS":13089,"DEST_FIPS":13255,"origin_county":"DEKALB","destination_county":"SPALDING"}},{"type":"LineString","arcs":[213],"properties":{"direction":"DtoO","ORIG_FIPS":13297,"DEST_FIPS":13151,"origin_county":"WALTON","destination_county":"HENRY"}},{"type":"LineString","arcs":[203],"properties":{"direction":"DtoO","ORIG_FIPS":13013,"DEST_FIPS":13117,"origin_county":"BARROW","destination_county":"FORSYTH"}},{"type":"LineString","arcs":[211],"properties":{"direction":"DtoO","ORIG_FIPS":13151,"DEST_FIPS":13297,"origin_county":"HENRY","destination_county":"WALTON"}},{"type":"LineString","arcs":[201],"properties":{"direction":"DtoO","ORIG_FIPS":13097,"DEST_FIPS":13135,"origin_county":"DOUGLAS","destination_county":"GWINNETT"}},{"type":"LineString","arcs":[208],"properties":{"direction":"DtoO","ORIG_FIPS":13015,"DEST_FIPS":13089,"origin_county":"BARTOW","destination_county":"DEKALB"}},{"type":"LineString","arcs":[218],"properties":{"direction":"DtoO","ORIG_FIPS":13067,"DEST_FIPS":13247,"origin_county":"COBB","destination_county":"ROCKDALE"}},{"type":"LineString","arcs":[221],"properties":{"direction":"DtoO","ORIG_FIPS":13151,"DEST_FIPS":13077,"origin_county":"HENRY","destination_county":"COWETA"}},{"type":"LineString","arcs":[216],"properties":{"direction":"DtoO","ORIG_FIPS":13247,"DEST_FIPS":13067,"origin_county":"ROCKDALE","destination_county":"COBB"}},{"type":"LineString","arcs":[220],"properties":{"direction":"DtoO","ORIG_FIPS":13057,"DEST_FIPS":13085,"origin_county":"CHEROKEE","destination_county":"DAWSON"}},{"type":"LineString","arcs":[219],"properties":{"direction":"DtoO","ORIG_FIPS":13085,"DEST_FIPS":13057,"origin_county":"DAWSON","destination_county":"CHEROKEE"}},{"type":"LineString","arcs":[217],"properties":{"direction":"DtoO","ORIG_FIPS":13077,"DEST_FIPS":13151,"origin_county":"COWETA","destination_county":"HENRY"}},{"type":"LineString","arcs":[223],"properties":{"direction":"DtoO","ORIG_FIPS":13135,"DEST_FIPS":13085,"origin_county":"GWINNETT","destination_county":"DAWSON"}},{"type":"LineString","arcs":[222],"properties":{"direction":"DtoO","ORIG_FIPS":13085,"DEST_FIPS":13135,"origin_county":"DAWSON","destination_county":"GWINNETT"}},{"type":"LineString","arcs":[225],"properties":{"direction":"DtoO","ORIG_FIPS":13113,"DEST_FIPS":13097,"origin_county":"FAYETTE","destination_county":"DOUGLAS"}},{"type":"LineString","arcs":[224],"properties":{"direction":"DtoO","ORIG_FIPS":13097,"DEST_FIPS":13113,"origin_county":"DOUGLAS","destination_county":"FAYETTE"}},{"type":"LineString","arcs":[227],"properties":{"direction":"DtoO","ORIG_FIPS":13063,"DEST_FIPS":13217,"origin_county":"CLAYTON","destination_county":"NEWTON"}},{"type":"LineString","arcs":[226],"properties":{"direction":"DtoO","ORIG_FIPS":13217,"DEST_FIPS":13063,"origin_county":"NEWTON","destination_county":"CLAYTON"}},{"type":"LineString","arcs":[231],"properties":{"direction":"DtoO","ORIG_FIPS":13089,"DEST_FIPS":13077,"origin_county":"DEKALB","destination_county":"COWETA"}},{"type":"LineString","arcs":[239],"properties":{"direction":"DtoO","ORIG_FIPS":13121,"DEST_FIPS":13013,"origin_county":"FULTON","destination_county":"BARROW"}},{"type":"LineString","arcs":[232],"properties":{"direction":"DtoO","ORIG_FIPS":13067,"DEST_FIPS":13077,"origin_county":"COBB","destination_county":"COWETA"}},{"type":"LineString","arcs":[228],"properties":{"direction":"DtoO","ORIG_FIPS":13077,"DEST_FIPS":13089,"origin_county":"COWETA","destination_county":"DEKALB"}},{"type":"LineString","arcs":[230],"properties":{"direction":"DtoO","ORIG_FIPS":13077,"DEST_FIPS":13067,"origin_county":"COWETA","destination_county":"COBB"}},{"type":"LineString","arcs":[235],"properties":{"direction":"DtoO","ORIG_FIPS":13121,"DEST_FIPS":13085,"origin_county":"FULTON","destination_county":"DAWSON"}},{"type":"LineString","arcs":[236],"properties":{"direction":"DtoO","ORIG_FIPS":13255,"DEST_FIPS":13077,"origin_county":"SPALDING","destination_county":"COWETA"}},{"type":"LineString","arcs":[233],"properties":{"direction":"DtoO","ORIG_FIPS":13085,"DEST_FIPS":13121,"origin_county":"DAWSON","destination_county":"FULTON"}},{"type":"LineString","arcs":[234],"properties":{"direction":"DtoO","ORIG_FIPS":13077,"DEST_FIPS":13255,"origin_county":"COWETA","destination_county":"SPALDING"}},{"type":"LineString","arcs":[240],"properties":{"direction":"DtoO","ORIG_FIPS":13089,"DEST_FIPS":13013,"origin_county":"DEKALB","destination_county":"BARROW"}},{"type":"LineString","arcs":[244],"properties":{"direction":"DtoO","ORIG_FIPS":13121,"DEST_FIPS":13255,"origin_county":"FULTON","destination_county":"SPALDING"}},{"type":"LineString","arcs":[229],"properties":{"direction":"DtoO","ORIG_FIPS":13013,"DEST_FIPS":13121,"origin_county":"BARROW","destination_county":"FULTON"}},{"type":"LineString","arcs":[237],"properties":{"direction":"DtoO","ORIG_FIPS":13013,"DEST_FIPS":13089,"origin_county":"BARROW","destination_county":"DEKALB"}},{"type":"LineString","arcs":[245],"properties":{"direction":"DtoO","ORIG_FIPS":13067,"DEST_FIPS":13113,"origin_county":"COBB","destination_county":"FAYETTE"}},{"type":"LineString","arcs":[246],"properties":{"direction":"DtoO","ORIG_FIPS":13089,"DEST_FIPS":13139,"origin_county":"DEKALB","destination_county":"HALL"}},{"type":"LineString","arcs":[247],"properties":{"direction":"DtoO","ORIG_FIPS":13067,"DEST_FIPS":13151,"origin_county":"COBB","destination_county":"HENRY"}},{"type":"LineString","arcs":[238],"properties":{"direction":"DtoO","ORIG_FIPS":13255,"DEST_FIPS":13121,"origin_county":"SPALDING","destination_county":"FULTON"}},{"type":"LineString","arcs":[241],"properties":{"direction":"DtoO","ORIG_FIPS":13113,"DEST_FIPS":13067,"origin_county":"FAYETTE","destination_county":"COBB"}},{"type":"LineString","arcs":[242],"properties":{"direction":"DtoO","ORIG_FIPS":13139,"DEST_FIPS":13089,"origin_county":"HALL","destination_county":"DEKALB"}},{"type":"LineString","arcs":[243],"properties":{"direction":"DtoO","ORIG_FIPS":13151,"DEST_FIPS":13067,"origin_county":"HENRY","destination_county":"COBB"}},{"type":"LineString","arcs":[249],"properties":{"direction":"DtoO","ORIG_FIPS":13063,"DEST_FIPS":13097,"origin_county":"CLAYTON","destination_county":"DOUGLAS"}},{"type":"LineString","arcs":[248],"properties":{"direction":"DtoO","ORIG_FIPS":13097,"DEST_FIPS":13063,"origin_county":"DOUGLAS","destination_county":"CLAYTON"}},{"type":"LineString","arcs":[254],"properties":{"direction":"DtoO","ORIG_FIPS":13121,"DEST_FIPS":13297,"origin_county":"FULTON","destination_county":"WALTON"}},{"type":"LineString","arcs":[253],"properties":{"direction":"DtoO","ORIG_FIPS":13063,"DEST_FIPS":13247,"origin_county":"CLAYTON","destination_county":"ROCKDALE"}},{"type":"LineString","arcs":[255],"properties":{"direction":"DtoO","ORIG_FIPS":13089,"DEST_FIPS":13223,"origin_county":"DEKALB","destination_county":"PAULDING"}},{"type":"LineString","arcs":[251],"properties":{"direction":"DtoO","ORIG_FIPS":13247,"DEST_FIPS":13063,"origin_county":"ROCKDALE","destination_county":"CLAYTON"}},{"type":"LineString","arcs":[250],"properties":{"direction":"DtoO","ORIG_FIPS":13297,"DEST_FIPS":13121,"origin_county":"WALTON","destination_county":"FULTON"}},{"type":"LineString","arcs":[252],"properties":{"direction":"DtoO","ORIG_FIPS":13223,"DEST_FIPS":13089,"origin_county":"PAULDING","destination_county":"DEKALB"}},{"type":"LineString","arcs":[257],"properties":{"direction":"DtoO","ORIG_FIPS":13097,"DEST_FIPS":13077,"origin_county":"DOUGLAS","destination_county":"COWETA"}},{"type":"LineString","arcs":[256],"properties":{"direction":"DtoO","ORIG_FIPS":13077,"DEST_FIPS":13097,"origin_county":"COWETA","destination_county":"DOUGLAS"}},{"type":"LineString","arcs":[261],"properties":{"direction":"DtoO","ORIG_FIPS":13057,"DEST_FIPS":13223,"origin_county":"CHEROKEE","destination_county":"PAULDING"}},{"type":"LineString","arcs":[260],"properties":{"direction":"DtoO","ORIG_FIPS":13089,"DEST_FIPS":13113,"origin_county":"DEKALB","destination_county":"FAYETTE"}},{"type":"LineString","arcs":[259],"properties":{"direction":"DtoO","ORIG_FIPS":13113,"DEST_FIPS":13089,"origin_county":"FAYETTE","destination_county":"DEKALB"}},{"type":"LineString","arcs":[258],"properties":{"direction":"DtoO","ORIG_FIPS":13223,"DEST_FIPS":13057,"origin_county":"PAULDING","destination_county":"CHEROKEE"}},{"type":"LineString","arcs":[263],"properties":{"direction":"DtoO","ORIG_FIPS":13135,"DEST_FIPS":13151,"origin_county":"GWINNETT","destination_county":"HENRY"}},{"type":"LineString","arcs":[262],"properties":{"direction":"DtoO","ORIG_FIPS":13151,"DEST_FIPS":13135,"origin_county":"HENRY","destination_county":"GWINNETT"}},{"type":"LineString","arcs":[266],"properties":{"direction":"DtoO","ORIG_FIPS":13121,"DEST_FIPS":13015,"origin_county":"FULTON","destination_county":"BARTOW"}},{"type":"LineString","arcs":[273],"properties":{"direction":"DtoO","ORIG_FIPS":13121,"DEST_FIPS":13217,"origin_county":"FULTON","destination_county":"NEWTON"}},{"type":"LineString","arcs":[264],"properties":{"direction":"DtoO","ORIG_FIPS":13015,"DEST_FIPS":13121,"origin_county":"BARTOW","destination_county":"FULTON"}},{"type":"LineString","arcs":[272],"properties":{"direction":"DtoO","ORIG_FIPS":13139,"DEST_FIPS":13085,"origin_county":"HALL","destination_county":"DAWSON"}},{"type":"LineString","arcs":[269],"properties":{"direction":"DtoO","ORIG_FIPS":13067,"DEST_FIPS":13045,"origin_county":"COBB","destination_county":"CARROLL"}},{"type":"LineString","arcs":[268],"properties":{"direction":"DtoO","ORIG_FIPS":13045,"DEST_FIPS":13067,"origin_county":"CARROLL","destination_county":"COBB"}},{"type":"LineString","arcs":[271],"properties":{"direction":"DtoO","ORIG_FIPS":13135,"DEST_FIPS":13063,"origin_county":"GWINNETT","destination_county":"CLAYTON"}},{"type":"LineString","arcs":[270],"properties":{"direction":"DtoO","ORIG_FIPS":13063,"DEST_FIPS":13135,"origin_county":"CLAYTON","destination_county":"GWINNETT"}},{"type":"LineString","arcs":[267],"properties":{"direction":"DtoO","ORIG_FIPS":13085,"DEST_FIPS":13139,"origin_county":"DAWSON","destination_county":"HALL"}},{"type":"LineString","arcs":[265],"properties":{"direction":"DtoO","ORIG_FIPS":13217,"DEST_FIPS":13121,"origin_county":"NEWTON","destination_county":"FULTON"}},{"type":"LineString","arcs":[280],"properties":{"direction":"DtoO","ORIG_FIPS":13089,"DEST_FIPS":13097,"origin_county":"DEKALB","destination_county":"DOUGLAS"}},{"type":"LineString","arcs":[277],"properties":{"direction":"DtoO","ORIG_FIPS":13063,"DEST_FIPS":13077,"origin_county":"CLAYTON","destination_county":"COWETA"}},{"type":"LineString","arcs":[279],"properties":{"direction":"DtoO","ORIG_FIPS":13121,"DEST_FIPS":13139,"origin_county":"FULTON","destination_county":"HALL"}},{"type":"LineString","arcs":[275],"properties":{"direction":"DtoO","ORIG_FIPS":13077,"DEST_FIPS":13063,"origin_county":"COWETA","destination_county":"CLAYTON"}},{"type":"LineString","arcs":[281],"properties":{"direction":"DtoO","ORIG_FIPS":13089,"DEST_FIPS":13057,"origin_county":"DEKALB","destination_county":"CHEROKEE"}},{"type":"LineString","arcs":[276],"properties":{"direction":"DtoO","ORIG_FIPS":13139,"DEST_FIPS":13121,"origin_county":"HALL","destination_county":"FULTON"}},{"type":"LineString","arcs":[274],"properties":{"direction":"DtoO","ORIG_FIPS":13097,"DEST_FIPS":13089,"origin_county":"DOUGLAS","destination_county":"DEKALB"}},{"type":"LineString","arcs":[278],"properties":{"direction":"DtoO","ORIG_FIPS":13057,"DEST_FIPS":13089,"origin_county":"CHEROKEE","destination_county":"DEKALB"}},{"type":"LineString","arcs":[284],"properties":{"direction":"DtoO","ORIG_FIPS":13113,"DEST_FIPS":13255,"origin_county":"FAYETTE","destination_county":"SPALDING"}},{"type":"LineString","arcs":[290],"properties":{"direction":"DtoO","ORIG_FIPS":13135,"DEST_FIPS":13217,"origin_county":"GWINNETT","destination_county":"NEWTON"}},{"type":"LineString","arcs":[282],"properties":{"direction":"DtoO","ORIG_FIPS":13255,"DEST_FIPS":13113,"origin_county":"SPALDING","destination_county":"FAYETTE"}},{"type":"LineString","arcs":[286],"properties":{"direction":"DtoO","ORIG_FIPS":13255,"DEST_FIPS":13063,"origin_county":"SPALDING","destination_county":"CLAYTON"}},{"type":"LineString","arcs":[285],"properties":{"direction":"DtoO","ORIG_FIPS":13063,"DEST_FIPS":13255,"origin_county":"CLAYTON","destination_county":"SPALDING"}},{"type":"LineString","arcs":[289],"properties":{"direction":"DtoO","ORIG_FIPS":13077,"DEST_FIPS":13045,"origin_county":"COWETA","destination_county":"CARROLL"}},{"type":"LineString","arcs":[291],"properties":{"direction":"DtoO","ORIG_FIPS":13121,"DEST_FIPS":13045,"origin_county":"FULTON","destination_county":"CARROLL"}},{"type":"LineString","arcs":[287],"properties":{"direction":"DtoO","ORIG_FIPS":13045,"DEST_FIPS":13077,"origin_county":"CARROLL","destination_county":"COWETA"}},{"type":"LineString","arcs":[283],"properties":{"direction":"DtoO","ORIG_FIPS":13217,"DEST_FIPS":13135,"origin_county":"NEWTON","destination_county":"GWINNETT"}},{"type":"LineString","arcs":[288],"properties":{"direction":"DtoO","ORIG_FIPS":13045,"DEST_FIPS":13121,"origin_county":"CARROLL","destination_county":"FULTON"}},{"type":"LineString","arcs":[295],"properties":{"direction":"DtoO","ORIG_FIPS":13139,"DEST_FIPS":13013,"origin_county":"HALL","destination_county":"BARROW"}},{"type":"LineString","arcs":[294],"properties":{"direction":"DtoO","ORIG_FIPS":13297,"DEST_FIPS":13247,"origin_county":"WALTON","destination_county":"ROCKDALE"}},{"type":"LineString","arcs":[293],"properties":{"direction":"DtoO","ORIG_FIPS":13247,"DEST_FIPS":13297,"origin_county":"ROCKDALE","destination_county":"WALTON"}},{"type":"LineString","arcs":[292],"properties":{"direction":"DtoO","ORIG_FIPS":13013,"DEST_FIPS":13139,"origin_county":"BARROW","destination_county":"HALL"}},{"type":"LineString","arcs":[298],"properties":{"direction":"DtoO","ORIG_FIPS":13089,"DEST_FIPS":13297,"origin_county":"DEKALB","destination_county":"WALTON"}},{"type":"LineString","arcs":[299],"properties":{"direction":"DtoO","ORIG_FIPS":13135,"DEST_FIPS":13057,"origin_county":"GWINNETT","destination_county":"CHEROKEE"}},{"type":"LineString","arcs":[296],"properties":{"direction":"DtoO","ORIG_FIPS":13297,"DEST_FIPS":13089,"origin_county":"WALTON","destination_county":"DEKALB"}},{"type":"LineString","arcs":[297],"properties":{"direction":"DtoO","ORIG_FIPS":13057,"DEST_FIPS":13135,"origin_county":"CHEROKEE","destination_county":"GWINNETT"}},{"type":"LineString","arcs":[301],"properties":{"direction":"DtoO","ORIG_FIPS":13121,"DEST_FIPS":13247,"origin_county":"FULTON","destination_county":"ROCKDALE"}},{"type":"LineString","arcs":[300],"properties":{"direction":"DtoO","ORIG_FIPS":13247,"DEST_FIPS":13121,"origin_county":"ROCKDALE","destination_county":"FULTON"}},{"type":"LineString","arcs":[304],"properties":{"direction":"DtoO","ORIG_FIPS":13113,"DEST_FIPS":13151,"origin_county":"FAYETTE","destination_county":"HENRY"}},{"type":"LineString","arcs":[306],"properties":{"direction":"DtoO","ORIG_FIPS":13067,"DEST_FIPS":13117,"origin_county":"COBB","destination_county":"FORSYTH"}},{"type":"LineString","arcs":[302],"properties":{"direction":"DtoO","ORIG_FIPS":13151,"DEST_FIPS":13113,"origin_county":"HENRY","destination_county":"FAYETTE"}},{"type":"LineString","arcs":[307],"properties":{"direction":"DtoO","ORIG_FIPS":13089,"DEST_FIPS":13117,"origin_county":"DEKALB","destination_county":"FORSYTH"}},{"type":"LineString","arcs":[303],"properties":{"direction":"DtoO","ORIG_FIPS":13117,"DEST_FIPS":13067,"origin_county":"FORSYTH","destination_county":"COBB"}},{"type":"LineString","arcs":[305],"properties":{"direction":"DtoO","ORIG_FIPS":13117,"DEST_FIPS":13089,"origin_county":"FORSYTH","destination_county":"DEKALB"}},{"type":"LineString","arcs":[309],"properties":{"direction":"DtoO","ORIG_FIPS":13223,"DEST_FIPS":13015,"origin_county":"PAULDING","destination_county":"BARTOW"}},{"type":"LineString","arcs":[308],"properties":{"direction":"DtoO","ORIG_FIPS":13015,"DEST_FIPS":13223,"origin_county":"BARTOW","destination_county":"PAULDING"}},{"type":"LineString","arcs":[311],"properties":{"direction":"DtoO","ORIG_FIPS":13067,"DEST_FIPS":13063,"origin_county":"COBB","destination_county":"CLAYTON"}},{"type":"LineString","arcs":[310],"properties":{"direction":"DtoO","ORIG_FIPS":13063,"DEST_FIPS":13067,"origin_county":"CLAYTON","destination_county":"COBB"}},{"type":"LineString","arcs":[313],"properties":{"direction":"DtoO","ORIG_FIPS":13217,"DEST_FIPS":13089,"origin_county":"NEWTON","destination_county":"DEKALB"}},{"type":"LineString","arcs":[312],"properties":{"direction":"DtoO","ORIG_FIPS":13089,"DEST_FIPS":13217,"origin_county":"DEKALB","destination_county":"NEWTON"}},{"type":"LineString","arcs":[315],"properties":{"direction":"DtoO","ORIG_FIPS":13297,"DEST_FIPS":13013,"origin_county":"WALTON","destination_county":"BARROW"}},{"type":"LineString","arcs":[314],"properties":{"direction":"DtoO","ORIG_FIPS":13013,"DEST_FIPS":13297,"origin_county":"BARROW","destination_county":"WALTON"}},{"type":"LineString","arcs":[317],"properties":{"direction":"DtoO","ORIG_FIPS":13297,"DEST_FIPS":13217,"origin_county":"WALTON","destination_county":"NEWTON"}},{"type":"LineString","arcs":[316],"properties":{"direction":"DtoO","ORIG_FIPS":13217,"DEST_FIPS":13297,"origin_county":"NEWTON","destination_county":"WALTON"}},{"type":"LineString","arcs":[319],"properties":{"direction":"DtoO","ORIG_FIPS":13045,"DEST_FIPS":13223,"origin_county":"CARROLL","destination_county":"PAULDING"}},{"type":"LineString","arcs":[318],"properties":{"direction":"DtoO","ORIG_FIPS":13223,"DEST_FIPS":13045,"origin_county":"PAULDING","destination_county":"CARROLL"}},{"type":"LineString","arcs":[321],"properties":{"direction":"DtoO","ORIG_FIPS":13015,"DEST_FIPS":13057,"origin_county":"BARTOW","destination_county":"CHEROKEE"}},{"type":"LineString","arcs":[320],"properties":{"direction":"DtoO","ORIG_FIPS":13057,"DEST_FIPS":13015,"origin_county":"CHEROKEE","destination_county":"BARTOW"}},{"type":"LineString","arcs":[323],"properties":{"direction":"DtoO","ORIG_FIPS":13151,"DEST_FIPS":13217,"origin_county":"HENRY","destination_county":"NEWTON"}},{"type":"LineString","arcs":[322],"properties":{"direction":"DtoO","ORIG_FIPS":13217,"DEST_FIPS":13151,"origin_county":"NEWTON","destination_county":"HENRY"}},{"type":"LineString","arcs":[329],"properties":{"direction":"DtoO","ORIG_FIPS":13121,"DEST_FIPS":13223,"origin_county":"FULTON","destination_county":"PAULDING"}},{"type":"LineString","arcs":[326],"properties":{"direction":"DtoO","ORIG_FIPS":13151,"DEST_FIPS":13247,"origin_county":"HENRY","destination_county":"ROCKDALE"}},{"type":"LineString","arcs":[325],"properties":{"direction":"DtoO","ORIG_FIPS":13247,"DEST_FIPS":13151,"origin_county":"ROCKDALE","destination_county":"HENRY"}},{"type":"LineString","arcs":[328],"properties":{"direction":"DtoO","ORIG_FIPS":13247,"DEST_FIPS":13135,"origin_county":"ROCKDALE","destination_county":"GWINNETT"}},{"type":"LineString","arcs":[327],"properties":{"direction":"DtoO","ORIG_FIPS":13135,"DEST_FIPS":13247,"origin_county":"GWINNETT","destination_county":"ROCKDALE"}},{"type":"LineString","arcs":[324],"properties":{"direction":"DtoO","ORIG_FIPS":13223,"DEST_FIPS":13121,"origin_county":"PAULDING","destination_county":"FULTON"}},{"type":"LineString","arcs":[331],"properties":{"direction":"DtoO","ORIG_FIPS":13085,"DEST_FIPS":13117,"origin_county":"DAWSON","destination_county":"FORSYTH"}},{"type":"LineString","arcs":[330],"properties":{"direction":"DtoO","ORIG_FIPS":13117,"DEST_FIPS":13085,"origin_county":"FORSYTH","destination_county":"DAWSON"}},{"type":"LineString","arcs":[333],"properties":{"direction":"DtoO","ORIG_FIPS":13255,"DEST_FIPS":13151,"origin_county":"SPALDING","destination_county":"HENRY"}},{"type":"LineString","arcs":[332],"properties":{"direction":"DtoO","ORIG_FIPS":13151,"DEST_FIPS":13255,"origin_county":"HENRY","destination_county":"SPALDING"}},{"type":"LineString","arcs":[335],"properties":{"direction":"DtoO","ORIG_FIPS":13117,"DEST_FIPS":13139,"origin_county":"FORSYTH","destination_county":"HALL"}},{"type":"LineString","arcs":[334],"properties":{"direction":"DtoO","ORIG_FIPS":13139,"DEST_FIPS":13117,"origin_county":"HALL","destination_county":"FORSYTH"}},{"type":"LineString","arcs":[337],"properties":{"direction":"DtoO","ORIG_FIPS":13117,"DEST_FIPS":13057,"origin_county":"FORSYTH","destination_county":"CHEROKEE"}},{"type":"LineString","arcs":[336],"properties":{"direction":"DtoO","ORIG_FIPS":13057,"DEST_FIPS":13117,"origin_county":"CHEROKEE","destination_county":"FORSYTH"}},{"type":"LineString","arcs":[340],"properties":{"direction":"DtoO","ORIG_FIPS":13077,"DEST_FIPS":13121,"origin_county":"COWETA","destination_county":"FULTON"}},{"type":"LineString","arcs":[341],"properties":{"direction":"DtoO","ORIG_FIPS":13045,"DEST_FIPS":13097,"origin_county":"CARROLL","destination_county":"DOUGLAS"}},{"type":"LineString","arcs":[338],"properties":{"direction":"DtoO","ORIG_FIPS":13121,"DEST_FIPS":13077,"origin_county":"FULTON","destination_county":"COWETA"}},{"type":"LineString","arcs":[339],"properties":{"direction":"DtoO","ORIG_FIPS":13097,"DEST_FIPS":13045,"origin_county":"DOUGLAS","destination_county":"CARROLL"}},{"type":"LineString","arcs":[343],"properties":{"direction":"DtoO","ORIG_FIPS":13067,"DEST_FIPS":13135,"origin_county":"COBB","destination_county":"GWINNETT"}},{"type":"LineString","arcs":[342],"properties":{"direction":"DtoO","ORIG_FIPS":13135,"DEST_FIPS":13067,"origin_county":"GWINNETT","destination_county":"COBB"}},{"type":"LineString","arcs":[345],"properties":{"direction":"DtoO","ORIG_FIPS":13121,"DEST_FIPS":13151,"origin_county":"FULTON","destination_county":"HENRY"}},{"type":"LineString","arcs":[344],"properties":{"direction":"DtoO","ORIG_FIPS":13151,"DEST_FIPS":13121,"origin_county":"HENRY","destination_county":"FULTON"}},{"type":"LineString","arcs":[348],"properties":{"direction":"DtoO","ORIG_FIPS":13223,"DEST_FIPS":13097,"origin_county":"PAULDING","destination_county":"DOUGLAS"}},{"type":"LineString","arcs":[349],"properties":{"direction":"DtoO","ORIG_FIPS":13015,"DEST_FIPS":13067,"origin_county":"BARTOW","destination_county":"COBB"}},{"type":"LineString","arcs":[346],"properties":{"direction":"DtoO","ORIG_FIPS":13097,"DEST_FIPS":13223,"origin_county":"DOUGLAS","destination_county":"PAULDING"}},{"type":"LineString","arcs":[347],"properties":{"direction":"DtoO","ORIG_FIPS":13067,"DEST_FIPS":13015,"origin_county":"COBB","destination_county":"BARTOW"}},{"type":"LineString","arcs":[351],"properties":{"direction":"DtoO","ORIG_FIPS":13151,"DEST_FIPS":13089,"origin_county":"HENRY","destination_county":"DEKALB"}},{"type":"LineString","arcs":[350],"properties":{"direction":"DtoO","ORIG_FIPS":13089,"DEST_FIPS":13151,"origin_county":"DEKALB","destination_county":"HENRY"}},{"type":"LineString","arcs":[353],"properties":{"direction":"DtoO","ORIG_FIPS":13121,"DEST_FIPS":13113,"origin_county":"FULTON","destination_county":"FAYETTE"}},{"type":"LineString","arcs":[352],"properties":{"direction":"DtoO","ORIG_FIPS":13113,"DEST_FIPS":13121,"origin_county":"FAYETTE","destination_county":"FULTON"}},{"type":"LineString","arcs":[356],"properties":{"direction":"DtoO","ORIG_FIPS":13077,"DEST_FIPS":13113,"origin_county":"COWETA","destination_county":"FAYETTE"}},{"type":"LineString","arcs":[357],"properties":{"direction":"DtoO","ORIG_FIPS":13247,"DEST_FIPS":13089,"origin_county":"ROCKDALE","destination_county":"DEKALB"}},{"type":"LineString","arcs":[354],"properties":{"direction":"DtoO","ORIG_FIPS":13113,"DEST_FIPS":13077,"origin_county":"FAYETTE","destination_county":"COWETA"}},{"type":"LineString","arcs":[355],"properties":{"direction":"DtoO","ORIG_FIPS":13089,"DEST_FIPS":13247,"origin_county":"DEKALB","destination_county":"ROCKDALE"}},{"type":"LineString","arcs":[359],"properties":{"direction":"DtoO","ORIG_FIPS":13217,"DEST_FIPS":13247,"origin_county":"NEWTON","destination_county":"ROCKDALE"}},{"type":"LineString","arcs":[358],"properties":{"direction":"DtoO","ORIG_FIPS":13247,"DEST_FIPS":13217,"origin_county":"ROCKDALE","destination_county":"NEWTON"}},{"type":"LineString","arcs":[361],"properties":{"direction":"DtoO","ORIG_FIPS":13097,"DEST_FIPS":13121,"origin_county":"DOUGLAS","destination_county":"FULTON"}},{"type":"LineString","arcs":[360],"properties":{"direction":"DtoO","ORIG_FIPS":13121,"DEST_FIPS":13097,"origin_county":"FULTON","destination_county":"DOUGLAS"}},{"type":"LineString","arcs":[363],"properties":{"direction":"DtoO","ORIG_FIPS":13013,"DEST_FIPS":13135,"origin_county":"BARROW","destination_county":"GWINNETT"}},{"type":"LineString","arcs":[362],"properties":{"direction":"DtoO","ORIG_FIPS":13135,"DEST_FIPS":13013,"origin_county":"GWINNETT","destination_county":"BARROW"}},{"type":"LineString","arcs":[365],"properties":{"direction":"DtoO","ORIG_FIPS":13113,"DEST_FIPS":13063,"origin_county":"FAYETTE","destination_county":"CLAYTON"}},{"type":"LineString","arcs":[364],"properties":{"direction":"DtoO","ORIG_FIPS":13063,"DEST_FIPS":13113,"origin_county":"CLAYTON","destination_county":"FAYETTE"}},{"type":"LineString","arcs":[367],"properties":{"direction":"DtoO","ORIG_FIPS":13063,"DEST_FIPS":13089,"origin_county":"CLAYTON","destination_county":"DEKALB"}},{"type":"LineString","arcs":[366],"properties":{"direction":"DtoO","ORIG_FIPS":13089,"DEST_FIPS":13063,"origin_county":"DEKALB","destination_county":"CLAYTON"}},{"type":"LineString","arcs":[369],"properties":{"direction":"DtoO","ORIG_FIPS":13297,"DEST_FIPS":13135,"origin_county":"WALTON","destination_county":"GWINNETT"}},{"type":"LineString","arcs":[368],"properties":{"direction":"DtoO","ORIG_FIPS":13135,"DEST_FIPS":13297,"origin_county":"GWINNETT","destination_county":"WALTON"}},{"type":"LineString","arcs":[373],"properties":{"direction":"DtoO","ORIG_FIPS":13089,"DEST_FIPS":13067,"origin_county":"DEKALB","destination_county":"COBB"}},{"type":"LineString","arcs":[372],"properties":{"direction":"DtoO","ORIG_FIPS":13121,"DEST_FIPS":13057,"origin_county":"FULTON","destination_county":"CHEROKEE"}},{"type":"LineString","arcs":[371],"properties":{"direction":"DtoO","ORIG_FIPS":13057,"DEST_FIPS":13121,"origin_county":"CHEROKEE","destination_county":"FULTON"}},{"type":"LineString","arcs":[370],"properties":{"direction":"DtoO","ORIG_FIPS":13067,"DEST_FIPS":13089,"origin_county":"COBB","destination_county":"DEKALB"}},{"type":"LineString","arcs":[377],"properties":{"direction":"DtoO","ORIG_FIPS":13097,"DEST_FIPS":13067,"origin_county":"DOUGLAS","destination_county":"COBB"}},{"type":"LineString","arcs":[376],"properties":{"direction":"DtoO","ORIG_FIPS":13139,"DEST_FIPS":13135,"origin_county":"HALL","destination_county":"GWINNETT"}},{"type":"LineString","arcs":[375],"properties":{"direction":"DtoO","ORIG_FIPS":13135,"DEST_FIPS":13139,"origin_county":"GWINNETT","destination_county":"HALL"}},{"type":"LineString","arcs":[374],"properties":{"direction":"DtoO","ORIG_FIPS":13067,"DEST_FIPS":13097,"origin_county":"COBB","destination_county":"DOUGLAS"}},{"type":"LineString","arcs":[379],"properties":{"direction":"DtoO","ORIG_FIPS":13135,"DEST_FIPS":13117,"origin_county":"GWINNETT","destination_county":"FORSYTH"}},{"type":"LineString","arcs":[378],"properties":{"direction":"DtoO","ORIG_FIPS":13117,"DEST_FIPS":13135,"origin_county":"FORSYTH","destination_county":"GWINNETT"}},{"type":"LineString","arcs":[381],"properties":{"direction":"DtoO","ORIG_FIPS":13151,"DEST_FIPS":13063,"origin_county":"HENRY","destination_county":"CLAYTON"}},{"type":"LineString","arcs":[380],"properties":{"direction":"DtoO","ORIG_FIPS":13063,"DEST_FIPS":13151,"origin_county":"CLAYTON","destination_county":"HENRY"}},{"type":"LineString","arcs":[383],"properties":{"direction":"DtoO","ORIG_FIPS":13223,"DEST_FIPS":13067,"origin_county":"PAULDING","destination_county":"COBB"}},{"type":"LineString","arcs":[382],"properties":{"direction":"DtoO","ORIG_FIPS":13067,"DEST_FIPS":13223,"origin_county":"COBB","destination_county":"PAULDING"}},{"type":"LineString","arcs":[385],"properties":{"direction":"DtoO","ORIG_FIPS":13117,"DEST_FIPS":13121,"origin_county":"FORSYTH","destination_county":"FULTON"}},{"type":"LineString","arcs":[384],"properties":{"direction":"DtoO","ORIG_FIPS":13121,"DEST_FIPS":13117,"origin_county":"FULTON","destination_county":"FORSYTH"}},{"type":"LineString","arcs":[387],"properties":{"direction":"DtoO","ORIG_FIPS":13057,"DEST_FIPS":13067,"origin_county":"CHEROKEE","destination_county":"COBB"}},{"type":"LineString","arcs":[386],"properties":{"direction":"DtoO","ORIG_FIPS":13067,"DEST_FIPS":13057,"origin_county":"COBB","destination_county":"CHEROKEE"}},{"type":"LineString","arcs":[389],"properties":{"direction":"DtoO","ORIG_FIPS":13063,"DEST_FIPS":13121,"origin_county":"CLAYTON","destination_county":"FULTON"}},{"type":"LineString","arcs":[388],"properties":{"direction":"DtoO","ORIG_FIPS":13121,"DEST_FIPS":13063,"origin_county":"FULTON","destination_county":"CLAYTON"}},{"type":"LineString","arcs":[391],"properties":{"direction":"DtoO","ORIG_FIPS":13121,"DEST_FIPS":13135,"origin_county":"FULTON","destination_county":"GWINNETT"}},{"type":"LineString","arcs":[390],"properties":{"direction":"DtoO","ORIG_FIPS":13135,"DEST_FIPS":13121,"origin_county":"GWINNETT","destination_county":"FULTON"}},{"type":"LineString","arcs":[393],"properties":{"direction":"DtoO","ORIG_FIPS":13135,"DEST_FIPS":13089,"origin_county":"GWINNETT","destination_county":"DEKALB"}},{"type":"LineString","arcs":[392],"properties":{"direction":"DtoO","ORIG_FIPS":13089,"DEST_FIPS":13135,"origin_county":"DEKALB","destination_county":"GWINNETT"}},{"type":"LineString","arcs":[395],"properties":{"direction":"DtoO","ORIG_FIPS":13067,"DEST_FIPS":13121,"origin_county":"COBB","destination_county":"FULTON"}},{"type":"LineString","arcs":[394],"properties":{"direction":"DtoO","ORIG_FIPS":13121,"DEST_FIPS":13067,"origin_county":"FULTON","destination_county":"COBB"}},{"type":"LineString","arcs":[397],"properties":{"direction":"DtoO","ORIG_FIPS":13089,"DEST_FIPS":13121,"origin_county":"DEKALB","destination_county":"FULTON"}},{"type":"LineString","arcs":[396],"properties":{"direction":"DtoO","ORIG_FIPS":13121,"DEST_FIPS":13089,"origin_county":"FULTON","destination_county":"DEKALB"}}]}},"arcs":[[[-84.72647442384708,34.219208966550624],[-83.82424402384709,34.02352336655062]],[[-84.13286001838622,34.357377946548866],[-83.87657921838623,33.64597314654887]],[[-83.94274996552602,34.238211824350614],[-84.95078276552601,33.65099822435061]],[[-83.90983637325583,34.21626440199995],[-84.66469077325583,33.44558280199995]],[[-83.86071362201923,34.20879124983863],[-84.23223282201924,33.36406164983863]],[[-83.88786898161378,33.64190605345114],[-84.14414978161378,34.353310853451134]],[[-84.23175251250512,33.33780838975831],[-83.77461011250512,33.923658789758306]],[[-83.84678912127404,33.821623129504104],[-84.73214272127403,34.186632729504105]],[[-83.82678757615292,34.01179603344937],[-84.72901797615292,34.207481633449376]],[[-83.84771876733656,33.9464105860181],[-84.94137476733655,33.6180761860181]],[[-83.76514948749488,33.916276610241695],[-84.22229188749489,33.3304262102417]],[[-84.72756887872596,34.19772687049589],[-83.84221527872597,33.83271727049589]],[[-84.94608612774299,33.608592929630944],[-83.869306927743,33.767603329630944]],[[-84.41959899904899,33.47664988429005],[-83.79445339904899,33.94008908429005]],[[-83.95262832725322,33.61835346095055],[-84.74489712725322,34.16458706095055]],[[-84.75323403159824,33.912556217712364],[-83.84645083159823,33.80139461771236]],[[-84.30926074590029,33.35803641342741],[-84.46291754590028,34.144444413427415]],[[-83.86755387225702,33.75573207036905],[-84.94433307225701,33.59672167036905]],[[-83.82781742988585,33.9799405602113],[-84.75147742988584,33.9217781602113]],[[-84.66268764493181,33.401795904627996],[-83.83908684493181,33.74427430462799]],[[-84.13505139004432,34.12804953590712],[-84.26233459004433,33.35636953590712]],[[-83.78730700095102,33.93044911570995],[-84.41245260095101,33.467009915709944]],[[-84.23661193786313,34.38709655111322],[-84.79402953786312,33.96807735111321]],[[-83.88239922915315,34.22291764713541],[-84.42192162915315,33.50059924713541]],[[-84.27417460995568,33.35832246409288],[-84.14689140995567,34.130002464092875]],[[-84.34484460194457,33.63329773991618],[-84.19512940194457,34.35524493991618]],[[-83.92239756025442,34.27155596409375],[-84.76043436025442,33.95451436409375]],[[-84.80124006213687,33.977669448886786],[-84.24382246213688,34.396688648886794]],[[-84.76468043974556,33.96573803590625],[-83.92664363974556,34.28277963590625]],[[-83.8344793550682,33.733194095372],[-84.65808015506819,33.390715695372]],[[-84.76737335983503,34.16327239302473],[-84.21829255983502,33.53540519302473]],[[-84.67642257728181,33.768345442424646],[-83.91785217728182,34.260333442424646]],[[-84.43153577084685,33.507780352864586],[-83.89201337084685,34.230098752864585]],[[-83.91132242271817,34.250265557575354],[-84.66989282271817,33.758277557575354]],[[-84.80035826380032,34.157740595118824],[-84.52327346380032,33.49861579511882]],[[-84.45114025409971,34.146745586572585],[-84.29748345409972,33.360337586572584]],[[-84.18337939805545,34.352808260083826],[-84.33309459805545,33.630861060083824]],[[-84.71290962626838,33.77982018962063],[-84.23495842626839,34.373785789620634]],[[-84.75564131847635,34.18432239387213],[-84.10454291847635,33.717445593872135]],[[-84.66405182426959,33.73673515543609],[-83.81985822426961,33.96984395543608]],[[-84.53433573619968,33.493965404881166],[-84.81142053619968,34.15309020488117]],[[-84.11153568152365,33.70769360612787],[-84.76263408152364,34.17457040612786]],[[-84.8268286260257,34.14989172390808],[-84.76507582602571,33.44240372390808]],[[-84.97489751018122,33.59591014721614],[-84.13237351018122,33.653053347216144]],[[-84.22732564016496,33.52750560697527],[-84.77640644016498,34.155372806975265]],[[-84.76357073664623,33.88959433059047],[-83.94987233664624,33.59720873059047]],[[-84.7770303739743,33.44136027609192],[-84.83878317397429,34.14884827609192]],[[-84.22560937373161,34.366262810379375],[-84.70356057373161,33.77229721037937]],[[-84.13156148981878,33.64108085278386],[-84.97408548981878,33.58393765278385]],[[-84.34697487691953,33.32287291086385],[-84.81349247691954,33.85056091086385]],[[-84.95670974367302,33.58600277077041],[-83.97301534367301,33.56378917077041]],[[-83.91723401207112,33.61986690215337],[-84.41807161207113,34.17097250215337]],[[-83.97328625632699,33.551792229229584],[-84.95698065632699,33.574005829229584]],[[-83.95393026335377,33.58591566940953],[-84.76762866335376,33.87830126940953]],[[-84.40919098792888,34.17904309784664],[-83.90835338792887,33.62793749784664]],[[-84.75223157011415,33.9337544397887],[-83.82857157011416,33.99191683978869]],[[-83.81666417573041,33.958276844563905],[-84.66085777573039,33.72516804456391]],[[-84.80450212308047,33.85850908913615],[-84.33798452308046,33.33082108913615]],[[-84.7043483660787,33.444193764888134],[-84.1937299660787,34.14182576488813]],[[-84.66502562163133,33.71576834661869],[-83.83770882163132,33.77955314661868]],[[-84.07638182211726,33.70954080795276],[-84.43604902211726,34.18128960795276]],[[-84.46271987835034,33.49754256247907],[-84.16743347835035,34.14681136247906]],[[-84.1840466339213,34.13473823511186],[-84.6946650339213,33.43710623511186]],[[-84.15651012164966,34.141843437520926],[-84.45179652164965,33.49257463752093]],[[-84.121859239273,34.381298807504635],[-83.772493639273,33.851118007504624]],[[-84.67331280812557,33.379461755034164],[-83.94279680812556,33.54071615503416]],[[-83.78251376072703,33.844515192495365],[-84.13187936072703,34.374695992495376]],[[-83.92137897074264,34.30291668528172],[-84.73798617074263,34.23972308528172]],[[-83.84761144318435,34.228249301639906],[-84.11513784318436,33.53718850163991]],[[-84.12632855681565,33.541520698360095],[-83.85880215681564,34.23258149836009]],[[-84.98768297214006,33.65202881517328],[-84.22388617214007,34.16619281517328]],[[-84.49923527865498,34.153009819409164],[-84.72891367865498,33.44064981940916]],[[-84.39882384961457,34.20275387030508],[-83.80490144961458,33.832872270305074]],[[-84.21718502785994,34.15623818482671],[-84.98098182785994,33.64207418482671]],[[-84.42650617788274,34.188565192047236],[-84.06683897788274,33.716816392047235]],[[-84.11252982638597,33.67511869745301],[-84.78505782638597,33.888147497453005]],[[-84.74033472134502,33.444332180590834],[-84.51065632134502,34.15669218059084]],[[-84.73891202925736,34.251687314718275],[-83.92230482925737,34.31488091471828]],[[-84.78143417361402,33.89958730254699],[-84.10890617361402,33.686558502546994]],[[-84.99799254790126,33.556153546879706],[-84.36147894790126,33.29863754687971]],[[-84.36597945209873,33.28751345312029],[-85.00249305209873,33.545029453120286]],[[-83.81124515038543,33.822686129694915],[-84.40516755038543,34.19256772969492]],[[-84.23325530705701,33.31731031919244],[-83.792989707057,33.73383671919243]],[[-84.12197655618168,34.14800864410822],[-84.14526695618169,33.529997444108226]],[[-83.83678637836867,33.76758865338131],[-84.66410317836868,33.70380385338132]],[[-84.42074726579447,33.45606608094871],[-83.81247846579448,33.7501812809487]],[[-84.12054859992928,34.4034368485484],[-83.75430619992929,34.0425800485484]],[[-83.80725473420553,33.739377919051286],[-84.41552353420552,33.44526271905129]],[[-83.784742692943,33.72511968080756],[-84.225008292943,33.308593280807564]],[[-83.76272840007073,34.0340321514516],[-84.12897080007072,34.3948889514516]],[[-83.94021019187443,33.528998244965834],[-84.67072619187444,33.36774384496584]],[[-84.15725844381832,33.53044935589178],[-84.13396804381831,34.14846055589177]],[[-83.88322777397256,33.61978523285896],[-84.10312537397257,34.15616283285896]],[[-84.39801430540051,34.22452686005821],[-83.7872151054005,34.023969260058216]],[[-84.6752523553423,33.69305779151963],[-83.9410203553423,33.57561859151962]],[[-84.09202222602744,34.16071476714104],[-83.87212462602743,33.624337167141036]],[[-83.9429156446577,33.56376920848037],[-84.6771476446577,33.68120840848038]],[[-83.77379143698067,33.943146950783664],[-84.28974903698068,33.58205655078367]],[[-84.77529347582804,34.26418631632509],[-84.23930547582803,34.42935751632509]],[[-83.7909586945995,34.012568139941784],[-84.4017578945995,34.21312573994178]],[[-84.29662956301934,33.59188804921633],[-83.78067196301933,33.952978449216324]],[[-84.49837430001581,33.4970292065211],[-84.48402790001582,34.1610260065211]],[[-83.86862883520149,34.235880498198775],[-84.2989632352015,33.61591089819878]],[[-84.98641042547894,33.57574195607133],[-84.24590402547892,33.47189475607134]],[[-84.30882116479852,33.62275350180123],[-83.87848676479851,34.242723101801225]],[[-84.23577152417197,34.41788968367491],[-84.77175952417197,34.252718483674904]],[[-84.43847283768493,34.167066379226725],[-84.18082323768493,33.53432717922673]],[[-84.41089788399024,33.60801287868496],[-84.79717068399023,34.16478887868495]],[[-84.47203069998419,34.1607667934789],[-84.48637709998418,33.4967699934789]],[[-84.10930718883563,34.16937696838861],[-84.03057998883563,33.71235616838862]],[[-84.19193716231507,33.52980162077328],[-84.44958676231506,34.16254082077327]],[[-84.01169070482362,33.722257089533976],[-83.84618190482362,34.252327489533975]],[[-84.6919336827057,33.38907728145987],[-84.1025880827057,33.62968848145987]],[[-84.22877741292464,33.49470658704953],[-84.79928781292465,33.86872578704952]],[[-84.78731111600976,34.17162912131504],[-84.40103831600977,33.61485312131505]],[[-84.04240581116437,33.710319031611384],[-84.12113301116437,34.16733983161138]],[[-83.83472729517638,34.24875091046602],[-84.00023609517638,33.71868051046602]],[[-84.18556357168781,34.16846663069718],[-84.6998979716878,33.74952823069719]],[[-84.24757057452106,33.46001104392867],[-84.98807697452108,33.56385824392866]],[[-84.0980523172943,33.61857871854013],[-84.6873979172943,33.377967518540125]],[[-83.81681307906035,34.2403801717544],[-83.84115147906034,33.630952971754404]],[[-84.11467643240714,33.510791205453096],[-83.76152683240714,33.942972805453095]],[[-83.85314192093965,33.6314318282456],[-83.82880352093966,34.2408590282456]],[[-84.53216200101667,34.173739087561216],[-85.01501880101667,33.64484708756121]],[[-83.75223456759288,33.935379794546904],[-84.10538416759287,33.503198194546904]],[[-85.02388099898333,33.65293791243878],[-84.54102419898334,34.181829912438786]],[[-84.3365879343825,33.30054406361862],[-84.7236391343825,33.65328566361862]],[[-84.79270858707535,33.878761412950475],[-84.22219818707535,33.50474221295048]],[[-84.04408381062429,33.88950636767892],[-84.25249021062429,33.32887436767892]],[[-84.7155560656175,33.662154936381384],[-84.3285048656175,33.30941333638138]],[[-84.70747642831218,33.758832369302816],[-84.19314202831218,34.17777076930281]],[[-84.2637381893757,33.33305563232108],[-84.0553317893757,33.893687632321075]],[[-84.10116918749999,33.65298263189277],[-84.69423078749999,33.69106503189277]],[[-84.69346181249999,33.70304036810723],[-84.10040021249999,33.66495796810723]],[[-84.1272459283349,33.91813893117723],[-84.9721659283349,33.61502293117723]],[[-84.9762180716651,33.62631806882276],[-84.1312980716651,33.929434068822765]],[[-84.43105529502354,33.43387233732201],[-83.91587129502354,33.546763537322015]],[[-84.09381387645833,33.8962186042536],[-84.68555547645833,33.4096346042536]],[[-83.91330270497646,33.53504166267799],[-84.42848670497646,33.42215046267798]],[[-84.19700571098774,34.18943724091039],[-84.79080651098774,33.94544524091039]],[[-84.45016023878439,33.44326731772153],[-84.0761466387844,33.63551531772153]],[[-84.0706607612156,33.62484268227847],[-84.4446743612156,33.43259468227847]],[[-84.14264312455356,34.15518822818272],[-84.32874152455356,33.60826822818273]],[[-84.79536728901225,33.95654475908961],[-84.20156648901225,34.20053675908961]],[[-84.69317712354167,33.4189033957464],[-84.10143552354167,33.9054873957464]],[[-84.34010187544645,33.61213377181728],[-84.15400347544644,34.15905377181727]],[[-84.3189292478197,33.32657060735318],[-84.55294444781968,33.871002607353184]],[[-84.5419197521803,33.87574139264682],[-84.30790455218032,33.33130939264682]],[[-84.22675385790072,33.83925506775098],[-84.18210105790072,34.37748706775099]],[[-84.49064821290249,33.952592555507024],[-83.79949061290249,33.99401095550702]],[[-84.85881746054618,34.170244752611744],[-85.05024306054618,33.646224752611744]],[[-84.04738346851057,33.61159106811703],[-84.25339386851059,33.29693186811703]],[[-84.82516673539304,33.873394739636176],[-84.52665233539305,33.46811793963618]],[[-84.17014214209928,34.37649493224902],[-84.21479494209927,33.83826293224901]],[[-84.53631426460696,33.46100126036382],[-84.83482866460695,33.86627806036382]],[[-84.26343353148943,33.30350493188297],[-84.05742313148941,33.61816413188297]],[[-85.06151453945382,33.65034224738825],[-84.87008893945382,34.17436224738825]],[[-84.1072652017973,33.983604968408486],[-84.7607596017973,34.20450896840848]],[[-83.79877278709752,33.98203244449297],[-84.48993038709752,33.940614044492975]],[[-84.7569167982027,34.21587703159151],[-84.1034223982027,33.99497303159151]],[[-84.08143673129791,34.18505876099351],[-83.76845433129792,33.82990516099351]],[[-84.49128068915748,33.931332679516295],[-83.81699988915749,33.8034270795163]],[[-84.29745093887274,33.57140757929312],[-83.79837013887274,33.763173979293114]],[[-84.37545544283883,33.61104296512972],[-84.47029704283882,34.17269096512972]],[[-84.24413362045853,33.29526554539559],[-83.89695282045854,33.53056794539558]],[[-83.89022037954147,33.52063445460441],[-84.23740117954146,33.28533205460442]],[[-83.79406606112727,33.75197242070688],[-84.29314686112727,33.560206020706886]],[[-83.7774572687021,33.82197123900648],[-84.09043966870209,34.17712483900648]],[[-83.99966282904954,33.692185601968454],[-83.74853082904954,33.96337680196846]],[[-83.81923631084253,33.7916373204837],[-84.49351711084252,33.9195429204837]],[[-84.45846455716118,34.17468903487028],[-84.36362295716118,33.613041034870285]],[[-84.54073724359094,33.99548042696383],[-84.21582204359093,34.39775562696383]],[[-84.20648675640906,34.39021557303617],[-84.53140195640907,33.987940373036174]],[[-84.21780873948406,33.47229566797106],[-84.70885273948406,33.67136846797106]],[[-83.73972617095046,33.95522339803154],[-83.99085817095046,33.68403219803154]],[[-84.76887529774683,34.24257311065446],[-84.19650409774684,34.23271711065446]],[[-84.06615672624933,33.90298891324378],[-84.44256632624933,33.464768113243785]],[[-84.19671070225317,34.220718889345534],[-84.76908190225316,34.23057488934553]],[[-84.50012687200568,34.18684421822075],[-84.73352127200569,33.75317781822075]],[[-83.84216874535852,33.60062832867834],[-83.73220714535853,33.951176328678336]],[[-84.43023595963777,33.53994012177067],[-85.00793435963776,33.57269612177066]],[[-84.74408812799432,33.75886478177925],[-84.51069372799431,34.19253118177925]],[[-83.72075725464148,33.94758467132166],[-83.83071885464147,33.59703667132166]],[[-84.45166927375067,33.472587086756214],[-84.07525967375067,33.91080788675621]],[[-84.70434426051594,33.68248933202894],[-84.21330026051594,33.48341653202895]],[[-85.00725504036224,33.58467687822933],[-84.42955664036225,33.55192087822934]],[[-84.77963340457478,33.40906884315232],[-84.86281580457478,33.86270884315232]],[[-84.78117938586779,33.75460754512155],[-84.8392161858678,34.183401945121545]],[[-84.82732461413221,34.18501145487845],[-84.7692878141322,33.756217054878455]],[[-84.50121694441913,33.9080820993637],[-83.92002094441912,33.598952499363705]],[[-84.85101259542523,33.86487315684768],[-84.76783019542523,33.41123315684768]],[[-83.74835043814466,33.83411830208539],[-83.81709683814465,34.2623215020854]],[[-83.80524856185535,34.2642236979146],[-83.73650216185536,33.836020497914596]],[[-83.92565605558087,33.5883579006363],[-84.50685205558088,33.897487500636295]],[[-84.5036579292157,33.984338503502926],[-83.89812352921571,34.28463610350292]],[[-84.41222522629512,33.57488589522017],[-84.81992762629513,33.877813895220164]],[[-83.8927920707843,34.27388549649707],[-84.49832647078429,33.97358789649708]],[[-84.81277077370488,33.88744610477983],[-84.40506837370488,33.58451810477984]],[[-85.01958071810613,33.571657980567736],[-84.55107031810613,33.43655318056774]],[[-83.88475076179539,34.30354445860776],[-84.40992676179539,34.24522285860776]],[[-84.55439528189387,33.42502301943226],[-85.02290568189387,33.56012781943225]],[[-84.09611150300975,33.930025009839476],[-84.69156910300974,33.72213460983948]],[[-84.1077299797351,33.9515651349177],[-84.78265397973509,33.9186211349177]],[[-84.0808836166193,34.20748483028565],[-83.7510244166193,34.021655230285646]],[[-84.31040577671939,33.74675159015545],[-84.9931665767194,33.595792390155445]],[[-84.41125123820461,34.25714954139224],[-83.88607523820461,34.31547114139224]],[[-84.9957572232806,33.607509409844546],[-84.3129964232806,33.75846860984455]],[[-84.7832390202649,33.9306068650823],[-84.10831502026491,33.9635508650823]],[[-84.29140121713424,33.813333968943574],[-84.78273641713425,34.18639476894357]],[[-84.28434601010183,33.312620402176044],[-84.23809881010183,33.72109560217604]],[[-84.22617498989817,33.71974559782395],[-84.27242218989817,33.311270397823954]],[[-83.77217197468923,33.74395963923081],[-84.10844477468923,33.48110203923082]],[[-83.7569143833807,34.01120016971434],[-84.0867735833807,34.19702976971435]],[[-84.11583502531077,33.49055636076919],[-83.77956222531077,33.75341396076918]],[[-84.69552449699025,33.73346399016052],[-84.10006689699026,33.94135439016052]],[[-84.77547978286576,34.19595203105642],[-84.28414458286575,33.822891231056424]],[[-84.51890355884312,33.91802294600023],[-84.07887795884312,33.68825014600022]],[[-84.21412253346102,33.437097912982715],[-84.70145053346101,33.35747711298271]],[[-84.08443244115688,33.67761305399977],[-84.52445804115688,33.90738585399978]],[[-84.44895559589717,34.26895148632349],[-84.20439879589718,34.42925068632349]],[[-84.19782040410281,34.419214513676515],[-84.44237720410281,34.25891531367651]],[[-84.70338546653898,33.369320087017286],[-84.21605746653898,33.448940887017294]],[[-84.04408532153116,34.00818835883794],[-84.16159172153115,34.39426355883795]],[[-84.15011167846885,34.39775764116206],[-84.03260527846885,34.01168244116205]],[[-84.52589778922354,33.43855648091474],[-84.74494578922352,33.66888688091474]],[[-84.73625021077646,33.67715651908526],[-84.51720221077647,33.44682611908526]],[[-84.3070902480503,33.549151778204774],[-83.90109424805028,33.559694178204765]],[[-83.9007827519497,33.54769822179523],[-84.30677875194972,33.53715582179524]],[[-84.27636804470346,33.72494212981906],[-84.70595044470348,33.39051492981906]],[[-84.39369832304018,33.81601626470666],[-83.7897863230402,33.97866186470665]],[[-84.58963022545764,33.880812616367336],[-84.73895022545764,33.41042861636734]],[[-84.71332195529654,33.39998387018093],[-84.28373955529652,33.73441107018093]],[[-84.75038777454236,33.41405938363266],[-84.60106777454236,33.88444338363266]],[[-84.44338162282992,33.85781014345527],[-84.20571202282993,34.38131254345527]],[[-84.33321986998925,33.264250902962644],[-84.71655506998924,33.33829890296264]],[[-84.19478537717008,34.37635185654474],[-84.43245497717007,33.85284945654473]],[[-84.71427913001075,33.350081097037354],[-84.33094393001076,33.276033097037356]],[[-84.17737207406556,33.79916055131802],[-83.76647687406557,33.97653575131802]],[[-84.44361202578229,33.738957360037375],[-84.29684242578229,33.315752560037375]],[[-83.78666567695981,33.96707473529334],[-84.3905776769598,33.80442913529335]],[[-83.76172092593444,33.96551844868198],[-84.17261612593443,33.78814324868198]],[[-84.56250458052834,33.8896006382313],[-84.49649258052834,33.467579838231295]],[[-84.19050713610241,33.82959824540961],[-83.86523513610243,34.265852645409616]],[[-84.52989511193172,33.89650584800233],[-84.19188711193172,33.505742648002325]],[[-84.30817997421771,33.311820639962626],[-84.45494957421771,33.73502543996263]],[[-84.50834841947166,33.4657253617687],[-84.57436041947166,33.8877461617687]],[[-83.85561486389759,34.25867975459038],[-84.18088686389757,33.82242535459038]],[[-84.20096288806829,33.497892151997675],[-84.53897088806829,33.88865535199768]],[[-84.40089312167723,33.55224359719736],[-84.72912912167723,33.68022519719736]],[[-84.72476987832277,33.691405402802644],[-84.39653387832277,33.563423802802646]],[[-84.39417934547761,33.79505681176412],[-83.80714414547761,33.788378411764114]],[[-84.32650949493109,33.558754961041025],[-84.06168389493108,33.64865416104102]],[[-84.2918103043875,33.7805374642737],[-84.8045751043875,33.8997502642737]],[[-84.05782650506892,33.63729103895898],[-84.32265210506893,33.54739183895898]],[[-83.80728065452239,33.77637918823588],[-84.39431585452239,33.783057588235884]],[[-84.8018576956125,33.9114385357263],[-84.2890928956125,33.7922257357263]],[[-84.76151503328673,33.66705629472649],[-84.75779903328673,33.38836269472649]],[[-84.76979796671328,33.38820270527351],[-84.77351396671328,33.66689630527351]],[[-84.51151994200333,34.206932187771486],[-84.82438074200334,33.94821218777148]],[[-84.24833490295542,33.73212519827815],[-84.46258530295543,33.44606119827815]],[[-84.47219009704457,33.45325480172185],[-84.25793969704456,33.73931880172184]],[[-84.83202805799667,33.957459812228514],[-84.51916725799666,34.21617981222852]],[[-84.03089693697305,33.909314489501575],[-84.13531053697304,33.50235128950158]],[[-84.14693406302695,33.505333510498424],[-84.04252046302696,33.91229671049842]],[[-84.50952796839165,33.830844503535694],[-84.80784636839167,34.18917570353569]],[[-84.40374989705006,33.77201214245012],[-83.90979949705007,33.58410974245012]],[[-84.79862403160834,34.19685349646431],[-84.50030563160833,33.83852229646431]],[[-83.85689269144581,34.323906015256604],[-84.1375118914458,34.42588361525661]],[[-84.62351355726531,33.900675755118826],[-85.02601195726531,33.61375975511883]],[[-85.03297744273469,33.62353124488117],[-84.63047904273469,33.91044724488117]],[[-84.05236443892795,33.915956424613874],[-84.31958603892797,33.58008442461388]],[[-84.32897656107205,33.587555575386126],[-84.06175496107204,33.92342757538612]],[[-84.1334133085542,34.4371619847434],[-83.8527941085542,34.33518438474339]],[[-83.91406610294993,33.57289385754988],[-84.40801650294992,33.760796257549885]],[[-84.27975284791208,33.75856232670976],[-84.71305124791208,33.70282872670976]],[[-84.3957217527838,33.517555215227695],[-84.72024175278379,33.36684321522769]],[[-84.40662670121226,33.84723745866393],[-83.88833790121227,34.26876225866393]],[[-84.7252962472162,33.37772678477231],[-84.40077624721621,33.52843878477231]],[[-84.25664776049781,33.81591622576797],[-84.45655176049782,34.193849025767975]],[[-83.88076629878775,34.25945254133607],[-84.39905509878774,33.83792774133607]],[[-84.71458215208791,33.71473067329024],[-84.28128375208792,33.77046427329024]],[[-84.44594423950217,34.199459774232025],[-84.24604023950216,33.82152697423202]],[[-84.46963528466863,33.40344789714176],[-84.30163208466864,33.28103669714176]],[[-84.00079132958149,33.9233639599996],[-83.86201692958149,33.598034359999595]],[[-84.30869871533137,33.27133810285824],[-84.47670191533136,33.39374930285824]],[[-84.29732145295014,33.28746206450136],[-84.35613665295014,33.512222064501366]],[[-84.34452754704986,33.51525993549864],[-84.28571234704987,33.29049993549864]],[[-84.798502019327,33.37152105010106],[-85.051680419327,33.55498905010106]],[[-84.52692215920251,33.76349735504394],[-85.01666615920253,33.59780855504393]],[[-85.044638980673,33.564705949898936],[-84.791460580673,33.38123794989894]],[[-83.87305467041851,33.5933260400004],[-84.01182907041851,33.9186556400004]],[[-85.02051184079748,33.60917564495606],[-84.53076784079747,33.774864444956066]],[[-83.80336659364721,34.286322195372456],[-83.71774339364721,34.02744299537246]],[[-83.76072220528272,33.76330832665256],[-83.99497740528271,33.66144112665257]],[[-83.99976279471728,33.67244567334743],[-83.76550759471729,33.77431287334743]],[[-83.7291364063528,34.02367480462754],[-83.8147596063528,34.282554004627535]],[[-84.17722627579415,33.77848514780055],[-83.78320787579416,33.78653634780055]],[[-84.07208969957436,33.98480676756938],[-84.43415289957437,34.210582767569385]],[[-83.78296272420586,33.77453885219944],[-84.17698112420585,33.766487652199444]],[[-84.42780330042564,34.220765232430615],[-84.06574010042563,33.99498923243061]],[[-84.42176501597734,33.78205848361235],[-84.06898501597735,33.673512883612354]],[[-84.07251398402266,33.66204351638765],[-84.42529398402266,33.77058911638765]],[[-84.46085450759787,33.42376796879193],[-84.18885850759787,33.45502556879193]],[[-84.53471620176042,33.974910893432885],[-84.17341780176042,34.20215889343289]],[[-84.18748849240214,33.44310403120807],[-84.45948449240214,33.41184643120807]],[[-84.22208251461542,33.81818715762362],[-84.14104651461544,34.18139195762362]],[[-84.16702879823958,34.19200110656711],[-84.52832719823958,33.96475310656711]],[[-84.12933448538458,34.178778842376374],[-84.21037048538456,33.815574042376376]],[[-84.87061203388457,33.95273171886977],[-84.84918243388458,34.20657971886977]],[[-84.83722496611543,34.20557028113023],[-84.85865456611542,33.95172228113023]],[[-84.54952240402896,33.904350679565695],[-84.37432240402897,33.5846786795657]],[[-84.38484559597104,33.5789113204343],[-84.56004559597103,33.8985833204343]],[[-83.89079829255923,33.57146017792343],[-84.19173189255922,33.74463297792343]],[[-84.18574670744077,33.75503382207657],[-83.88481310744078,33.581861022076566]],[[-83.737693816932,33.8033045812199],[-83.72081701693199,33.972628581219894]],[[-83.70887618306801,33.971438418780096],[-83.72575298306802,33.8021144187801]],[[-83.74013148306787,33.75614961661698],[-83.83321628306786,33.57492561661698]],[[-83.84389051693213,33.580408383383016],[-83.75080571693215,33.76163238338302]],[[-85.0636358485428,33.61974786790963],[-84.89363984854279,33.88991986790963]],[[-84.8834831514572,33.883529132090366],[-85.05347915145721,33.613357132090364]],[[-84.80419639096422,34.24441416175165],[-84.51276519096423,34.249286161751655]],[[-84.51256460903578,34.23728783824835],[-84.80399580903577,34.23241583824834]],[[-84.12568488090173,33.46886428092172],[-83.88249688090174,33.550497880921725]],[[-83.87867811909827,33.53912171907828],[-84.12186611909826,33.45748811907828]],[[-84.50945913062372,33.79724916575106],[-84.82920713062373,33.90173236575106]],[[-84.14648990299114,33.47630739338512],[-84.04447230299112,33.637297793385116]],[[-84.03433609700886,33.63087460661488],[-84.13635369700887,33.469884206614886]],[[-84.03235221536401,33.68501504271404],[-84.02995621536401,33.93098784271404]],[[-84.01795678463598,33.930870957285954],[-84.02035278463599,33.68489815728596]],[[-84.82547986937627,33.91313883424894],[-84.50573186937626,33.80865563424894]],[[-84.1601176765823,34.423612726328315],[-84.12373447658231,34.248585526328306]],[[-84.1354833234177,34.246143273671684],[-84.17186652341769,34.421170473671694]],[[-84.27613499446204,33.283457351883094],[-84.17214219446204,33.4371261518831]],[[-84.16220400553796,33.43040064811691],[-84.26619680553796,33.2767318481169]],[[-84.09625081037979,34.240365588627945],[-83.85201481037979,34.31341518862795]],[[-83.84857618962022,34.30191841137205],[-84.09281218962022,34.228868811372045]],[[-84.16049261269268,34.22133522787346],[-84.44143261269268,34.236063227873466]],[[-84.44080438730732,34.248046772126536],[-84.15986438730732,34.23331877212653]],[[-84.73873054772336,33.40045607917162],[-84.50216494772336,33.74961287917162]],[[-85.05076394499221,33.600289687612],[-84.8013015449922,33.695515287612004]],[[-84.49223045227662,33.74288192082838],[-84.72879605227662,33.39372512082838]],[[-84.79702205500779,33.684304312388],[-85.0464844550078,33.589078712387995]],[[-84.52160085280566,33.94944698170156],[-84.07917925280566,33.96564698170156]],[[-84.07874014719434,33.95365501829843],[-84.52116174719434,33.93745501829843]],[[-84.43188883346546,33.7602868965744],[-84.18112643346547,33.490750896574404]],[[-84.18991216653453,33.482577103425605],[-84.44067456653453,33.7521131034256]],[[-84.85191585798148,33.9011091022408],[-84.77244945798148,33.726162702240806]],[[-84.8096593893881,34.21215749403251],[-84.5985865893881,33.97505349403251]],[[-84.78337514201851,33.7211998977592],[-84.86284154201851,33.896146297759195]],[[-84.6075496106119,33.96707450596749],[-84.8186224106119,34.20417850596749]],[[-84.1672438146428,33.48349667554427],[-84.2249894146428,33.73830307554426]],[[-84.21328618535719,33.74095532445573],[-84.15554058535719,33.48614892445574]],[[-84.4642960940186,33.751870299832554],[-84.48552969401861,33.451076699832555]],[[-84.4974999059814,33.451921700167446],[-84.47626630598138,33.752715300167445]],[[-84.73773233474236,33.36534556173335],[-84.52240033474236,33.41370876173335]],[[-84.04966061373358,33.6607630984442],[-84.20942381373357,33.7545790984442]],[[-84.51977066525764,33.40200043826665],[-84.73510266525764,33.35363723826664]],[[-84.20334738626642,33.764926901555796],[-84.04358418626643,33.6711109015558]],[[-83.87077541648591,33.55970333088176],[-84.01194581648592,33.63906013088176]],[[-84.00606558351409,33.649520669118246],[-83.86489518351408,33.57016386911825]],[[-84.73963221331782,33.71637843944565],[-84.49935061331782,33.78684163944565]],[[-84.49597378668217,33.775326560554355],[-84.73625538668217,33.704863360554356]],[[-83.74322378534548,33.984077301770526],[-83.99195978534547,33.958858901770526]],[[-83.99317021465453,33.97079769822946],[-83.74443421465453,33.99601609822946]],[[-84.48462382776323,33.43107112227493],[-84.37543582776324,33.53341992227493]],[[-84.36722917223678,33.52466487772507],[-84.47641717223676,33.42231607772507]],[[-84.34975965363282,33.56777899207595],[-84.24469725363281,33.751494192075945]],[[-84.2342803463672,33.74553700792405],[-84.33934274636721,33.561821807924055]],[[-83.76598263864643,33.79446126050305],[-83.99784183864642,33.93856686050305]],[[-83.99150736135357,33.948758739496945],[-83.75964816135358,33.80465313949694]],[[-84.26400756386288,33.78307625990045],[-84.54426996386289,33.91903305990045]],[[-84.47448682157435,33.83517864612155],[-84.48137402157434,34.19838184612155]],[[-84.46937617842565,34.19860935387845],[-84.46248897842565,33.83540615387845]],[[-84.53903243613712,33.92982974009956],[-84.25877003613711,33.793872940099554]],[[-84.75353848491012,33.72951775034861],[-84.60050248491014,33.92120815034861]],[[-83.83495173748071,34.27829832305568],[-83.9980645374807,33.99420072305568]],[[-84.0084712625193,34.000175676944316],[-83.8453584625193,34.28427327694432]],[[-84.59112451508987,33.91372124965138],[-84.74416051508986,33.72203084965138]],[[-84.03939791014605,33.98590426079053],[-84.12052111014606,34.196952260790525]],[[-84.10932008985395,34.20125773920947],[-84.02819688985394,33.99020973920947]],[[-84.17692602024168,33.45635975454871],[-84.33973402024168,33.527450954548705]],[[-84.33493197975832,33.5384482454513],[-84.17212397975833,33.4673570454513]],[[-84.83868018259304,33.92857350114918],[-84.60617778259305,33.94531750114918]],[[-84.60531581740696,33.93334849885082],[-84.83781821740695,33.91660449885082]],[[-84.15460133978783,34.17821757187783],[-84.42865413978782,33.829742371877835]],[[-84.43808666021218,33.83716042812217],[-84.16403386021219,34.185635628122164]],[[-84.48058658398783,34.211757993916784],[-84.56094498398782,33.96978199391679]],[[-84.57233341601217,33.973564006083215],[-84.49197501601218,34.21554000608321]],[[-84.37416366226675,33.5642103861463],[-84.46211806226675,33.7626551861463]],[[-84.45114733773325,33.767517613853705],[-84.36319293773325,33.56907281385371]],[[-84.42539513860086,33.81266612826708],[-84.07021913860088,33.95009332826708]],[[-84.06588886139913,33.93890187173292],[-84.42106486139912,33.80147467173292]],[[-84.03982135010725,33.93828096172731],[-84.20198055010724,33.78612416172731]],[[-84.21019164989275,33.794875038272686],[-84.04803244989276,33.947031838272686]],[[-84.56090837050324,33.92977742334742],[-84.47366277050322,33.808550223347424]],[[-84.48340262949675,33.801540576652584],[-84.57064822949677,33.92276777665258]],[[-84.25093964772313,33.76733859486707],[-84.44395644772312,33.78206819486707]],[[-84.44304335227686,33.79403340513293],[-84.25002655227686,33.779303805132926]],[[-84.95682303447398,33.66136717564938],[-83.94879023447399,34.24858077564939]],[[-84.67326362674417,33.453979598000046],[-83.91840922674417,34.22466119800005]],[[-84.24321737798077,33.368892750161365],[-83.87169817798076,34.213622350161366]],[[-84.94482523266345,33.6295694139819],[-83.85116923266345,33.95790381398189]],[[-84.73808567274678,34.17446653904945],[-83.94581687274678,33.62823293904945]],[[-83.84791096840176,33.78948378228763],[-84.75469416840177,33.900645382287635]]],"bbox":[-85.0636358485428,33.264250902962644,-83.70887618306801,34.4371619847434]}
